Species,Scientific name,Common name,Life form,Native to U.S.,Duration
ACHY,Achnatherum hymenoides,Indian rice grass,G,Native,Perennial
AGGI2,Agrostis gigantea Roth,redtop,G,Exotic,Perennial
AGOSE,Agoseris sp.,agoseris,F,Native,Perennial
AGROS2,Agrostis L.,bentgrass,G,Unknown,Annual/Perennial
AIAL,Ailanthus altissima,tree of heaven,T,Exotic,Perennial
ALGAE,.,unidentified algae,.,Unknown,Unknown
ALIN,Allionia incarnata ,trailing windmills,F,Native,Perennial
ALMA12,Alhagi maurorum Medik.,camelthorn,S,Exotic,Perennial
ALTR7,Alisma triviale,northern water plantain,F,Native,Perennial
AMAC2,Ambrosia acanthicarpa Hook.,flatspine burr ragweed,F,Native,Annual
AMAR2,Ambrosia artemisiifolia L.,annual ragweed,F,Native,Annual
AMARA,Amaranthus L.,pigweed,F,Unknown,Annual/Perennial
AMBL,Amaranthus blitoides S. Watson,mat amaranth,F,Exotic,Annual
AMBRO,Ambrosia L.,ragweed,F,Native,Annual/Perennial
AMCO3,Ambrosia confertiflora DC.,weakleaf burr ragweed,F,Native,Perennial
AMFR,Amorpha fruticosa,desert false indigo,S,Native,Perennial
AMHY,Amaranthus hybridus L.,slim amaranth,F,Native,Annual
AMORP,Amorpha sp.,false indigo,S,Native,Perennial
AMPA,Amaranthus palmeri S. Watson,carelessweed,F,Native,Annual
AMPS,Ambrosia psilostachya,Cuman ragweed,F,Native,Perennial
ANCA10,Anemopsis californica,yerba mansa,F,Native,Perennial
ANDRO2,Andropogon sp.,bluestem,G,Unknown,Perennial
APCA,Apocynum cannabinum,Indianhemp,F,Native,Perennial
ARAD,Aristida adscensionis,sixweeks threeawn,G,Native,Annual
ARAD/BOBA2,Aristida or Bouteloua,sixweeks grass,G,Native,Annual
ARAN7,Argentina anserina,silverweed cinquefoil,F,Native,Perennial
ARCA14,Artemisia carruthii Alph. Wood ex Carruth.,Carruth's sagewort,F,Native,Perennial
ARDR4,Artemisia dracunculus,tarragon,S,Native,Perennial
ARFI2,Artemisia filifolia,sand sagebrush,S,Native,Perennial
ARIST,Aristida sp.,threeawn,G,Native,Annual/Perennial
ARLU,Artemisia ludoviciana Nutt.,white sagebrush,F,Unknown,Perennial
ARPU9,Aristida purpurea,purple threeawn,G,Native,Perennial
ARTEM,Artemisia sp.,sagebrush,S,Native,Perennial
ASCLE,Asclepias sp.,milkweed,F,Native,Perennial
ASOF,Asparagus officinalis,garden asparagus,F,Introduced,Perennial
ASSP,Asclepias speciosa Torr.,showy milkweed,F,Native,Perennial
ASSU2,Asclepias subverticillata,horsetail milkweed,F,Native,Perennial
ASTER,.,unidentified aster,F,Unknown,Unknown
ATARE,Atriplex argentea Nutt. ssp. expansa (S. Watson) H.M. Hall & Clem.,silverscale saltbush,F,Native,Annual/Perennial
ATCA2,Atriplex canescens,fourwing saltbush,S,Native,Perennial
ATMI2,Atriplex micrantha,twoscale saltbush,F,Exotic,Annual
BACCH,Baccharis L.,baccharis,.,.,.
BAHY,Bassia hyssopifolia,fivehorn smotherweed ,F,Exotic,Annual
BAMU,Baileya multiradiata Harv. & A. Gray ex A. Gray,desert marigold,F,Native,Annual/Biennial/Perennial
BAPT,Baccharis pteronioides DC.,yerba de pasmo,S,Native,Perennial
BASA,Baccharis salicina Torr. & A. Gray,willow baccharis,S,Native,Perennial
BASA4,Baccharis salicina,Great Plains false willow,S,Native,Perennial
BASC5,Bassia scoparia ,kochia,F,Exotic,Annual
BICE,Bidens cernua L.,nodding beggartick,F,Native,Annual
BIFR,Bidens frondosa,devil's beggartick,F,Native,Annual
BOAR,Bouteloua aristidoides,needle grama,G,Native,Annual
BOAR/BOBA2,Bouteloua aristidoides or barbata,needle or sixweeks grama,G,Native,Annual
BOBA2,Bouteloua barbata,sixweeks grama,G,Native,Annual
BOCU,Bouteloua curtipendula (Michx.) Torr.,sideoats grama,G,Native,Perennial
BOERH2,Boerhavia L.,spiderling,F/S,Native,Annual/Perennial
BOGR2,Bouteloua gracilis (Willd. ex Kunth) Lag. ex Griffiths,blue grama,G,Native,Perennial
BOSP,Boerhavia spicata Choisy,creeping spiderling,F,Native,Annual
BOUTE,Bouteloua sp.,grama,G,Native,Unknown
BRASS2,Brassica sp.,mustard,F,.,.
BRASSI,Brassicaceae,mustard family,F,Exotic,.
BRCA6,Bromus catharticus,rescuegrass,G,Exotic,Annual/Perennial
BREUC2,Brickellia eupatorioides (L.) Shinners var. chlorolepis (Woot. & Standl.) B.L. Turner,false boneset,F,Native,Perennial
BRINI,Bromus inermis ssp. inermis,smooth brome,G,Exotic,Perennial
BRJA,Bromus japonicus,Japanese brome,G,Exotic,Annual
BROMU,Bromus L.,brome,G,Unknown,Unknown
CACA4,Calamagrostis canadensis,bluejoint,G,Native,Perennial
CADR,Cardaria draba,whitetop,F,Exotic,Perennial
CAPE42,Carex pellita Muhl. ex Willd.,woolly sedge,G,Native,Perennial
CAPR5,Carex praegracilis W. Boott,clustered field sedge,G,Native,Perennial
CARA2,Campsis radicans (L.) Seem. ex Bureau,trumpet creeper,V,.,Perennial
CAREX,Carex sp.,sedge,G,Native,Perennial
CAUT,Carex utriculata,Northwest Territory sedge,S,Native,Perennial
CESP4 ,Cenchrus spinifex Cav.,coastal sandbur ,G,Native,Annual/Perennial
CHAL7,Chenopodium album,lambsquarters,F,Unknown,Annual
CHAMA15,Chamaesyce Gray,sandmat,F,Native,Perennial
CHBE4,Chenopodium berlandieri Moq.,pitseed goosefoot,F,Native,Annual
CHENO,Chenopodium sp.,goosefoot,F,Unknown,Unknown
CHER2,Chaetopappa ericoides,rose heath,F,Native,Perennial
CHFR3,Chenopodium fremontii ,Fremont's goosefoot,F,Native,Annual
CHGE2,Chamaesyce geyeri,Geyer's sandmat,F,Native,Annual
CHIN2,Chenopodium incanum,mealy goosefoot,F,Native,Annual
CHLE4,Chenopodium leptophyllum (Moq.) Nutt. ex S. Watson,narrowleaf goosefoot,F,Native,Annual
CHNU9,Chamaesyce nutans (Lag.) Small,eyebane,F,Native,Annual/Perennial
CHPR5,Chenopodium pratericola,desert goosefoot,F,Native,Annual/Perennial
CHPR6,Chamaesyce prostrata (Aiton) Small,prostrate sandmat,F,Native,Annual/Perennial
CHPU4,Chrysothamnus pulchellus,southwestern rabbitbrush,S,Native,Perennial
CHRYS9,Chrysothamnus Nutt.,rabbitbrush,S,Native,Perennial
CHSE6,Chamaesyce serpyllifolia (Pers.) Small,thymeleaf sandmat,F,Native,Annual
CHSO,Chamaesaracha sordida (Dunal) A. Gray,hairy five eyes,F,Native,Perennial
CHSP11,Chloracantha spinosa,spiny chloracantha,F,Native,Perennial
CHVE2,Chloris verticillata Nutt.,tumble windmill grass,G,Native,Perennial
CHVI4,Chloris virgata,feather fingergrass,G,Native,Annual
CHVI8,Chrysothamnus viscidiflorus (Hook.) Nutt.,yellow rabbitbrush,S,Native,Perennial
CIAR4,Cirsium arvense (L.) Scop.,Canada thistle,F,Exotic,Perennial
CIRSI,Cirsium sp.,thistle,F,.,.
CIVU,Cirsium vulgare,bull thistle,F,Exotic,Biennial
CLCO2,Clematis columbiana,rock clematis,S,Native,Perennial
CLLI2,Clematis ligusticifolia Nutt.,western white clematis,V,Native,Perennial
CLSE,Cleome serrulata Pursh,Rocky Mountain beeplant,F,Native,Annual
COAM8,Corispermum americanum (Nutt.) Nutt.,American bugseed,F,Native,Annual
COAR4,Convolvulus arvensis,field bindweed,F,Exotic,Perennial
COCA5,Conyza canadensis,Canadian horseweed,F,Native,Annual/Biennial
COMP,.,unidentified composite,F,Unknown,Unknown
CONYZ,Conyza Less.,horseweed,F,Unknown,Annual/Biennial
CROTO,Croton sp.,croton,F,Native,Unknown
CRTE4,Croton texensis (Klotzsch) Muell.-Arg.,Texas croton,F,Native,Annual
CRYPT,Cryptantha Lehm. ex G. Don,cryptantha,F,Native,Unknown
CUFO,Cucurbita foetidissima Kunth,Missouri gourd,F/V,Native,Perennial
CYAT,Cycloloma atriplicifolium (Spreng.) J.M. Coult.,winged pigweed,F,Native,Annual
CYDA,Cynodon dactylon ,Bermudagrass,G,Exotic,Perennial
CYES ,Cyperus esculentus L.,yellow nutsedge ,G,Both,Perennial
CYGL,Cyperus glomeratus,waxy springparsley,F,Exotic,Perennial
CYIM2,Cylindropuntia imbricata (Haw.) F. M. Knuth,tree cholla,S/T,Native,Perennial
CYIMI,Cylindropuntia imbricata var. imbricata,tree cholla,S/T,Native,Perennial
CYOD,Cyperus odoratus,fragrant flatsedge,G,Native,Annual/Perennial
CYPER,Cyperus sp.,flatsedge,G,Native,Unknown
DAGL,Dactylis glomerata,orchardgrass,G,Exotic,Perennial
DALA3,Dalia lanata,woolly prairie clover,F,Native,Perennial
DALE3,Dalea leporina (Ait.) Bullock,foxtail prairie clover,F,Native,Annual
DAWR2,Datura wrightii Regel,sacred thorn-apple,F,Native,Annual/Perennial
DEIL,Desmanthus illinoensis,Illinois bundleflower,F,Native,Perennial
DESCU,Descurainia Webb & Berth.,tansymustard,F,Unknown,Unknown
DICOT,.,unidentified dicot,F,Unknown,Unknown
DISA,Digitaria sanguinalis,hairy crabgrass,G,Exotic,Annual
DISP,Distichlis spicata,inland saltgrass,G,Perennial,Native
DISP/MUAS,Distichlis or Muhlenbergia,scratchgrass or saltgrass,G,Perennial,Native
DIWI2,Dimorphocarpa wislizeni,spectaclepod,F,Native,Annual
DIWI5,Dichanthelium wilcoxianum (Vasey) Freckmann,fall rosette grass,G,.,Perennial
DYPA,Dyssodia papposa,fetid marigold,F,Native,annual
ECCR,Echinochloa crus-galli,barnyardgrass,G,Exotic,Annual
ECHIN,Echinacea Moench,purple coneflower,F,Native,Perennial
ECHIN4,Echinochloa P. Beauv.,cockspur grass,G,Unknown,Annual/Perennial
ECMUM,Echinochloa muricata (Beauv.) Fern. var. microstachya Wieg.,rough barnyardgrass,G,Native,Annual
ECPR,Eclipta prostrata (L.) L.,false daisy,F,Native,Annual/Perennial
ELAN,Elaeagnus angustifolia,Russian olive,T,Exotic,Perennial
ELCA4,Elymus canadensis,Canada wildrye,G,Native,Perennial
ELEL5,Elymus elymoides,squirreltail,G,Native,Perennial
ELEOC,Eleocharis R. Br.,spikerush,G,Native,Unknown
ELPA3,Eleocharis palustris (L.) Roem. & Schult.,common spikerush,G,Native,Perennial
ELPS,Elymus x pseudorepens,grass,G,Native,Perennial
ELTR7,Elymus trachycaulus (Link) Gould ex Shinners,slender wheatgrass,G,Native,Perennial
ELYMU,Elymus sp.,wildrye,G,Unknown,Unknown
EPCI,Epilobium ciliatum Raf.,fringed willowherb,F,Native,Perennial
EPHE,Epipactis helleborine (L.) Crantz,broadleaf helleborine,F,Exotic,Perennial
EPILO,Epilobium sp.,willowherb,F,Native,Unknown
EPWI2,Epixiphium wislizeni (Engelm. ex A. Gray) Munz,balloonbush,F/V,Native,Perennial
EQAR,Equisetum arvense L.,field horsetail,F,Native,Perennial
EQLA,Equisetum laevigatum,smooth horsetail,F,Native,Perennial
EQUIS,Equisetum sp.,horsetail,F,Native,Perennial
ERACA,Eriochloa acuminata (J. Presl) Kunth var. acuminata,.,G,.,Annual
ERAGR,Eragrostis sp.,lovegrass,G,Unknown,Unknown
ERBE2,Erigeron bellidiastrum Nutt.,western daisy fleabane,F,Native,Annual
ERCI,Eragrostis cilianensis,stinkgrass,G,Exotic,Annual
ERDI4,Erigeron divergens Torr. & Gray,spreading fleabane,F,Native,Biennial
ERHY,Eragrostis hypnoides (Lam.) B.S.P.,teal lovegrass,G,Native,Annual
ERICA2,Ericameria Nutt.,goldenbush,S,Native,Perennial
ERIGE2,Erigeron L.,fleabane,F,Native,Unknown
ERPE,Eragrostis pectinacea (Michx.) Nees ex Steud.,tufted lovegrass,G,Native,Annual/Perennial
ERPEM,Eragrostis pectinacea var. miserrima ,desert lovegrass,G,Native,Annual
ERPEP2,Eragrostis pectinacea (Michx.) Nees ex Steud. var. pectinacea,tufted lovegrass,G,Native,Annual
EUDA5,Euphorbia davidii Subils,David's spurge,F,Exotic,Annual
EUOC4,Euthamia occidentalis,western goldentop,F,Native,Perennial
EUPHO,Euphorbia sp.,spurge,F,Unknown,Unknown
FOPUP,Forestiera pubescens var. pubescens,New Mexico olive,S,Native,Perennial
FORB,.,Annual dicot seedling,F,Unknown,Annual
FRAXI,Fraxinus sp.,ash,S,Native,Perennial
FRVE2,Fraxinus velutina Torr.,velvet ash,T,Native,Perennial
FUNGI1,.,unidentified fungus,.,Unknown,Unknown
GACO5,Gaura coccinea,scarlet beeblossom,F,Native,Perennial
GAMO5,Gaura mollis,velvetweed,F,Native,Annual
GAPI,Gaillardia pinnatifida Torr.,red dome blanketflower,F,Native,Perennial
GAPU,Gaillardia pulchella,Indian blanket,F,Native,Annual/Biennial/Perennial
GAURA,Gaura L.,beeblossom,F,Native,Unknown
GAURA/OENOT,Gaura or Oenothera,.,F,Unknown,Unknown
GAVI2,Gaura villosa,woolly beeblossom,F,Native,Perennial
GLEDI,Gleditsia L.,locust,S/T,Native,Perennial
GLLE3,Glycyrrhiza lepidota,American licorice,F,Native,Perennial
GLRA,Glinus radiatus (Ruiz & Pav.) Rohrb.,spreading sweetjuice,F,.,Annual
GLTR,Gleditsia triacanthos L.,honeylocust,S/T,Native,Perennial
GRASS,.,Annual grass,G,Unknown,Annual
GRSQ,Grindelia squarrosa (Pursh) Dunal,curlycup gumweed,F,Native,Annual/Perennial
GUSA2,Gutierrezia sarothrae,broom snakeweed,S,Native,Perennial
HEAN3,Helianthus annuus,common sunflower,F,Native,Annual
HECI,Helianthus ciliaris,Texas blueweed,F,Native,Perennial
HECU3,Heliotropium curassavicum,salt heliotrope,F,Native,Annual/Perennial
HELIA3,Helianthus sp.,sunflower,F,Native,.
HENE5,Hesperostipa neomexicana,New Mexico feathergrass,G,Native,Perennial
HEPE,Helianthus petiolaris ,prairie sunflower,F,Native,Annual
HESPE11,Hesperostipa sp.,needle and thread,G,Native,Perennial
HEVI4,Heterotheca villosa (Pursh) Shinners,hairy false goldenaster,F,Native,Perennial
HITR,Hibiscus trionum L.,flower of an hour,F,Exotic,Annual
HOJU,Hordeum jubatum,foxtail barley,G,Native,Perennial
HYMEN4,Hymenopappus L'Hér.,hymenopappus,F,Native,Biennial/Perennial
IPLO2,Ipomoea longifolia,pinkthroat morning-glory,F,Native,Perennial
JUARL,Juncus arcticus ,mountain rush,G,Native,Perennial
JUBA,Juncus balticus,Baltic rush,G,Native,Perennial
JUMO,Juniperus monosperma ,oneseed juniper,T,Native,Perennial
JUNCU,Juncus L.,rush,F,Native,Unknown
JUSC2,Juniperus scopulorum,Rocky Mountain juniper,T,Native,perennial
JUTO,Juncus torreyi,Torrey's rush,G,Native,Perennial
KAPA,Kallstroemia parviflora J.B.S. Norton,warty caltrop,F,Native,Annual
LACTU,Lactuca L.,lettuce,F,Unknown,Unknown
LASE,Lactuca serriola,prickly lettuce,F,Exotic,Annual/Biennial
LATAP,Lactuca tatarica var. pulchella,blue lettuce,F,Native,Biennial/Perennial
LEFUF,Leptochloa fusca ssp. fascicularis,bearded sprangletop,G,Native,Annual
LELA2,Lepidium latifolium L.,broadleaved pepperweed,F,Exotic,Perennial
LEMNA,Lemna L.,duckweed,F,Native,Perennial
LEOR,Leersia oryzoides,rice cutgrass,G,Native,Perennial
LINUM,Linum L.,flax,F,Unknown,Annual/Biennial/Perennial
LONIC,Lonicera sp.,honeysuckle,S,Unknown,Perennial
LYAM,Lycopus americanus,American water horehound,F,Native,Perennial
LYCIU,Lycium sp.,desert-thorn,S/V,Unknown,Perennial
LYCOP4,Lycopus L.,waterhorehound,F,Unknown,Perennial
LYSA2,Lythrum salicaria L.,purple loosestrife,F,Exotic,Perennial
LYTO,Lycium torreyi,Torrey wolfberry,S,Native,Perennial
MABIB,Machaeranthera bigelovii (A. Gray) Greene var. bigelovii,Bigelow's tansyaster,F,Native,Biennial/Perennial
MACA2,Machaeranthera canescens,hoary tansyaster,F,Native,Annual/Biennial/Perennial
MACHA,Machaeranthera sp.,tansyaster,F,Native,Unknown
MALE3,Malvella leprosa (Ortega) Krapov.,alkali mallow,F,Native,Perennial
MAPIP4,Machaeranthera pinnatifida ssp. pinnatifida var. pinnatifida,lacy tansyaster,F,Native,Perennial
MARE11,Mahonia repens,creeping barberry,S,Native,Perennial
MARSI,Marsilea sp.,waterclover (fern),F,Native,Perennial
MELIL,Melilotus sp.,sweetclover,F,Exotic,Unknown
MELIL/MESA,Melilotus or Medicago,sweetclover or alfalfa,F,Exotic,Unknown
MENTZ,Mentzelia sp.,blazingstar,F,Native,Unknown
MEOF,Melilotus officinalis,white sweetclover,F,Exotic,Unknown
MEOL,Mentzelia oligosperma,chickenthief,F,Native,Perennial
MESA,Medicago sativa,alfalfa,F,Exotic,Annual
MESA/MEOF,Melilotus officinalis or Medicago,alfalfa or white sweetclover,F,Exotic,Unknown
MIGL3,Mirabilis glabra (S. Watson) Standl.,smooth four o'clock,F,Native,Perennial
MILI3,Mirabilis linearis (Pursh) Heimerl,narrowleaf four o'clock,F,Native,Perennial
MINT,.,unidentified mint,F,Unknown,Unknown
MIRAB,Mirabilis L.,four o'clock,F,Unknown,Perennial
MOAL,Morus alba,white mulberry,T,Exotic,Perennial
MOCE,Mollugo cerviana (L.) Ser.,threadstem carpetweed,F,Exotic,Annual
MOVE,Mollugo verticillata,green carpetweed,F,Native,Annual
MUAS,Muhlenbergia asperifolia,scratchgrass,G,Native,Perennial
MUHLE,Muhlenbergia Schreb.,muhly,G,Native,Annual/Perennial
MUME2,Muhlenbergia mexicana (L.) Trin.,mexican muhly,G,Native,Perennial
MUPO2,Muhlenbergia porteri Scribn. ex Beal,bush muhly,G,Native,Perennial
MUSQ3,Munroa squarrosa (Nutt.) Torr.,false buffalograss,G,Native,Annual
MUTO2,Muhlenbergia torreyi,ring muhly,G,Native,perennial
NAHI,Nama hispidum ,bristly nama,F,Native,Annual
OECI,Oenothera cinerea (Wooton & Standl.) W.L. Wagner & Hoch,high-plains beeblossom,F,.,Perennial
OECO2,Oenothera coronopifolia Torr. & A. Gray,crownleaf evening primrose,F,Native,Perennial
OECU2,Oenothera curtiflora W.L. Wagner & Hoch,velvetweed,F,Native,Annual
OEELH,Oenothera elata Kunth ssp. hirsutissima (A. Gray ex S. Watson) W. Dietr.,Hooker's evening primrose,F,Native,Biennial/Perennial
OENOT,Oenothera L.,evening-primrose,F,Native,Unknown
OEPA,Oenothera pallida,pale evening-primrose,F,Native,Biennial/Perennial
OESU3,Oenothera suffrutescens (Ser.) W.L. Wagner & Hoch,scarlet beeblossom,F,Native,Perennial
OPPH,Opuntia phaeacantha,tulip pricklypear,S,Native,Perennial
OPUNT,Opuntia sp.,pricklypear,S,Native,Perennial
PACA6,Panicum capillare L.,witchgrass,G,Native,Annual
PADI,Panicum dichotomiflorum,fall panicgrass,G,Native,Annual
PADI6,Paspalum distichum L.,knotgrass,G,.,Perennial
PANIC,Panicum sp.,panicgrass,G,Unknown,Unknown
PAOB,Panicum obtusum,vine mesquite,G,Native,Perennial
PASM,Pascopyrum smithii,western wheatgrass,G,Native,Perennial
PASP,Palafoxia sphacelata (Nutt. ex Torr.) Cory,othake,F,Native,Annual
PASPA2,Paspalum L.,crowngrass,G,Unknown,Unknown
PAVI5,Parthenocissus vitacea,thicket creeper,S,Native,perennial
PEAN,Pectis angustifolia Torr.,lemonscent,F,Native,Annual
PECTI,Pectis L.,chinchweed,F/S,Native,Annual/Perennial
PEGR9,Periploca graeca L.,silkvine,V,Exotic,Perennial
PHACE,Phacelia Juss.,phacelia,F,Native,Annual/Biennial/Perennial
PHAR3,Phalaris arundinacea L.,reed canarygrass,G,Native,Perennial
PHAU7,Phragmites australis,common reed,S,Native,Perennial
PHCO,Phacelia coerulea Greene,skyblue phacelia,F,Native,Annual
PHCRC,Phacelia crenulata var. corrugata,cleftleaf wildheliotrope,F,Native,Annual
PHHE4,Physalis hederifolia A. Gray,ivyleaf groundcherry,F,Native,Perennial
PHHE5,Physalis heterophylla Nees,clammy groundcherry,F,Native,Perennial
PHHI8,Physalis hispida,prairie groundcherry,F,Native,Perennial
PHMA18,Phoradendron macrophyllum (Engelm.) Cockerell,Colorado desert mistletoe,S,Native,Perennial
PHVI5,Physalis virginiana,Virginia groundcherry,F,Native,Perennial
PHYSA,Physalis sp.,groundcherry,F,Unknown,Unknown
PIOP,Picradeniopsis oppositifolia (Nutt.) Rydb. Ex Britt,oppositeleaf bahia,F,Native,perennial
PLANT,Plantago L.,plaintain,F/S,Unknown,Annual/Biennial/Perennial
PLJA,Pleuraphis jamesii,James' galleta,G,Native,Perennial
POA,Poa sp.,bluegrass,G,Unknown,Unknown
POCO,Poa compressa,Canada bluegrass,G,Exotic,Perennial
PODEW,Populus deltoides ssp. wislizenii,Rio Grande cottonwood,T,Native,Perennial
POHA5,Portulaca halimoides,silkcotton purslane,F,Native,Annual
POHI6,Potentilla hippiana Lehm.,woolly cinquefoil,F,Native,perennial
POLA4,Polygonum lapathifolium,curlytop knotweed,F,Native,Annual
POMO5,Polypogon monspeliensis (L.) Desf.,annual rabbitsfoot grass,G,Exotic,Annual
POOL,Portulaca oleracea,little hogweed,F,Exotic,Annual
POPR,Poa pratensis ,Kentucky bluegrass,G,Unknown,Perennial
PORTU,Portulaca sp.,purslane,F,Unknown,Unknown
POTEN,Potentilla sp.,cinquefoil,F,Unknown,Unknown
POVI9,Polypogon viridis (Gouan) Breistr.,beardless rabbitsfoot grass,G,Exotic,Perennial
PRLO,Proboscidea louisianica (P. Mill.) Thellung,ram's horn / devil's claw,F,Native,Annual
PRPU,Prosopis pubescens,screwbean mesquite,T,Native,Perennial
PSSC6,Psorothamnus scoparius,broom dalea,S,Native,Perennial
PSST7,Pseudognaphalium stramineum (Kunth) Anderb.,cottonbatting plant,F,Native,Annual/Biennial
PYPA4,Pyrrhopappus pauciflorus (D. Don) DC.,smallflower desert-chicory,F,Native,Annual/Perennial
RACO3,Ratibida columnifera (Nutt.) Wooton & Standl.,upright prairie coneflower,F,Native,Perennial
RATA,Ratibida tagetes,green prairie coneflower,F,Native,Perennial
RHTR,Rhus trilobata,skunkbush sumac,S,Native,Perennial
RIAU,Ribes aureum,golden currant,S,Native,Perennial
RONE,Robinia neomexicana,New Mexico locust,T,Native,Perennial
ROPS,Robinia pseudoacacia,black locust,T,Native,Perennial
ROWO,Rosa woodsii,Woods' rose,S,Native,Perennial
RUCR,Rumex crispus,curly dock,F,Exotic,Perennial
RUMEX,Rumex sp.,dock,F,Unknown,Unknown
SAAB,Sanvitalia abertii A. Gray,Abert's creeping zinnia,F,Native,Annual
SAAM2,Salix amygdaloides Andersson,peachleaf willow,T,Native,Perennial
SAEX,Salix exigua,narrowleaf willow,S,Native,Perennial
SAGIT,Sagittaria sp.,arrowhead,F,Native,Perennial
SAGO,Salix gooddingii,Goodding's willow,T,Native,Perennial
SALIX,Salix sp.,willow,S,Native,Perennial
SAPA8,Salsola paulsenii Litv.,barbwire Russian thistle,F,Exotic,Annual
SARA3,Saccharum ravennae (L.) L.,ravennagrass ,G,Exotic,Perennial
SATR12,Salsola fragus,prickly Russian thistle,F,Exotic,Annual
SCACO2,Schoenoplectus acutus,tule,G,Native,Perennial
SCAM6,Schoenoplectus americanus (Pers.) Volk. ex Schinz & R. Keller,chairmaker's bulrush,G,Native,Perennial
SCAR,Schismus arabicus Nees,Arabian schismus,G,Exotic,Annual
SCAR7,Schedonorus arundinaceus (Schreb.) Dumort. nom. cons.,tall fescue,G,Exotic,Perennial
SCHIZ4,Schizachyrium Nees,little bluestem,G,Native,Perennial
SCHOE6,Schoenoplectus sp.,bulrush,G,Native,Perennial
SCIRPUS,.,sedge,G,Unknown,Unknown
SCPA8,Scirpus pallidus (Britt.) Fern.,cloaked bulrush,G,Native,Perennial
SCPU10,Schoenoplectus pungens (Vahl) Palla,common threesquare,G,Native,Perennial
SCTA2,Schoenoplectus tabernaemontani (K.C. Gmel.) Palla,softstem bulrush,G,Native,Perennial
SEED,.,unidentified seedlings,U,Unknown,Unknown
SEFL3,Senecio flaccidus,threadleaf ragwort,F,Native,Perennial
SELE6,Setaria leucopila,streambed bristlegrass,G,Native,Perennial
SENEC,Senecio L.,ragwort,F/S,Unknown,Annual/Biennial/Perennial
SERI2,Senecio riddellii Torr. & A. Gray,riddell's ragwort,F,Native,Perennial
SETAR,Setaria sp.,bristlegrass,G,Unknown,Unknown
SEVE2,Sesuvium verrucosum Raf.,verrucose seapurslane,F,Native,Annual/Perennial
SEVI4,Setaria viridis,green bristlegrass,G,Exotic,Annual
SHRUB,.,unknown shrub,S,Unknown,Perennial
SIIR,Sisymbrium irio L.,London rocket,F,Exotic,Annual
SISYM,Sisymbrium L.,hedgemustard,F,Unknown,Unknown
SOAM,Solanum americanum,American black nightshade,F,.,Annual/Perennial
SOAR2,Sonchus arvensis,field sowthistle,F,Exotic,Perennial
SOAS,Sonchus asper,spiny sowthistle,F,Exotic,Annual
SOCA6,Solidago canadensis,Canada goldenrod,F,Native,Perennial
SOEL,Solanum elaeagnifolium,silverleaf nightshade,F,Native,Perennial
SOHA,Sorghum halepense,Johnsongrass,G,Exotic,Perennial
SOLAN,Solanum sp.,nightshade,F,Unknown,Unknown
SOLID,Solidago sp.,goldenrod,F,Native,Perennial
SONCH,Sonchus sp.,sowthistle,F,Exotic,Unknown
SONI,Solanum nigrum L.,black nightshade,F,Exotic,Annual/Perennial
SONU2,Sorghastrum nutans (L.) Nash,Indiangrass,G,Native,Perennial
SOTR,Solanum triflorum Nutt.,cutleaf nightshade,F,Native,Annual
SPAI,Sporobolus airoides,alkali sacaton,G,Native,Perennial
SPAN3,Sphaeralcea angustifolia,copper globemallow,F,Native,Perennial
SPCO4,Sporobolus contractus,spike dropseed,G,Native,Perennial
SPCO4/SPGI,contractus or giganteus,spike or giant dropseed,G,Native,Perennial
SPCR,Sporobolus cryptandrus,sand dropseed,G,Native,Perennial
SPCR/SPFL2,cryptandrus or flexuosus,sand or mesa dropseed,G,Native,Perennial
SPCR/SPWR2,cryptandrus or wrightii,sand dropseed or big sacaton,G,Native,Perennial
SPFL2,Sporobolus flexuosus,mesa dropseed,G,Native,Perennial
SPGI,Sporobolus giganteus,giant dropseed,G,Native,Perennial
SPGR2,Sphaeralcea grossulariifolia,gooseberryleaf globemallow,F,Native,Perennial
SPHAE,Sphaeralcea sp.,globemallow,F,Native,Perennial
SPORO,Sporobolus sp.,dropseed,G,Native,Unknown
SPSA3,Sphaerophysa salsula,alkali swainsonpea,F,Exotic,Perennial
SPWR2,Sporobolus wrightii Munro ex Scribn.,big sacaton,G,Native,Perennial
STIPA,Stipa L.,grass,G,Unknown,Unknown
STPA4,Stephanomeria pauciflora (Torr.) A. Nelson,brownplume wirelettuce,F,Native,Perennial
SUAED,Suaeda sp.,seepweed,F,Native,Perennial
SUMO,Suaeda moquinii (Torr.) Greene,Mojave seablite,F/S,Native,Perennial
SYER,Symphyotrichum ericoides,white heath aster,F,Native,Perennial
SYFAC,Symphyotrichum falcatum var. commutatum,white prairie aster,F,Native,Perennial
SYLAH6,Symphyotrichum lanceolatum (Willd.) G.L. Nesom ssp. hesperium (A. Gray) G.L. Nesom var. hesperium,white panicle aster,F,.,Perennial
SYMPH,Symphoricarpos sp.,snowberry,S,Native,Perennial
SYMPH4,Symphyotrichum,aster,F,Native,Unknown
SYPR5,Symphyotrichum praealtum,willowleaf aster,F,Native,Perennial
TACH2,Tamarix chinensis,saltcedar,T,Exotic,Perennial
TAOF,Taraxacum officinale,dandelion,F,Both,Perennial
TECA3,Teucrium canadense  L.,Canada germander,F,Native,Perennial
TECAO,Teucrium canadense var. occidentale,western germander,F,Native,Perennial
THIN6,Thinopyrum intermedium,intermediate wheatgrass,G,Exotic,Perennial
THPO7,Thinopyrum ponticum,tall wheatgrass,G,Exotic,Perennial
TILA2,Tidestromia lanuginosa,woolly tidestromia,F,Native,Annual
TOAN,Townsendia annua Beaman,annual Townsend daisy,F,Native,Annual
TRAGO,Tragopogon L.,goatsbeard,F,Exotic,Unknown
TRDU,Tragopogon dubius Scop.,yellow salsify,F,Exotic,Annual/Biennial
TRPO2,Trianthema portulacastrum L.,desert horsepurslane,F,Native,Annual/Perennial
TRTE,Tribulus terrestris,puncturevine/goathead,F,Exotic,Annual
TYDO,Typha domingensis Pers.,southern cattail,F,Native,Perennial
TYLA,Typha latifolia,broadleaf cattail,F,Native,Perennial
TYPHA,Typha sp.,cattail,F,Native,Perennial
ULPU,Ulmus pumila,Siberian elm,T,Exotic,Perennial
UNID,.,unknown,.,.,.
UNIDF2,.,forb,F,.,.
UNIDG1,.,grass,G,.,.
UNIDG2,.,grass,G,.,.
UNK,.,unknown,.,.,.
VEAN2,Veronica anagallis-aquatica L.,water speedwell,F,Native,Biennial/Perennial
VEBR,Verbena bracteata Cav. ex Lag. & Rodr.,bigbract verbena,F,Native,Annual/Perennial
VETH,Verbascum thapsus L.,common mullein,F,Exotic,Biennial
XANTH2,Xanthium sp.,cocklebur,F,Unknown,Annual
XASP2,Xanthium spinosum,spiny cocklebur,F,Exotic,Annual
XAST,Xanthium strumarium,rough cockleburr,F,Native,Annual
