year	month	day	site	ditch
1997	4	15	1	.
1997	5	20	1	.
1997	5	29	3	.
1997	6	17	1	.
1997	6	17	2	.
1997	6	.	3	.
1997	7	15	1	.
1997	7	15	2	.
1997	7	.	3	.
1997	8	19	1	.
1997	8	17	2	.
1997	8	.	3	.
1997	9	16	1	.
1997	9	16	2	.
1997	9	18	3	.
1997	10	21	1	.
1997	10	21	2	.
1997	10	21	3	.
1997	11	18	1	.
1997	11	.	2	.
1997	11	19	3	.
1997	12	16	1	.
1997	12	16	2	.
1997	12	16	3	.
1998	1	20	1	.
1998	1	20	2	.
1998	1	21	3	.
1998	2	17	1	.
1998	2	.	2	.
1998	2	20	3	.
1998	2	17	4	.
1998	3	17	1	.
1998	3	17	2	.
1998	3	20	3	.
1998	3	17	4	.
1998	4	21	1	.
1998	4	.	2	.
1998	4	24	3	.
1998	4	21	4	.
1998	5	19	1	.
1998	5	19	2	.
1998	5	20	3	.
1998	5	20	4	.
1998	6	16	1	.
1998	6	20	2	.
1998	6	18	3	.
1998	6	18	4	.
1998	7	21	1	.
1998	7	21	2	.
1998	7	20	3	.
1998	7	21	4	.
1998	8	19	1	.
1998	8	20	2	.
1998	8	18	3	.
1998	8	18	4	.
1998	9	15	1	.
1998	9	15	2	.
1998	9	20	3	.
1998	9	15	4	.
1998	10	20	1	.
1998	10	20	2	.
1998	10	17	3	.
1998	10	20	4	.
1998	11	17	1	.
1998	11	17	2	.
1998	11	17	3	.
1998	11	17	4	.
1998	12	15	1	.
1998	12	15	2	.
1998	12	15	3	.
1998	12	17	4	.
1999	1	19	1	.
1999	1	19	2	.
1999	1	19	3	.
1999	1	20	4	.
1999	2	16	1	.
1999	2	16	2	.
1999	2	16	3	.
1999	2	17	4	.
1999	3	16	1	.
1999	3	16	2	.
1999	3	.	3	.
1999	3	16	4	.
1999	4	20	1	.
1999	4	20	2	.
1999	4	20	3	.
1999	4	21	4	.
1999	5	18	1	.
1999	5	18	2	.
1999	5	18	3	.
1999	5	.	4	.
1999	6	.	1	.
1999	6	15	2	.
1999	6	.	3	.
1999	6	.	4	.
1999	7	20	1	.
1999	7	20	2	.
1999	7	.	3	.
1999	7	20	4	.
1999	8	18	1	.
1999	8	17	2	.
1999	8	20	3	.
1999	8	17	4	.
1999	8	17	5	.
1999	9	21	1	.
1999	9	21	2	.
1999	9	22	3	.
1999	9	21	4	.
1999	9	21	5	.
1999	10	20	1	.
1999	10	19	2	.
1999	10	20	3	.
1999	10	19	4	.
1999	10	19	5	.
1999	11	16	1	.
1999	11	16	2	.
1999	11	17	3	.
1999	11	16	4	.
1999	11	15	5	.
1999	12	21	1	.
1999	12	21	2	.
1999	12	22	3	.
1999	12	21	4	.
1999	12	.	5	.
2000	1	18	1	.
2000	1	18	2	.
2000	1	19	3	.
2000	1	18	4	.
2000	1	18	5	.
2000	2	17	1	.
2000	2	15	2	.
2000	2	16	3	.
2000	2	15	4	.
2000	2	16	5	.
2000	3	21	1	.
2000	3	21	2	.
2000	3	22	3	.
2000	3	22	4	.
2000	3	22	5	.
2000	3	21	6	.
2000	4	18	1	.
2000	4	18	2	.
2000	4	19	3	.
2000	4	18	4	.
2000	4	19	5	.
2000	4	19	6	.
2000	5	18	1	.
2000	5	16	2	.
2000	5	16	3	.
2000	5	.	4	.
2000	5	.	5	.
2000	5	16	6	.
2000	6	20	1	.
2000	6	20	2	.
2000	6	20	3	.
2000	6	19	4	.
2000	6	20	5	.
2000	6	20	6	.
2000	7	18	1	.
2000	7	.	2	.
2000	7	18	3	.
2000	7	18	4	.
2000	7	.	5	.
2000	7	18	6	.
2000	8	15	1	.
2000	8	15	2	.
2000	8	15	3	.
2000	8	14	4	.
2000	8	14	5	.
2000	8	15	6	.
2000	9	19	1	.
2000	9	20	2	.
2000	9	19	3	.
2000	9	19	4	.
2000	9	19	5	.
2000	9	20	6	.
2000	9	20	7	.
2000	10	18	1	.
2000	10	16	2	.
2000	10	17	3	.
2000	10	17	4	.
2000	10	16	5	.
2000	10	16	6	.
2000	10	18	7	.
2000	11	21	1	.
2000	11	21	2	.
2000	11	21	3	.
2000	11	21	4	.
2000	11	20	5	.
2000	11	21	6	.
2000	11	22	7	.
2000	12	19	1	.
2000	12	19	2	.
2000	12	19	3	.
2000	12	19	4	.
2000	12	20	5	.
2000	12	19	6	.
2000	12	19	7	.
2001	1	16	1	.
2001	1	16	2	.
2001	1	16	3	.
2001	1	16	4	.
2001	1	16	5	.
2001	1	17	6	.
2001	1	17	7	.
2001	2	21	1	.
2001	2	20	2	.
2001	2	20	3	.
2001	2	20	4	.
2001	2	20	5	.
2001	2	20	6	.
2001	2	21	7	.
2001	3	20	1	.
2001	3	20	2	.
2001	3	20	3	.
2001	3	20	4	.
2001	3	.	5	.
2001	3	21	6	.
2001	3	20	7	.
2001	4	17	1	.
2001	4	17	2	.
2001	4	17	3	.
2001	4	17	4	.
2001	4	17	5	.
2001	4	18	6	.
2001	4	18	7	.
2001	5	16	1	.
2001	5	15	2	.
2001	5	15	3	.
2001	5	15	4	.
2001	5	16	5	.
2001	5	15	6	.
2001	5	15	7	.
2001	6	19	1	.
2001	6	19	2	.
2001	6	19	3	.
2001	6	19	4	.
2001	6	19	5	.
2001	6	19	6	.
2001	6	19	7	.
2001	7	18	1	.
2001	7	17	2	.
2001	7	17	3	.
2001	7	17	4	.
2001	7	.	5	.
2001	7	17	6	.
2001	7	17	7	.
2001	8	21	1	.
2001	8	22	2	.
2001	8	21	3	.
2001	8	21	4	.
2001	8	22	5	.
2001	8	21	6	.
2001	8	22	7	.
2001	9	18	1	.
2001	9	19	2	.
2001	9	18	3	.
2001	9	18	4	.
2001	9	19	5	.
2001	9	18	6	.
2001	9	18	7	.
2001	10	17	1	.
2001	10	17	2	.
2001	10	16	3	.
2001	10	16	4	.
2001	10	16	5	.
2001	10	17	6	.
2001	10	.	7	.
2001	11	20	1	.
2001	11	21	2	.
2001	11	20	3	.
2001	11	20	4	.
2001	11	20	5	.
2001	11	20	6	.
2001	11	20	7	.
2001	12	18	1	.
2001	12	18	2	.
2001	12	18	3	.
2001	12	18	4	.
2001	12	18	5	.
2001	12	18	6	.
2001	12	18	7	.
2002	1	15	1	.
2002	1	16	2	.
2002	1	15	3	.
2002	1	15	4	.
2002	1	15	5	.
2002	1	16	6	.
2002	1	15	7	.
2002	1	25	8	.
2002	2	19	1	.
2002	2	19	2	.
2002	2	19	3	.
2002	2	18	4	.
2002	2	19	5	.
2002	2	19	6	.
2002	2	19	7	.
2002	2	19	8	.
2002	3	19	1	.
2002	3	20	2	.
2002	3	19	3	.
2002	3	19	4	.
2002	3	19	5	.
2002	3	20	6	.
2002	3	20	7	.
2002	3	20	8	.
2002	4	17	1	.
2002	4	17	2	.
2002	4	16	3	.
2002	4	16	4	.
2002	4	17	5	.
2002	4	17	6	.
2002	4	16	7	.
2002	4	16	8	.
2002	4	18	9	.
2002	5	22	1	.
2002	5	15	2	.
2002	5	22	3	.
2002	5	21	4	.
2002	5	.	5	.
2002	5	23	6	.
2002	5	21	7	.
2002	5	21	8	.
2002	5	.	9	.
2002	6	19	1	351
2002	6	18	2	.
2002	6	18	3	.
2002	6	19	4	.
2002	6	18	5	.
2002	6	18	6	.
2002	6	18	7	.
2002	6	18	8	.
2002	6	20	9	.
2002	7	16	1	351
2002	7	16	2	.
2002	7	16	3	.
2002	7	16	4	.
2002	7	16	5	.
2002	7	16	6	.
2002	7	17	7	.
2002	7	17	8	.
2002	7	17	9	.
2002	7	16	10	.
2002	8	.	1	.
2002	8	20	2	.
2002	8	20	3	.
2002	8	19	4	.
2002	8	21	5	.
2002	8	21	6	.
2002	8	20	7	.
2002	8	16	8	.
2002	8	22	9	.
2002	8	22	10	356
2002	9	17	1	.
2002	9	17	2	.
2002	9	17	3	.
2002	9	17	4	.
2002	9	17	5	.
2002	9	18	6	.
2002	9	17	7	414
2002	9	17	8	349
2002	9	19	9	.
2002	9	.	10	.
2002	10	16	1	.
2002	10	15	2	200
2002	10	15	3	.
2002	10	15	4	.
2002	10	.	5	.
2002	10	15	6	.
2002	10	16	7	392
2002	10	16	8	317
2002	10	17	9	.
2002	10	15	10	340
2002	10	16	11	.
2002	11	19	1	372.5
2002	11	20	2	131
2002	11	19	3	.
2002	11	19	4	98
2002	11	.	5	.
2002	11	19	6	.
2002	11	20	7	441
2002	11	20	8	385
2002	11	21	9	.
2002	11	19	10	372
2002	11	19	11	.
2002	11	19	12	.
2002	12	18	1	376
2002	12	.	2	.
2002	12	17	3	.
2002	12	17	4	98
2002	12	18	5	.
2002	12	17	6	137
2002	12	18	7	420
2002	12	17	8	.
2002	12	19	9	.
2002	12	18	10	376
2002	12	17	11	.
2002	12	17	12	.
2003	1	21	1	.
2003	1	.	2	.
2003	1	21	3	58
2003	1	21	4	98
2003	1	21	5	.
2003	1	21	6	133
2003	1	21	7	442
2003	1	21	8	387
2003	1	23	9	.
2003	1	22	10	275
2003	1	21	11	.
2003	1	21	12	.
2003	2	18	1	.
2003	2	18	2	239
2003	2	18	3	57.5
2003	2	18	4	96
2003	2	19	5	.
2003	2	19	6	137
2003	2	18	7	433
2003	2	18	8	379
2003	2	20	9	.
2003	2	19	10	453
2003	2	18	11	.
2003	2	18	12	.
2003	3	18	1	371
2003	3	.	2	.
2003	3	18	3	13
2003	3	18	4	86
2003	3	18	5	.
2003	3	18	6	126
2003	3	.	7	437
2003	3	18	8	317
2003	3	20	9	.
2003	3	18	10	370
2003	3	18	11	.
2003	3	18	12	.
2003	4	15	1	356
2003	4	.	2	.
2003	4	15	3	31.5
2003	4	15	4	97.5
2003	4	.	5	.
2003	4	17	6	135
2003	4	16	7	436
2003	4	15	8	328
2003	4	16	9	.
2003	4	15	10	356
2003	4	16	11	.
2003	4	16	12	.
2003	4	11	13	.
2003	5	21	1	.
2003	5	.	2	.
2003	5	21	3	.
2003	5	20	4	102
2003	5	20	5	.
2003	5	20	6	139
2003	5	21	7	.
2003	5	20	8	319
2003	5	22	9	.
2003	5	21	10	485
2003	5	21	11	.
2003	5	21	12	.
2003	5	20	13	245
2003	6	17	1	348
2003	6	17	2	.
2003	6	17	3	51
2003	6	17	4	106
2003	6	16	5	.
2003	6	17	6	.
2003	6	17	7	435
2003	6	17	8	325
2003	6	17	9	.
2003	6	17	10	348
2003	6	17	11	.
2003	6	17	12	.
2003	6	17	13	240
2003	6	18	15	106
2003	6	18	16	106
2003	7	16	1	348.5
2003	7	15	2	232
2003	7	15	3	0
2003	7	15	4	92
2003	7	15	5	.
2003	7	15	6	141
2003	7	16	7	402
2003	7	15	8	324.5
2003	7	15	9	.
2003	7	16	10	348.5
2003	7	15	11	.
2003	7	15	12	.
2003	7	15	13	237
2003	7	15	15	92
2003	7	15	16	92
2003	8	19	1	345
2003	8	19	2	213
2003	8	19	3	19
2003	8	19	4	84.5
2003	8	25	5	.
2003	8	.	6	.
2003	8	19	7	.
2003	8	19	8	339
2003	8	26	9	.
2003	8	19	10	345
2003	8	19	11	.
2003	8	19	12	.
2003	8	19	13	238
2003	8	19	15	84.5
2003	8	19	16	84.5
2003	9	16	1	.
2003	9	16	2	220
2003	9	17	3	0
2003	9	16	4	98
2003	9	16	5	.
2003	9	17	6	143
2003	9	16	7	391
2003	9	16	8	322
2003	9	18	9	184
2003	9	16	10	.
2003	9	16	11	.
2003	9	16	12	.
2003	9	16	13	237
2003	9	16	15	98
2003	9	16	16	98
2003	10	22	1	372.5
2003	10	21	2	220
2003	10	22	3	70
2003	10	21	4	112
2003	10	21	5	.
2003	10	.	6	.
2003	10	21	7	392
2003	10	21	8	300
2003	10	24	9	189
2003	10	21	10	441
2003	10	21	11	.
2003	10	21	12	.
2003	10	21	13	255
2003	10	21	14	.
2003	10	21	15	112
2003	10	21	16	112
2003	11	19	1	.
2003	11	18	2	217
2003	11	18	3	0
2003	11	18	4	92
2003	11	.	5	.
2003	11	18	6	.
2003	11	18	7	434
2003	11	18	8	380
2003	11	20	9	185
2003	11	19	10	355
2003	11	18	11	.
2003	11	18	12	.
2003	11	19	13	285
2003	11	18	14	.
2003	11	18	15	92
2003	11	18	16	92
2003	12	16	1	.
2003	12	16	2	222
2003	12	16	3	68
2003	12	17	4	90
2003	12	.	5	.
2003	12	17	6	.
2003	12	16	7	.
2003	12	16	8	396
2003	12	16	9	190
2003	12	.	10	.
2003	12	16	11	.
2003	12	16	12	.
2003	12	16	13	285
2003	12	16	14	.
2003	12	17	15	90
2003	12	17	16	90
2004	1	21	1	360
2004	1	.	2	.
2004	1	20	3	69
2004	1	20	4	94
2004	1	.	5	.
2004	1	21	6	134
2004	1	.	7	.
2004	1	20	8	395
2004	1	22	9	.
2004	1	20	10	449
2004	1	20	11	.
2004	1	20	12	.
2004	1	20	13	286
2004	1	19	14	.
2004	1	20	15	94
2004	1	20	16	94
2004	2	17	1	357
2004	2	17	2	234
2004	2	18	3	68
2004	2	17	4	91
2004	2	.	5	.
2004	2	18	6	134
2004	2	18	7	430
2004	2	18	8	377
2004	2	19	9	.
2004	2	17	10	356
2004	2	17	11	.
2004	2	17	12	.
2004	2	17	13	290
2004	2	17	14	.
2004	2	17	15	91
2004	2	17	16	91
2004	3	16	1	383
2004	3	16	2	222
2004	3	16	3	.
2004	3	16	4	103
2004	3	.	5	.
2004	3	16	6	126
2004	3	16	7	437
2004	3	16	8	328
2004	3	18	9	.
2004	3	16	10	383
2004	3	16	11	.
2004	3	16	12	.
2004	3	16	13	232
2004	3	16	14	.
2004	3	16	15	103
2004	3	16	16	103
2004	4	20	1	405
2004	4	20	2	230
2004	4	20	3	49
2004	4	20	4	65
2004	4	.	5	.
2004	4	21	6	127
2004	4	21	7	431
2004	4	21	8	331
2004	4	22	9	170
2004	4	20	10	405
2004	4	20	11	.
2004	4	20	12	.
2004	4	20	13	240
2004	4	20	14	.
2004	4	20	15	65
2004	4	20	16	65
2004	4	22	17	127
2004	4	20	18	.
2004	4	20	19	.
2004	5	.	1	.
2004	5	.	2	.
2004	5	15	3	48
2004	5	18	4	80
2004	5	.	5	.
2004	5	18	6	130
2004	5	.	7	.
2004	5	18	8	328
2004	5	20	9	.
2004	5	19	10	390.5
2004	5	18	11	.
2004	5	18	12	.
2004	5	18	13	240
2004	5	18	14	.
2004	5	18	15	80
2004	5	18	16	80
2004	5	18	17	130
2004	5	19	18	.
2004	5	19	19	.
2004	6	15	1	369
2004	6	15	2	224
2004	6	15	3	48
2004	6	15	4	89
2004	6	.	5	.
2004	6	16	6	129
2004	6	16	7	434
2004	6	15	8	317
2004	6	28	9	.
2004	6	15	10	369
2004	6	15	11	.
2004	6	15	12	.
2004	6	15	13	255
2004	6	15	14	.
2004	6	15	15	89
2004	6	15	16	89
2004	6	16	17	129
2004	6	15	18	.
2004	6	15	19	.
2004	7	20	1	354
2004	7	20	2	214
2004	7	20	3	64
2004	7	21	4	107
2004	7	.	5	.
2004	7	21	6	129
2004	7	20	7	434
2004	7	20	8	317
2004	7	21	9	.
2004	7	20	10	354
2004	7	20	11	.
2004	7	20	12	.
2004	7	20	13	230
2004	7	20	14	.
2004	7	20	15	107
2004	7	20	16	107
2004	7	21	17	129
2004	7	20	18	.
2004	7	20	19	.
2004	8	17	1	261.5
2004	8	17	2	214
2004	8	18	3	62
2004	8	17	4	110
2004	8	.	5	.
2004	8	18	6	136
2004	8	17	7	460
2004	8	18	8	327
2004	8	25	9	166
2004	8	17	10	261.5
2004	8	17	11	.
2004	8	17	12	.
2004	8	17	13	240
2004	8	17	14	.
2004	8	17	15	110
2004	8	17	16	110
2004	8	18	17	136
2004	8	17	18	.
2004	8	17	19	.
2004	9	21	1	317
2004	9	21	2	186
2004	9	21	3	47
2004	9	21	4	95
2004	9	.	5	.
2004	9	21	6	.
2004	9	21	7	338
2004	9	20	8	293
2004	9	23	9	163
2004	9	21	10	317
2004	9	21	11	.
2004	9	21	12	.
2004	9	21	13	265
2004	9	21	14	.
2004	9	21	15	95
2004	9	21	16	95
2004	9	22	17	125
2004	9	21	18	.
2004	9	21	19	.
2004	10	19	1	348
2004	10	19	2	215.5
2004	10	19	3	65
2004	10	19	4	86
2004	10	.	5	.
2004	10	19	6	125
2004	10	19	7	436
2004	10	19	8	310
2004	10	19	9	190
2004	10	19	10	448
2004	10	19	11	.
2004	10	19	12	.
2004	10	19	13	267
2004	10	19	14	.
2004	10	19	15	86
2004	10	19	16	86
2004	10	19	17	105
2004	10	18	18	.
2004	10	18	19	.
2004	11	17	1	363
2004	11	16	2	263
2004	11	16	3	70
2004	11	16	4	91
2004	11	.	5	.
2004	11	16	6	94
2004	11	16	7	434
2004	11	16	8	388
2004	11	18	9	186
2004	11	17	10	373
2004	11	16	11	.
2004	11	16	12	.
2004	11	17	13	320
2004	11	16	14	.
2004	11	16	15	91
2004	11	16	16	91
2004	11	16	17	92
2004	11	16	18	.
2004	11	16	19	.
2004	12	21	1	395
2004	12	21	2	192.5
2004	12	.	3	.
2004	12	21	4	86
2004	12	21	5	.
2004	12	22	6	105
2004	12	23	7	427
2004	12	22	8	.
2004	12	21	9	.
2004	12	21	10	395
2004	12	21	11	.
2004	12	21	12	.
2004	12	22	13	282
2004	12	21	14	.
2004	12	21	15	86
2004	12	21	16	86
2004	12	22	17	105
2004	12	20	18	188
2004	12	20	19	188
2004	12	22	20	294
2005	1	19	1	384
2005	1	18	2	204
2005	1	18	3	70
2005	1	18	4	80
2005	1	18	5	.
2005	1	18	6	167
2005	1	18	7	434
2005	1	18	8	405
2005	1	20	9	.
2005	1	19	10	467
2005	1	18	11	.
2005	1	18	12	.
2005	1	18	13	290
2005	1	20	14	.
2005	1	18	15	77
2005	1	18	16	77
2005	1	18	17	167
2005	1	18	18	192
2005	1	18	19	192
2005	1	19	20	.
2005	1	20	21	467
2005	1	20	22	.
2005	2	16	1	368
2005	2	15	2	205
2005	2	15	3	.
2005	2	15	4	80
2005	2	.	5	.
2005	2	15	6	123
2005	2	15	7	431
2005	2	16	8	406
2005	2	17	9	.
2005	2	16	10	386
2005	2	15	11	.
2005	2	15	12	.
2005	2	16	13	290
2005	2	16	14	.
2005	2	15	15	84
2005	2	15	16	84
2005	2	15	17	122
2005	2	14	18	291
2005	2	14	19	291
2005	2	16	20	332
2005	2	15	21	368
2005	2	15	22	.
2005	3	16	1	368
2005	3	16	2	214
2005	3	17	3	.
2005	3	15	4	79
2005	3	.	5	.
2005	3	18	6	124
2005	3	21	7	437
2005	3	17	8	324
2005	3	18	9	.
2005	3	16	10	368
2005	3	16	11	117
2005	3	16	12	117
2005	3	16	13	217
2005	3	17	14	.
2005	3	16	15	85
2005	3	16	16	85
2005	3	18	17	124
2005	3	17	18	169
2005	3	17	19	169
2005	3	17	20	289
2005	3	16	21	368
2005	3	16	22	117
2005	4	19	1	375
2005	4	19	2	204
2005	4	19	3	55
2005	4	19	4	66
2005	4	.	5	.
2005	4	20	6	90
2005	4	19	7	.
2005	4	20	8	324
2005	4	21	9	179
2005	4	19	10	375
2005	4	19	11	114
2005	4	19	12	114
2005	4	20	13	217
2005	4	19	14	.
2005	4	19	15	66
2005	4	19	16	66
2005	4	20	17	90
2005	4	19	18	123
2005	4	19	19	123
2005	4	20	20	283
2005	4	19	21	375
2005	4	19	22	114
2005	5	17	1	446
2005	5	17	2	201
2005	5	17	3	28
2005	5	17	4	.
2005	5	.	5	.
2005	5	18	6	85
2005	5	17	7	432
2005	5	18	8	307
2005	5	19	9	170
2005	5	17	10	446
2005	5	.	11	.
2005	5	.	12	.
2005	5	20	13	.
2005	5	17	14	.
2005	5	17	15	67
2005	5	17	16	67
2005	5	18	17	85
2005	5	17	18	104
2005	5	17	19	104
2005	5	.	20	.
2005	5	17	21	446
2005	5	17	22	114
2005	6	21	1	366
2005	6	21	2	196
2005	6	21	3	19
2005	6	21	4	76
2005	6	.	5	.
2005	6	22	6	94
2005	6	21	7	343
2005	6	21	8	316
2005	6	23	9	170
2005	6	21	10	366
2005	6	21	11	115
2005	6	21	12	115
2005	6	.	13	.
2005	6	21	14	.
2005	6	21	15	74
2005	6	21	16	74
2005	6	22	17	94
2005	6	21	18	141
2005	6	21	19	141
2005	6	21	20	214
2005	6	21	21	366
2005	6	21	22	114
2005	7	19	1	345
2005	7	19	2	211
2005	7	19	3	17
2005	7	19	4	84
2005	7	.	5	.
2005	7	20	6	130
2005	7	19	7	379
2005	7	21	8	330
2005	7	21	9	158
2005	7	19	10	345
2005	7	19	11	115
2005	7	20	12	115
2005	7	20	13	230
2005	7	18	14	.
2005	7	19	15	84
2005	7	19	16	84
2005	7	20	17	130
2005	7	19	18	140
2005	7	19	19	140
2005	7	19	20	214
2005	7	19	21	342.5
2005	7	19	22	115
2005	8	16	1	369
2005	8	16	2	208
2005	8	17	3	51
2005	8	16	4	86
2005	8	.	5	.
2005	8	16	6	124
2005	8	17	7	385
2005	8	16	8	321
2005	8	19	9	168
2005	8	16	10	369
2005	8	16	11	.
2005	8	16	12	.
2005	8	16	13	235
2005	8	16	14	.
2005	8	16	15	86
2005	8	16	16	86
2005	8	15	17	124
2005	8	17	18	148
2005	8	17	19	148
2005	8	16	20	255
2005	8	16	21	369
2005	8	16	22	117
2005	9	20	1	358
2005	9	20	2	210
2005	9	20	3	55
2005	9	20	4	94.5
2005	9	.	5	.
2005	9	21	6	104
2005	9	20	7	385
2005	9	20	8	328
2005	9	22	9	287
2005	9	20	10	353
2005	9	20	11	.
2005	9	20	12	.
2005	9	20	13	256
2005	9	20	14	.
2005	9	20	15	94.5
2005	9	20	16	94.5
2005	9	21	17	104
2005	9	19	18	221
2005	9	19	19	221
2005	9	20	20	300
2005	9	21	21	.
2005	9	21	22	.
2005	10	.	1	.
2005	10	18	2	220
2005	10	18	3	50
2005	10	18	4	.
2005	10	.	5	.
2005	10	18	6	115
2005	10	18	7	388
2005	10	19	8	324
2005	10	20	9	189
2005	10	19	10	364
2005	10	18	11	.
2005	10	18	12	.
2005	10	18	13	235
2005	10	18	14	.
2005	10	18	15	84
2005	10	18	16	84
2005	10	18	17	114
2005	10	18	18	220.5
2005	10	18	19	220.5
2005	10	19	20	295
2005	10	19	21	.
2005	10	19	22	.
2005	11	16	1	386
2005	11	15	2	231
2005	11	15	3	50
2005	11	15	4	89
2005	11	.	5	.
2005	11	16	6	126
2005	11	15	7	387
2005	11	15	8	.
2005	11	17	9	190
2005	11	15	10	380
2005	11	15	11	113
2005	11	15	12	113
2005	11	15	13	176
2005	11	15	14	.
2005	11	15	15	89
2005	11	15	16	89
2005	11	16	17	126
2005	11	16	18	283
2005	11	16	19	283
2005	11	15	20	255
2005	11	17	21	.
2005	11	17	22	.
2005	12	20	1	228
2005	12	20	2	252
2005	12	20	3	67
2005	12	21	4	85
2005	12	.	5	.
2005	12	19	6	.
2005	12	21	7	.
2005	12	20	8	414
2005	12	20	9	.
2005	12	20	10	228
2005	12	20	11	115
2005	12	20	12	115
2005	12	19	13	.
2005	12	20	14	.
2005	12	19	15	88
2005	12	19	16	88
2005	12	19	17	.
2005	12	19	18	297
2005	12	19	19	297
2005	12	19	20	299
2005	12	20	21	.
2005	12	19	22	115
2006	1	18	1	290
2006	1	17	2	253
2006	1	17	3	61
2006	1	17	4	90
2006	1	.	5	.
2006	1	17	6	116
2006	1	17	7	302
2006	1	18	8	400
2006	1	19	9	.
2006	1	18	10	305
2006	1	17	11	117
2006	1	17	12	117
2006	1	17	13	275
2006	1	17	14	.
2006	1	17	15	91
2006	1	17	16	91
2006	1	17	17	123
2006	1	19	18	297
2006	1	19	19	297
2006	1	18	20	300
2006	1	18	21	290
2006	1	18	22	113
2006	2	22	1	290
2006	2	21	2	252
2006	2	21	3	58
2006	2	21	4	93
2006	2	.	5	.
2006	2	21	6	122
2006	2	21	7	303
2006	2	21	8	407
2006	2	23	9	.
2006	2	22	10	296
2006	2	21	11	117
2006	2	21	12	117
2006	2	21	13	295
2006	2	21	14	.
2006	2	21	15	93.5
2006	2	21	16	93.5
2006	2	21	17	119
2006	2	21	18	298
2006	2	21	19	298
2006	2	22	20	286
2006	2	21	21	297
2006	2	21	22	115
2006	3	21	1	345
2006	3	20	2	208
2006	3	21	3	.
2006	3	21	4	91
2006	3	.	5	.
2006	3	22	6	124
2006	3	21	7	303
2006	3	21	8	361
2006	3	23	9	.
2006	3	21	10	345
2006	3	23	11	112
2006	3	23	12	112
2006	3	21	13	239
2006	3	21	14	180
2006	3	21	15	89
2006	3	21	16	89
2006	3	22	17	124
2006	3	21	18	130
2006	3	21	19	130
2006	3	22	20	248
2006	3	21	21	345
2006	3	21	22	114
2006	4	18	1	345
2006	4	18	2	214
2006	4	18	3	38
2006	4	18	4	85
2006	4	.	5	.
2006	4	19	6	104
2006	4	18	7	350
2006	4	18	8	320
2006	4	20	9	.
2006	4	19	10	348
2006	4	18	11	114
2006	4	18	12	114
2006	4	18	13	260
2006	4	18	14	162
2006	4	18	15	90
2006	4	18	16	90
2006	4	19	17	104
2006	4	19	18	79
2006	4	19	19	79
2006	4	19	20	252
2006	4	18	21	348
2006	4	18	22	113
2006	5	17	1	342
2006	5	16	2	211
2006	5	16	3	37.5
2006	5	16	4	80
2006	5	.	5	.
2006	5	16	6	108
2006	5	16	7	388
2006	5	16	8	310
2006	5	18	9	173
2006	5	17	10	342
2006	5	16	11	113
2006	5	16	12	113
2006	5	16	13	213
2006	5	16	14	193
2006	5	16	15	80
2006	5	16	16	80
2006	5	16	17	108
2006	5	15	18	63.5
2006	5	15	19	63.5
2006	5	16	20	236
2006	5	17	21	342
2006	5	17	22	115
2006	6	20	1	344
2006	6	20	2	219
2006	6	22	3	0
2006	6	20	4	65.5
2006	6	.	5	.
2006	6	20	6	114
2006	6	21	7	375
2006	6	21	8	316
2006	6	20	9	174
2006	6	20	10	344
2006	6	20	11	116
2006	6	20	12	116
2006	6	20	13	236
2006	6	20	14	173
2006	6	20	15	65.5
2006	6	20	16	65.5
2006	6	20	17	114
2006	6	20	18	111
2006	6	20	19	111
2006	6	21	20	255
2006	6	21	21	344
2006	6	21	22	116
2006	7	18	1	336
2006	7	18	2	213
2006	7	20	3	0
2006	7	18	4	80
2006	7	.	5	.
2006	7	.	6	.
2006	7	18	7	391
2006	7	19	8	338
2006	7	18	9	72
2006	7	18	10	336
2006	7	18	11	.
2006	7	18	12	116
2006	7	18	13	220
2006	7	19	14	198
2006	7	18	15	80
2006	7	18	16	80
2006	7	19	17	96
2006	7	18	18	185
2006	7	18	19	185
2006	7	18	20	259
2006	7	19	21	296
2006	7	19	22	116
2006	8	16	1	329.5
2006	8	15	2	220
2006	8	15	3	73
2006	8	15	4	80.5
2006	8	.	5	.
2006	8	15	6	105
2006	8	15	7	308
2006	8	15	8	345
2006	8	16	9	180
2006	8	16	10	329.5
2006	8	15	11	117
2006	8	15	12	117
2006	8	15	13	235
2006	8	15	14	234
2006	8	15	15	80.5
2006	8	15	16	80.5
2006	8	15	17	105
2006	8	15	18	99.5
2006	8	15	19	99.5
2006	8	15	21	.
2006	8	15	22	117
2006	9	20	1	348
2006	9	19	2	223
2006	9	19	3	74
2006	9	18	4	94
2006	9	.	5	.
2006	9	22	6	105
2006	9	19	7	360
2006	9	19	8	335
2006	9	21	9	168
2006	9	20	10	345
2006	9	21	11	116.5
2006	9	21	12	116.5
2006	9	19	13	253
2006	9	19	14	203
2006	9	18	15	94
2006	9	19	16	94
2006	9	19	17	104
2006	9	20	18	166.5
2006	9	20	19	166.5
2006	9	19	20	264
2006	9	21	21	311.5
2006	9	20	22	116
2006	10	19	1	347
2006	10	17	2	216
2006	10	18	3	0
2006	10	16	4	80
2006	10	.	5	.
2006	10	18	6	97
2006	10	20	7	305
2006	10	18	8	.
2006	10	19	9	168
2006	10	16	10	348
2006	10	19	11	115
2006	10	19	12	115
2006	10	17	13	245
2006	10	20	14	219
2006	10	16	15	81
2006	10	16	16	81
2006	10	13	17	108
2006	10	18	18	74
2006	10	18	19	74
2006	10	17	20	.
2006	10	18	21	301
2006	10	17	22	113.5
2006	11	21	1	336
2006	11	23	2	219
2006	11	18	3	0
2006	11	20	4	87
2006	11	.	5	.
2006	11	20	6	103
2006	11	21	7	305
2006	11	21	8	419
2006	11	21	9	185
2006	11	22	10	313
2006	11	22	11	114
2006	11	22	12	114
2006	11	21	13	175
2006	11	21	14	232
2006	11	20	15	87
2006	11	20	16	87
2006	11	21	17	100
2006	11	22	18	203
2006	11	22	19	203
2006	11	21	20	255
2006	11	22	21	299
2006	11	18	22	112
2006	12	18	1	357.5
2006	12	21	2	239
2006	12	18	3	46
2006	12	18	4	87.5
2006	12	.	5	.
2006	12	18	6	103.5
2006	12	18	7	435
2006	12	18	8	410
2006	12	19	9	.
2006	12	18	10	357.5
2006	12	18	11	115
2006	12	18	12	115
2006	12	18	13	280
2006	12	21	14	230
2006	12	18	15	87.5
2006	12	18	16	87.5
2006	12	18	17	103.5
2006	12	18	18	213
2006	12	18	19	213
2006	12	18	20	280
2006	12	18	21	357.5
2006	12	16	22	118.5
2007	1	18	1	367
2007	1	16	2	241
2007	1	18	3	40.5
2007	1	16	4	87
2007	1	.	5	.
2007	1	17	6	103
2007	1	16	7	435
2007	1	16	8	400
2007	1	18	9	.
2007	1	16	10	359
2007	1	16	11	117
2007	1	17	12	114
2007	1	16	13	281.5
2007	1	16	14	232
2007	1	16	15	87
2007	1	16	16	87
2007	1	17	17	103
2007	1	18	18	216
2007	1	18	19	216
2007	1	16	20	295
2007	1	16	21	323
2007	1	13	22	118.5
2007	2	20	1	366
2007	2	20	2	242
2007	2	20	3	36
2007	2	20	4	85
2007	2	.	5	.
2007	2	22	6	102
2007	2	20	7	440
2007	2	21	8	314.5
2007	2	22	9	.
2007	2	22	10	366
2007	2	20	11	119
2007	2	22	12	121
2007	2	20	13	296
2007	2	21	14	232
2007	2	20	15	91
2007	2	20	16	88
2007	2	21	17	105
2007	2	20	18	224.5
2007	2	20	19	224.5
2007	2	22	20	263
2007	2	21	21	314
2007	2	17	22	121
2007	3	21	1	347
2007	3	20	2	215
2007	3	20	3	58
2007	3	19	4	70
2007	3	.	5	.
2007	3	20	6	104
2007	3	20	7	383.5
2007	3	20	8	352
2007	3	22	9	.
2007	3	21	10	347
2007	3	20	11	114
2007	3	22	12	120
2007	3	27	13	219
2007	3	21	14	184
2007	3	19	15	71
2007	3	19	16	70
2007	3	20	17	104
2007	3	20	18	96.5
2007	3	20	19	96.5
2007	3	20	20	254
2007	3	22	21	345
2007	3	17	22	118
2007	3	20	23	.
2007	4	19	1	340
2007	4	17	2	216
2007	4	17	3	34
2007	4	16	4	74
2007	4	.	5	.
2007	4	18	6	.
2007	4	17	7	337
2007	4	17	8	360
2007	4	19	9	.
2007	4	19	10	340
2007	4	17	11	112
2007	4	18	12	115
2007	4	17	13	238.5
2007	4	17	14	153.5
2007	4	16	15	79
2007	4	16	16	79
2007	4	16	17	95
2007	4	17	18	76
2007	4	17	19	76
2007	4	17	20	.
2007	4	17	21	302
2007	4	14	22	117
2007	4	17	23	.
2007	5	14	1	336
2007	5	15	2	215
2007	5	15	3	36
2007	5	14	4	79
2007	5	15	5	.
2007	5	16	6	94
2007	5	15	7	253
2007	5	15	8	348
2007	5	17	9	170
2007	5	17	10	335
2007	5	15	11	112
2007	5	16	12	114
2007	5	21	13	210
2007	5	23	14	151
2007	5	14	15	81
2007	5	14	16	81
2007	5	17	17	95
2007	5	17	18	93.5
2007	5	17	19	93.5
2007	5	15	20	257
2007	5	17	21	304
2007	5	12	22	116
2007	5	15	23	.
2007	6	19	1	329.5
2007	6	19	2	215
2007	6	19	3	19
2007	6	18	4	78.5
2007	6	.	5	.
2007	6	20	6	112
2007	6	19	7	364
2007	6	19	8	338
2007	6	21	9	.
2007	6	20	10	329.5
2007	6	20	11	114
2007	6	19	12	114
2007	6	18	13	244
2007	6	19	14	162
2007	6	18	15	78.5
2007	6	18	16	78.5
2007	6	20	17	112
2007	6	21	18	95
2007	6	21	19	95
2007	6	19	20	249
2007	6	20	21	329.5
2007	6	16	22	116
2007	6	19	23	.
2007	7	17	1	330
2007	7	17	2	211
2007	7	17	3	-4
2007	7	17	4	100
2007	7	.	5	.
2007	7	18	6	103
2007	7	17	7	371
2007	7	18	8	339
2007	7	19	9	168
2007	7	17	10	330
2007	7	17	11	113
2007	7	17	12	113
2007	7	16	13	247
2007	7	17	14	169
2007	7	17	15	84.5
2007	7	17	16	84.5
2007	7	18	17	103
2007	7	19	18	152.5
2007	7	19	19	152.5
2007	7	17	20	240
2007	7	17	21	330
2007	7	14	22	117.5
2007	7	17	23	.
2007	8	20	1	327.5
2007	8	21	2	209
2007	8	21	3	-6.8
2007	8	20	4	90
2007	8	.	5	.
2007	8	20	6	102
2007	8	23	7	380
2007	8	23	8	356
2007	8	23	9	166
2007	8	22	10	327.5
2007	8	22	11	116
2007	8	21	12	116
2007	8	22	13	228
2007	8	21	14	.
2007	8	20	15	90
2007	8	20	16	90
2007	8	20	17	102
2007	8	23	18	160
2007	8	23	19	160
2007	8	21	20	239
2007	8	22	21	327.5
2007	8	22	22	116
2007	8	21	23	158
2007	9	18	1	331.5
2007	9	17	2	206
2007	9	18	3	6
2007	9	17	4	93
2007	9	.	5	.
2007	9	18	6	93.5
2007	9	18	7	382
2007	9	18	8	350
2007	9	20	9	.
2007	9	19	10	331
2007	9	17	11	116
2007	9	18	12	117
2007	9	19	13	227
2007	9	18	14	170
2007	9	17	15	93
2007	9	17	16	93
2007	9	17	17	104.5
2007	9	20	18	81
2007	9	20	19	81
2007	9	18	20	228
2007	9	19	21	331.5
2007	9	15	22	121
2007	9	19	23	166.5
2007	10	17	1	338
2007	10	16	2	290
2007	10	16	3	28
2007	10	15	4	83
2007	10	.	5	.
2007	10	16	6	94
2007	10	16	7	392
2007	10	16	8	356
2007	10	18	9	.
2007	10	16	10	337
2007	10	16	11	115
2007	10	16	12	120
2007	10	17	13	227
2007	10	16	14	185
2007	10	15	15	87
2007	10	15	16	90
2007	10	17	17	98
2007	10	18	18	91
2007	10	18	19	91
2007	10	16	20	267
2007	10	18	21	303.5
2007	10	13	22	117
2007	10	18	23	172.5
2007	11	20	1	352
2007	11	20	2	233
2007	11	20	3	68
2007	11	19	4	82
2007	11	19	5	.
2007	11	19	6	103.5
2007	11	20	7	302
2007	11	20	8	261
2007	11	20	9	.
2007	11	20	10	354.5
2007	11	20	11	115
2007	11	20	12	122
2007	11	21	13	282
2007	11	20	14	.
2007	11	19	15	87
2007	11	19	16	85
2007	11	19	17	102
2007	11	17	18	209.5
2007	11	17	19	209.5
2007	11	20	20	267
2007	11	20	21	317
2007	11	17	22	129
2007	11	20	23	.
2007	12	17	1	357
2007	12	18	2	235
2007	12	18	3	88
2007	12	17	4	80
2007	12	.	5	.
2007	12	19	6	102
2007	12	17	7	301.5
2007	12	18	8	259
2007	12	20	9	182
2007	12	17	10	357
2007	12	18	11	114
2007	12	18	12	117
2007	12	19	13	286
2007	12	18	14	224.5
2007	12	17	15	81
2007	12	17	16	81
2007	12	19	17	102
2007	12	18	18	210.5
2007	12	18	19	210.5
2007	12	17	20	274
2007	12	17	21	320
2007	12	15	22	118.5
2007	12	20	23	201
2008	1	16	1	360.5
2008	1	14	2	245
2008	1	15	3	66
2008	1	14	4	83
2008	1	.	5	.
2008	1	15	6	103
2008	1	15	7	301
2008	1	16	8	400
2008	1	17	9	.
2008	1	17	10	358.5
2008	1	17	11	114
2008	1	15	12	116.5
2008	1	16	13	291
2008	1	15	14	219
2008	1	14	15	86
2008	1	14	16	86
2008	1	15	17	100
2008	1	17	18	210.5
2008	1	17	19	210.5
2008	1	17	20	270.5
2008	1	16	21	319.5
2008	1	12	22	218
2008	1	22	23	.
2008	2	20	1	358
2008	2	19	2	240.5
2008	2	19	3	66
2008	2	18	4	81
2008	2	.	5	.
2008	2	21	6	100.5
2008	2	19	7	.
2008	2	20	8	.
2008	2	26	9	.
2008	2	19	10	359
2008	2	19	11	114
2008	2	19	12	115
2008	2	20	13	279
2008	2	22	14	220
2008	2	18	15	86
2008	2	18	16	86
2008	2	19	17	100
2008	2	21	18	214
2008	2	21	19	214
2008	2	20	20	271
2008	2	20	21	322
2008	2	16	22	121
2008	2	21	23	200
2008	2	19	24	.
2008	3	17	1	342
2008	3	18	2	208.5
2008	3	18	3	67
2008	3	17	4	78
2008	3	.	5	.
2008	3	19	6	88.5
2008	3	18	7	.
2008	3	19	8	240
2008	3	20	9	.
2008	3	17	10	342
2008	3	18	11	112.5
2008	3	18	12	116.5
2008	3	19	13	213
2008	3	18	14	188
2008	3	17	15	68
2008	3	17	16	68
2008	3	19	17	88.5
2008	3	20	18	145.5
2008	3	20	19	145.5
2008	3	19	20	.
2008	3	17	21	308
2008	3	20	22	113.5
2008	3	20	23	158
2008	3	18	24	.
2008	4	16	1	336
2008	4	15	2	206
2008	4	15	3	3.5
2008	4	14	4	71
2008	4	.	5	.
2008	4	18	6	94
2008	4	15	7	341.5
2008	4	16	8	329
2008	4	17	9	160
2008	4	16	10	336
2008	4	14	11	114
2008	4	15	12	114
2008	4	16	13	220
2008	4	15	14	140
2008	4	14	15	73
2008	4	14	16	73
2008	4	14	17	92.5
2008	4	17	18	90
2008	4	17	19	90
2008	4	18	20	234
2008	4	15	21	302
2008	4	11	22	.
2008	4	17	23	163
2008	4	17	24	.
2008	5	21	1	342
2008	5	20	2	207
2008	5	20	3	20
2008	5	19	4	67
2008	5	.	5	.
2008	5	22	6	87
2008	5	20	7	350
2008	5	19	8	340
2008	5	21	9	.
2008	5	20	10	.
2008	5	21	11	116.5
2008	5	20	12	115
2008	5	21	13	245
2008	5	21	14	.
2008	5	19	15	68.5
2008	5	19	16	68.5
2008	5	22	17	87
2008	5	21	18	95
2008	5	21	19	95
2008	5	19	20	230
2008	5	20	21	330
2008	5	20	22	115
2008	5	21	23	174
2008	5	20	24	.
2008	6	17	1	313
2008	6	17	2	203
2008	6	17	3	-3
2008	6	17	4	75
2008	6	.	5	.
2008	6	18	6	91
2008	6	17	7	359
2008	6	17	8	212
2008	6	19	9	.
2008	6	17	10	313
2008	6	17	11	114
2008	6	17	12	114
2008	6	18	13	245
2008	6	17	14	161
2008	6	17	15	75
2008	6	17	16	75
2008	6	19	17	91
2008	6	17	18	89
2008	6	17	19	89
2008	6	16	20	223
2008	6	17	21	294
2008	6	17	22	114
2008	6	19	23	161
2008	6	17	24	.
2008	7	15	1	303.5
2008	7	15	2	203
2008	7	15	3	21
2008	7	15	4	80
2008	7	15	5	.
2008	7	16	6	99
2008	7	15	7	372.5
2008	7	16	8	332
2008	7	17	9	178
2008	7	15	10	303.5
2008	7	15	11	115
2008	7	15	12	117
2008	7	16	13	247
2008	7	15	14	181.5
2008	7	15	15	80
2008	7	15	16	80
2008	7	15	17	84.4
2008	7	15	18	86
2008	7	15	19	86
2008	7	14	20	218
2008	7	15	21	285
2008	7	15	22	115
2008	7	17	23	159
2008	7	15	24	.
2008	8	20	1	334.5
2008	8	20	2	216
2008	8	19	3	29.5
2008	8	19	4	75
2008	8	19	5	.
2008	8	19	6	91
2008	8	19	7	366
2008	8	20	8	295
2008	8	.	9	.
2008	8	20	10	334.5
2008	8	20	11	119
2008	8	18	12	118
2008	8	20	13	227
2008	8	19	14	175
2008	8	19	15	75
2008	8	19	16	75
2008	8	19	17	91
2008	8	21	18	86
2008	8	21	19	86
2008	8	21	20	246
2008	8	20	21	301.5
2008	8	20	22	119
2008	8	21	23	170
2008	8	19	24	.
2008	9	19	1	338
2008	9	16	2	214
2008	9	15	3	22
2008	9	16	4	87.5
2008	9	17	5	.
2008	9	16	6	93
2008	9	16	7	383.5
2008	9	17	8	332
2008	9	17	9	180
2008	9	16	10	339
2008	9	18	11	.
2008	9	15	12	123
2008	9	16	13	234.5
2008	9	17	14	280
2008	9	16	15	87.5
2008	9	16	16	87.5
2008	9	15	17	90.5
2008	9	16	18	88.5
2008	9	16	19	88.5
2008	9	17	20	245
2008	9	17	21	302.5
2008	9	20	22	117
2008	9	17	23	174
2008	9	16	24	.
2008	10	23	1	351
2008	10	21	2	217
2008	10	20	3	40
2008	10	21	4	89
2008	10	23	5	.
2008	10	20	6	65
2008	10	21	7	376
2008	10	22	8	336
2008	10	22	9	283
2008	10	21	10	338
2008	10	23	11	.
2008	10	20	12	114
2008	10	21	13	215
2008	10	22	14	.
2008	10	21	15	87
2008	10	21	16	87
2008	10	22	17	65
2008	10	21	18	82.5
2008	10	21	19	82.5
2008	10	24	20	247
2008	10	21	21	304
2008	10	25	22	114
2008	10	22	23	172
2008	10	21	24	.
2008	10	21	25	87
2008	11	18	1	352
2008	11	19	2	136
2008	11	17	3	54.5
2008	11	18	4	87
2008	11	.	5	.
2008	11	19	6	84
2008	11	18	7	294
2008	11	19	8	387
2008	11	19	9	176
2008	11	20	10	355
2008	11	20	11	117
2008	11	17	12	114
2008	11	18	13	270
2008	11	17	14	239
2008	11	18	15	87
2008	11	18	16	87
2008	11	18	17	81
2008	11	18	18	223
2008	11	18	19	223
2008	11	21	20	290
2008	11	19	21	319
2008	11	22	22	118
2008	11	19	23	206
2008	11	18	24	.
2008	11	18	25	.
2008	12	18	1	358.5
2008	12	17	2	237.5
2008	12	15	3	61
2008	12	16	4	87
2008	12	.	5	.
2008	12	17	6	86
2008	12	16	7	296
2008	12	17	8	390
2008	12	17	9	.
2008	12	17	10	356
2008	12	17	11	114
2008	12	15	12	114
2008	12	17	13	276
2008	12	17	14	236
2008	12	16	15	87
2008	12	16	16	87
2008	12	19	17	85
2008	12	15	18	225
2008	12	15	19	225
2008	12	17	20	287
2008	12	16	21	322.5
2008	12	15	22	114
2008	12	17	23	203.5
2008	12	19	24	.
2008	12	16	25	87
2009	1	20	1	350.5
2009	1	20	2	234
2009	1	20	3	51
2009	1	20	4	87
2009	1	21	5	.
2009	1	21	6	93
2009	1	20	7	295
2009	1	20	8	385
2009	1	21	9	.
2009	1	20	10	350.5
2009	1	22	11	115.5
2009	1	19	12	120
2009	1	20	13	176
2009	1	22	14	230.5
2009	1	20	15	84
2009	1	20	16	84
2009	1	21	17	92
2009	1	22	18	211.5
2009	1	22	19	211.5
2009	1	23	20	282.5
2009	1	22	21	314.5
2009	1	24	22	117
2009	1	21	23	210
2009	1	20	24	.
2009	1	20	25	84
2009	2	18	1	352
2009	2	17	2	237
2009	2	18	3	59
2009	2	16	4	93
2009	2	.	5	.
2009	2	17	6	129
2009	2	17	7	300
2009	2	17	8	380
2009	2	18	9	0
2009	2	19	10	353
2009	2	19	11	112
2009	2	16	12	112
2009	2	17	13	281.5
2009	2	18	14	222.5
2009	2	17	15	89
2009	2	17	16	89
2009	2	17	17	129
2009	2	19	18	211.5
2009	2	19	19	211.5
2009	2	20	20	288
2009	2	18	21	317
2009	2	21	22	113
2009	2	19	23	202
2009	2	17	24	.
2009	2	17	25	89
2009	3	17	1	345
2009	3	17	2	219
2009	3	17	3	31
2009	3	17	4	81.7
2009	3	.	5	.
2009	3	17	6	114
2009	3	17	7	365
2009	3	17	8	230
2009	3	18	9	.
2009	3	17	10	345
2009	3	19	11	113
2009	3	16	12	114
2009	3	17	13	232
2009	3	18	14	.
2009	3	17	15	82.5
2009	3	17	16	85
2009	3	17	17	114
2009	3	18	18	58
2009	3	18	19	58
2009	3	20	20	261
2009	3	15	21	310
2009	3	17	22	116
2009	3	18	23	270
2009	3	17	24	.
2009	3	17	25	82.5
2009	4	22	1	331
2009	4	21	2	206
2009	4	20	3	20
2009	4	21	4	83
2009	4	22	5	.
2009	4	21	6	106
2009	4	21	7	365
2009	4	21	8	325
2009	4	22	9	185
2009	4	23	10	331
2009	4	23	11	105.5
2009	4	20	12	116
2009	4	21	13	263
2009	4	22	14	167.5
2009	4	21	15	84
2009	4	21	16	84
2009	4	21	17	106
2009	4	23	18	91
2009	4	23	19	91
2009	4	24	20	251
2009	4	22	21	299
2009	4	25	22	112
2009	4	23	23	169
2009	4	24	24	.
2009	4	23	25	83
2009	5	19	1	310
2009	5	19	2	198
2009	5	18	3	-2
2009	5	19	4	74
2009	5	.	5	.
2009	5	18	6	112
2009	5	19	7	353
2009	5	19	8	228
2009	5	21	9	.
2009	5	20	10	312
2009	5	21	11	150
2009	5	18	12	112
2009	5	19	13	223.5
2009	5	19	14	164
2009	5	19	15	74
2009	5	19	16	74
2009	5	18	17	112
2009	5	21	18	87.5
2009	5	21	19	87.5
2009	5	19	20	223
2009	5	19	21	293
2009	5	21	22	150
2009	5	21	23	153.5
2009	5	.	24	.
2009	5	19	25	74
2009	6	16	1	299.5
2009	6	16	2	204
2009	6	15	3	1
2009	6	16	4	81
2009	6	16	5	.
2009	6	16	6	113
2009	6	18	7	372
2009	6	16	8	318
2009	6	17	9	.
2009	6	17	10	297
2009	6	16	11	118
2009	6	16	12	118
2009	6	17	13	238
2009	6	18	14	170
2009	6	16	15	81
2009	6	16	16	81
2009	6	16	17	113
2009	6	16	18	91
2009	6	16	19	91
2009	6	16	20	255
2009	6	17	21	297
2009	6	16	22	118
2009	6	18	23	155
2009	6	.	24	.
2009	6	16	25	81
2009	7	21	1	315.5
2009	7	21	2	211
2009	7	20	3	-1
2009	7	21	4	96
2009	7	21	5	.
2009	7	21	6	113
2009	7	23	7	399
2009	7	21	8	326
2009	7	22	9	.
2009	7	22	10	317
2009	7	21	11	116
2009	7	21	12	116
2009	7	22	13	236
2009	7	23	14	166
2009	7	21	15	97
2009	7	21	16	97
2009	7	21	17	113
2009	7	21	18	82
2009	7	21	19	82
2009	7	21	20	250
2009	7	22	21	317
2009	7	21	22	116
2009	7	23	23	155
2009	7	20	24	.
2009	7	21	25	97
2009	8	17	1	327.5
2009	8	16	2	193
2009	8	17	3	0
2009	8	18	4	.
2009	8	19	5	.
2009	8	20	6	118
2009	8	18	7	357
2009	8	20	8	320
2009	8	18	9	.
2009	8	17	10	327.5
2009	8	20	11	119
2009	8	20	12	119
2009	8	16	13	234
2009	8	18	14	157.5
2009	8	18	15	87
2009	8	18	16	87
2009	8	21	17	121
2009	8	18	18	80.5
2009	8	18	19	80.5
2009	8	21	20	248
2009	8	17	21	327.5
2009	8	20	22	119
2009	8	19	23	158
2009	8	18	24	.
2009	8	18	25	87
2009	9	15	1	327
2009	9	15	2	201.5
2009	9	14	3	-25
2009	9	15	4	82
2009	9	.	5	.
2009	9	14	6	116.5
2009	9	16	7	347
2009	9	15	8	319
2009	9	16	9	.
2009	9	18	10	328
2009	9	14	11	116
2009	9	14	12	116
2009	9	14	13	235.5
2009	9	14	14	160
2009	9	15	15	82
2009	9	15	16	82
2009	9	15	17	118.5
2009	9	18	18	71.5
2009	9	18	19	71.5
2009	9	18	20	230
2009	9	14	21	301
2009	9	19	22	116
2009	9	15	23	156
2009	9	15	24	.
2009	9	15	25	82
2009	10	21	1	333
2009	10	20	2	221
2009	10	19	3	5
2009	10	20	4	85
2009	10	.	5	.
2009	10	20	6	96
2009	10	21	7	349.5
2009	10	20	8	334
2009	10	23	9	.
2009	10	20	10	337
2009	10	21	11	115
2009	10	19	12	116
2009	10	22	13	231
2009	10	19	14	.
2009	10	20	15	85
2009	10	20	16	85
2009	10	19	17	97
2009	10	21	18	96
2009	10	21	19	96.5
2009	10	23	20	278
2009	10	22	21	336
2009	10	24	22	116
2009	10	20	23	165.5
2009	10	20	24	.
2009	10	20	25	85
2009	11	19	1	352
2009	11	17	2	232.5
2009	11	16	3	58
2009	11	17	4	83
2009	11	16	5	.
2009	11	17	6	122
2009	11	18	7	301
2009	11	17	8	386
2009	11	19	9	.
2009	11	17	10	353
2009	11	18	11	118
2009	11	16	12	118
2009	11	16	13	271
2009	11	16	14	228.5
2009	11	17	15	84
2009	11	17	16	84
2009	11	18	17	122
2009	11	18	18	203
2009	11	18	19	203
2009	11	16	20	275
2009	11	19	21	354
2009	11	21	22	117
2009	11	17	23	201.5
2009	11	17	24	.
2009	11	17	25	84
2009	12	15	1	358
2009	12	15	2	239
2009	12	14	3	58.5
2009	12	15	4	81
2009	12	18	5	.
2009	12	18	6	103
2009	12	16	7	303
2009	12	15	8	386
2009	12	16	9	.
2009	12	16	10	358
2009	12	16	11	116
2009	12	14	12	115.5
2009	12	15	13	275
2009	12	14	14	321
2009	12	15	15	81
2009	12	15	16	81
2009	12	15	17	102
2009	12	15	18	208
2009	12	15	19	208
2009	12	14	20	287.5
2009	12	16	21	354
2009	12	16	22	116.5
2009	12	16	23	200.5
2009	12	15	24	.
2009	12	15	25	86
2010	1	19	1	358
2010	1	19	2	240
2010	1	20	3	62
2010	1	19	4	85
2010	1	22	5	.
2010	1	21	6	92
2010	1	20	7	434
2010	1	19	8	379
2010	1	19	9	.
2010	1	20	10	358
2010	1	20	11	120
2010	1	20	12	116.5
2010	1	20	13	274
2010	1	20	14	309
2010	1	19	15	85
2010	1	19	16	85
2010	1	21	17	92
2010	1	22	18	212
2010	1	22	19	212
2010	1	22	20	288
2010	1	21	21	362
2010	1	24	22	116.5
2010	1	19	23	199
2010	1	19	24	.
2010	1	19	25	85
2010	2	16	1	363
2010	2	16	2	241
2010	2	16	3	64
2010	2	16	4	.
2010	2	.	5	.
2010	2	19	6	102
2010	2	17	7	397.5
2010	2	18	8	369
2010	2	18	9	.
2010	2	16	10	363
2010	2	17	11	109
2010	2	16	12	212
2010	2	17	13	279
2010	2	17	14	319
2010	2	16	15	85
2010	2	16	16	85
2010	2	17	17	100
2010	2	16	18	211.5
2010	2	16	19	211.5
2010	2	19	20	291
2010	2	18	21	359
2010	2	20	22	168
2010	2	16	23	203.5
2010	2	16	24	.
2010	2	16	25	85
2010	3	15	1	348
2010	3	15	2	213.5
2010	3	15	3	35.5
2010	3	16	4	88
2010	3	17	5	.
2010	3	16	6	99.5
2010	3	18	7	404
2010	3	16	8	323
2010	3	16	9	.
2010	3	15	10	348
2010	3	18	11	89.5
2010	3	18	12	89.5
2010	3	17	13	230.5
2010	3	16	14	178
2010	3	16	15	88
2010	3	16	16	88
2010	3	15	17	101
2010	3	17	18	94
2010	3	17	19	94
2010	3	15	20	261
2010	3	18	21	354.5
2010	3	18	22	89.5
2010	3	18	23	172
2010	3	18	24	.
2010	3	16	25	88
2010	4	19	1	339.5
2010	4	20	2	206
2010	4	20	3	24
2010	4	20	4	.
2010	4	23	5	.
2010	4	20	6	69
2010	4	19	7	340.5
2010	4	21	8	322.5
2010	4	22	9	188
2010	4	20	10	338.5
2010	4	21	11	115
2010	4	19	12	115
2010	4	21	13	230
2010	4	19	14	140
2010	4	20	15	75
2010	4	20	16	75
2010	4	23	17	71
2010	4	20	18	87.5
2010	4	20	19	87.5
2010	4	23	20	262
2010	4	22	21	343
2010	4	24	22	117
2010	4	20	23	.
2010	4	19	24	.
2010	4	20	25	75
2010	5	19	1	328
2010	5	18	2	201
2010	5	17	3	-96
2010	5	.	4	.
2010	5	17	5	.
2010	5	19	6	86
2010	5	19	7	323
2010	5	20	8	223
2010	5	18	9	163
2010	5	19	10	328
2010	5	20	11	114
2010	5	20	12	114
2010	5	19	13	233
2010	5	19	14	260
2010	5	18	15	62
2010	5	18	16	62
2010	5	19	17	86
2010	5	20	18	88
2010	5	20	19	88
2010	5	21	20	261
2010	5	21	21	330
2010	5	20	22	114
2010	5	20	23	.
2010	5	19	24	.
2010	5	18	25	62
2010	6	16	1	324.5
2010	6	16	2	210
2010	6	17	3	.
2010	6	15	4	89.5
2010	6	15	5	.
2010	6	17	6	114
2010	6	14	7	351
2010	6	16	8	320
2010	6	17	9	54.5
2010	6	16	10	323
2010	6	15	11	116
2010	6	15	12	116
2010	6	16	13	240
2010	6	14	14	159
2010	6	16	15	78
2010	6	15	16	89.5
2010	6	18	17	112.5
2010	6	15	18	90.5
2010	6	15	19	90.5
2010	6	17	20	267
2010	6	15	21	327
2010	6	15	22	116
2010	6	17	23	164.5
2010	6	18	24	.
2010	6	15	25	89.5
2010	7	21	1	340
2010	7	21	2	218.5
2010	7	22	3	22
2010	7	20	4	93
2010	7	20	5	.
2010	7	22	6	120
2010	7	19	7	402
2010	7	21	8	324
2010	7	22	9	45
2010	7	21	10	341
2010	7	20	11	110
2010	7	20	12	110
2010	7	21	13	249
2010	7	19	14	168
2010	7	20	15	97.5
2010	7	20	16	97.5
2010	7	23	17	134
2010	7	20	18	88
2010	7	20	19	88
2010	7	22	20	267
2010	7	20	21	304
2010	7	20	22	110
2010	7	22	23	159.5
2010	7	22	24	.
2010	7	20	25	97.5
2010	8	17	1	327
2010	8	18	2	208.5
2010	8	16	3	5
2010	8	17	4	79
2010	8	17	5	.
2010	8	19	6	103
2010	8	19	7	370
2010	8	20	8	333
2010	8	17	9	47.5
2010	8	17	10	327
2010	8	16	11	116
2010	8	16	12	116
2010	8	18	13	227
2010	8	19	14	162.5
2010	8	17	15	82
2010	8	17	16	82
2010	8	16	17	112.5
2010	8	20	18	86
2010	8	20	19	86
2010	8	20	20	261
2010	8	16	21	323
2010	8	16	22	116
2010	8	18	23	.
2010	8	20	24	.
2010	8	19	25	92.5
2010	9	21	1	330
2010	9	21	2	205
2010	9	20	3	-18
2010	9	21	4	90
2010	9	24	5	.
2010	9	21	6	100.5
2010	9	22	7	393
2010	9	22	8	317
2010	9	23	9	.
2010	9	22	10	330
2010	9	22	11	116.5
2010	9	20	12	117
2010	9	23	13	224
2010	9	22	14	169
2010	9	21	15	89
2010	9	21	16	89
2010	9	20	17	106
2010	9	24	18	95
2010	9	24	19	95
2010	9	24	20	.
2010	9	23	21	320
2010	9	25	22	115
2010	9	23	23	.
2010	9	23	24	.
2010	9	20	25	93
2010	10	20	1	334
2010	10	19	2	206
2010	10	18	3	19
2010	10	19	4	90
2010	10	18	5	.
2010	10	18	6	99
2010	10	20	7	391
2010	10	22	8	322
2010	10	20	9	165
2010	10	21	10	323
2010	10	20	11	98
2010	10	18	12	97
2010	10	20	13	149
2010	10	20	14	272
2010	10	19	15	93
2010	10	19	16	93
2010	10	19	17	99
2010	10	22	18	96.5
2010	10	22	19	96.5
2010	10	22	20	259
2010	10	21	21	323
2010	10	23	22	118
2010	10	21	23	143
2010	10	20	24	.
2010	10	19	25	93
2010	11	18	1	352
2010	11	16	2	221
2010	11	17	3	55
2010	11	16	4	91
2010	11	15	5	.
2010	11	17	6	108
2010	11	17	7	302.5
2010	11	19	8	266
2010	11	18	9	.
2010	11	16	10	352
2010	11	17	11	116
2010	11	15	12	118
2010	11	17	13	275
2010	11	17	14	277
2010	11	16	15	81
2010	11	16	16	81
2010	11	15	17	107.5
2010	11	19	18	211
2010	11	19	19	211
2010	11	19	20	282
2010	11	18	21	353
2010	11	20	22	117.5
2010	11	18	23	.
2010	11	15	24	.
2010	11	16	25	80
2010	12	20	1	348
2010	12	21	2	235
2010	12	20	3	53
2010	12	21	4	98
2010	12	21	5	.
2010	12	20	6	113
2010	12	20	7	434.5
2010	12	21	8	269
2010	12	22	9	.
2010	12	20	10	348
2010	12	20	11	111
2010	12	20	12	111
2010	12	21	13	279
2010	12	20	14	239
2010	12	21	15	98
2010	12	21	16	98
2010	12	20	17	113
2010	12	20	18	206.5
2010	12	20	19	206.5
2010	12	21	20	286
2010	12	20	21	351
2010	12	20	22	111
2010	12	20	23	198
2010	12	21	24	.
2010	12	21	25	98
2011	1	19	1	348
2011	1	18	2	239
2011	1	21	3	48
2011	1	18	4	.
2011	1	19	5	.
2011	1	18	6	111
2011	1	19	7	399
2011	1	21	8	395
2011	1	20	9	.
2011	1	18	10	347
2011	1	19	11	113
2011	1	20	12	103
2011	1	19	13	283
2011	1	19	14	319
2011	1	18	15	.
2011	1	18	16	.
2011	1	21	17	119.5
2011	1	21	18	213
2011	1	21	19	213
2011	1	21	20	291
2011	1	20	21	348
2011	1	21	22	114
2011	1	20	23	299
2011	1	19	24	.
2011	1	18	25	.
2011	2	15	1	353
2011	2	15	2	241
2011	2	16	3	53
2011	2	15	4	85
2011	2	14	5	.
2011	2	14	6	110
2011	2	16	7	.
2011	2	16	8	400
2011	2	17	9	.
2011	2	16	10	352
2011	2	16	11	114
2011	2	14	12	114
2011	2	16	13	284
2011	2	16	14	319.5
2011	2	15	15	88
2011	2	15	16	88
2011	2	15	17	107
2011	2	18	18	216
2011	2	18	19	216
2011	2	18	20	293
2011	2	17	21	354
2011	2	19	22	113.5
2011	2	17	23	201
2011	2	16	24	.
2011	2	15	25	88
2011	3	15	1	330.5
2011	3	14	2	213
2011	3	14	3	0
2011	3	15	4	72
2011	3	18	5	.
2011	3	15	6	94.5
2011	3	16	7	386.5
2011	3	14	8	224
2011	3	17	9	.
2011	3	15	10	330.5
2011	3	15	11	113
2011	3	15	12	113
2011	3	16	13	215
2011	3	16	14	292
2011	3	15	15	72
2011	3	15	16	72
2011	3	16	17	95
2011	3	14	18	138
2011	3	14	19	138
2011	3	14	20	159
2011	3	15	21	330.5
2011	3	15	22	113
2011	3	14	23	166.5
2011	3	.	24	.
2011	3	15	25	72
2011	4	19	1	325
2011	4	19	2	218
2011	4	18	3	6
2011	4	19	4	89
2011	4	18	5	.
2011	4	18	6	104.5
2011	4	20	7	393
2011	4	22	8	.
2011	4	20	9	.
2011	4	19	10	325
2011	4	20	11	114
2011	4	18	12	114
2011	4	20	13	230.5
2011	4	20	14	300
2011	4	19	15	90.5
2011	4	19	16	90.5
2011	4	19	17	108
2011	4	20	18	98
2011	4	20	19	98
2011	4	19	20	277
2011	4	21	21	327.5
2011	4	23	22	114
2011	4	19	23	167
2011	4	19	24	.
2011	4	19	25	90.5
2011	5	18	1	322
2011	5	17	2	218
2011	5	18	3	3
2011	5	17	4	82
2011	5	19	5	.
2011	5	16	6	93.5
2011	5	18	7	364
2011	5	19	8	340
2011	5	17	9	189
2011	5	18	10	322
2011	5	18	11	114
2011	5	19	12	115
2011	5	18	13	233
2011	5	18	14	271
2011	5	17	15	81.5
2011	5	17	16	81.5
2011	5	18	17	90.5
2011	5	20	18	89.5
2011	5	20	19	89.5
2011	5	20	20	278
2011	5	19	21	324
2011	5	21	22	115
2011	5	19	23	168
2011	5	.	24	.
2011	5	17	25	81
2011	6	21	1	300
2011	6	20	2	205
2011	6	21	3	10
2011	6	21	4	80
2011	6	21	5	.
2011	6	23	6	135
2011	6	22	7	386
2011	6	21	8	336
2011	6	21	9	173
2011	6	21	10	300
2011	6	20	11	115
2011	6	20	12	115
2011	6	22	13	237
2011	6	22	14	297
2011	6	21	15	80
2011	6	21	16	80
2011	6	21	17	105
2011	6	21	18	126
2011	6	21	19	126
2011	6	21	20	278
2011	6	20	21	300
2011	6	20	22	115
2011	6	20	23	166
2011	6	20	24	.
2011	6	21	25	80
2011	6	21	26	190
2011	7	19	1	296
2011	7	18	2	210
2011	7	20	3	6
2011	7	20	4	79
2011	7	19	5	.
2011	7	21	6	130.5
2011	7	20	7	381.5
2011	7	19	8	336
2011	7	19	9	173
2011	7	19	10	296
2011	7	18	11	115.5
2011	7	18	12	115.5
2011	7	20	13	242
2011	7	20	14	279.5
2011	7	20	15	79
2011	7	20	16	79
2011	7	19	17	126
2011	7	20	18	93
2011	7	20	19	93
2011	7	19	20	281
2011	7	18	21	296
2011	7	18	22	115.5
2011	7	18	23	165
2011	7	21	24	.
2011	7	20	25	79
2011	7	19	26	179.5
2011	8	16	1	323
2011	8	16	2	205
2011	8	17	3	-30
2011	8	16	4	.
2011	8	17	5	.
2011	8	16	6	126
2011	8	16	7	380
2011	8	17	8	348
2011	8	17	9	184
2011	8	16	10	323
2011	8	16	11	115
2011	8	16	12	115
2011	8	17	13	234
2011	8	16	14	286
2011	8	16	15	85
2011	8	16	16	85
2011	8	16	17	126
2011	8	19	18	102.5
2011	8	19	19	102.5
2011	8	17	20	279
2011	8	16	21	300
2011	8	15	22	115
2011	8	16	23	153
2011	8	15	24	.
2011	8	16	25	85
2011	8	16	26	191
2011	9	22	1	338
2011	9	20	2	219.5
2011	9	21	3	28
2011	9	20	4	70
2011	9	22	5	.
2011	9	21	6	124.5
2011	9	23	7	335
2011	9	21	8	346
2011	9	22	9	.
2011	9	21	10	337
2011	9	21	11	114
2011	9	20	12	104
2011	9	20	13	234
2011	9	23	14	288
2011	9	20	15	74
2011	9	20	16	74
2011	9	22	17	119.5
2011	9	23	18	104.5
2011	9	23	19	104.5
2011	9	22	20	296
2011	9	22	21	352
2011	9	24	22	118
2011	9	22	23	178
2011	9	23	24	.
2011	9	20	25	74
2011	9	20	26	189
2011	10	19	1	339
2011	10	18	2	222
2011	10	19	3	59
2011	10	17	4	96
2011	10	20	5	.
2011	10	17	6	95.5
2011	10	21	7	319.5
2011	10	20	8	337
2011	10	20	9	184
2011	10	20	10	343
2011	10	19	11	112
2011	10	18	12	112
2011	10	19	13	241
2011	10	21	14	285
2011	10	17	15	98
2011	10	17	16	97
2011	10	17	17	95.5
2011	10	21	18	101
2011	10	21	19	101
2011	10	21	20	300
2011	10	20	21	344
2011	10	22	22	110
2011	10	20	23	169.5
2011	10	18	24	.
2011	10	17	25	97
2011	10	18	26	.
2011	11	17	1	341
2011	11	15	2	226
2011	11	16	3	57
2011	11	15	4	80
2011	11	17	5	.
2011	11	14	6	103.5
2011	11	18	7	304
2011	11	16	8	354
2011	11	17	9	.
2011	11	16	10	342.5
2011	11	18	11	101
2011	11	15	12	104
2011	11	16	13	271
2011	11	18	14	327
2011	11	15	15	79
2011	11	15	16	79
2011	11	14	17	104
2011	11	18	18	203
2011	11	18	19	203
2011	11	16	20	280
2011	11	15	21	341.5
2011	11	19	22	101
2011	11	17	23	155
2011	11	15	24	.
2011	11	15	25	79
2011	11	15	26	.
2011	12	20	1	340
2011	12	19	2	227
2011	12	20	3	.
2011	12	20	4	94
2011	12	20	5	.
2011	12	19	6	107
2011	12	21	7	302
2011	12	20	8	384
2011	12	20	9	.
2011	12	20	10	340
2011	12	20	11	92
2011	12	20	12	92
2011	12	20	13	279
2011	12	21	14	323
2011	12	20	15	94
2011	12	20	16	94
2011	12	19	17	107
2011	12	21	18	208
2011	12	21	19	208
2011	12	19	20	305
2011	12	19	21	339
2011	12	19	22	93.5
2011	12	19	23	158
2011	12	20	24	.
2011	12	20	25	94
2011	12	20	26	.
2012	1	19	1	342
2012	1	17	2	225
2012	1	18	3	51
2012	1	17	4	.
2012	1	19	5	.
2012	1	18	6	110
2012	1	20	7	435
2012	1	18	8	393
2012	1	19	9	.
2012	1	17	10	343
2012	1	18	11	92
2012	1	17	12	93
2012	1	18	13	280
2012	1	20	14	290
2012	1	17	15	83
2012	1	17	16	83
2012	1	20	17	109
2012	1	20	18	218
2012	1	20	19	218
2012	1	20	20	313
2012	1	17	21	342
2012	1	21	22	90
2012	1	19	23	189
2012	1	17	24	.
2012	1	17	25	83
2012	1	17	26	.
2012	2	22	1	361
2012	2	21	2	241
2012	2	22	3	58
2012	2	21	4	84.5
2012	2	23	5	.
2012	2	23	6	108
2012	2	24	7	433
2012	2	22	8	374
2012	2	21	9	.
2012	2	22	10	358.5
2012	2	22	11	116
2012	2	21	12	115
2012	2	22	13	.
2012	2	24	14	301.5
2012	2	21	15	84.5
2012	2	21	16	84.5
2012	2	23	17	108
2012	2	22	18	215
2012	2	22	19	215
2012	2	21	20	316
2012	2	21	21	251
2012	2	25	22	115
2012	2	23	23	168
2012	2	21	24	.
2012	2	21	25	84.5
2012	2	21	26	.
2012	2	22	27	63
2012	3	21	1	350
2012	3	22	2	223
2012	3	21	3	28
2012	3	20	4	84
2012	3	22	5	.
2012	3	21	6	106
2012	3	23	7	252.5
2012	3	21	8	476
2012	3	22	9	.
2012	3	22	10	352
2012	3	21	11	115
2012	3	20	12	115
2012	3	21	13	225
2012	3	23	14	280
2012	3	20	15	82.5
2012	3	20	16	84
2012	3	22	17	106
2012	3	23	18	91
2012	3	23	19	91
2012	3	20	20	303.5
2012	3	20	21	350
2012	3	24	22	114
2012	3	22	23	170
2012	3	21	24	.
2012	3	20	25	82.5
2012	3	20	26	.
2012	3	21	27	49.5
2012	4	19	1	338.5
2012	4	17	2	214
2012	4	18	3	-7.5
2012	4	17	4	84
2012	4	19	5	.
2012	4	16	6	106
2012	4	20	7	380
2012	4	18	8	339
2012	4	17	9	183
2012	4	16	10	317
2012	4	18	11	114
2012	4	17	12	112
2012	4	17	13	235
2012	4	20	14	265
2012	4	17	15	82
2012	4	17	16	84
2012	4	20	17	106
2012	4	20	18	91
2012	4	20	19	91
2012	4	16	20	277
2012	4	17	21	336.5
2012	4	21	22	113
2012	4	17	23	165
2012	4	16	24	.
2012	4	17	25	82
2012	4	17	26	.
2012	4	18	27	54
2012	5	16	1	331.5
2012	5	15	2	218
2012	5	16	3	.
2012	5	15	4	77
2012	5	17	5	.
2012	5	16	6	97
2012	5	14	7	376.5
2012	5	16	8	341.5
2012	5	17	9	.
2012	5	16	10	331.5
2012	5	16	11	115
2012	5	15	12	115
2012	5	16	13	228
2012	5	14	14	237
2012	5	15	15	79
2012	5	15	16	79
2012	5	16	17	97
2012	5	14	18	94
2012	5	14	19	94
2012	5	16	20	287
2012	5	15	21	331
2012	5	19	22	116
2012	5	15	23	.
2012	5	17	24	.
2012	5	15	25	79
2012	5	15	26	.
2012	5	14	27	54
2012	6	20	1	330
2012	6	20	2	218
2012	6	19	3	.
2012	6	19	4	82
2012	6	19	5	.
2012	6	19	6	95
2012	6	19	7	398
2012	6	20	8	347
2012	6	18	9	80
2012	6	19	10	328
2012	6	18	11	115
2012	6	18	12	115
2012	6	19	13	225
2012	6	19	14	269
2012	6	19	15	82
2012	6	19	16	82
2012	6	19	17	95
2012	6	19	18	112.5
2012	6	19	19	112.5
2012	6	20	20	290
2012	6	19	21	328
2012	6	18	22	115
2012	6	20	23	171
2012	6	19	24	.
2012	6	19	25	82
2012	6	19	26	.
2012	6	18	27	49
2012	7	18	1	335
2012	7	18	2	220
2012	7	17	3	53
2012	7	17	4	99.5
2012	7	17	5	.
2012	7	18	6	98.5
2012	7	17	7	371
2012	7	18	8	348
2012	7	16	9	155
2012	7	17	10	338
2012	7	16	11	.
2012	7	16	12	.
2012	7	16	13	231
2012	7	17	14	298.5
2012	7	17	15	99.5
2012	7	17	16	99.5
2012	7	19	17	98.5
2012	7	17	18	171
2012	7	17	19	171
2012	7	18	20	293
2012	7	17	21	338
2012	7	16	22	.
2012	7	18	23	166.5
2012	7	17	24	.
2012	7	17	25	99.5
2012	7	17	26	203.5
2012	7	16	27	80.5
2012	8	20	1	335
2012	8	20	2	.
2012	8	20	3	5
2012	8	21	4	68
2012	8	20	5	.
2012	8	20	6	106
2012	8	20	7	383.5
2012	8	22	8	344
2012	8	22	9	192
2012	8	20	10	335
2012	8	25	11	116
2012	8	25	12	116
2012	8	22	13	232
2012	8	20	14	265
2012	8	21	15	68
2012	8	21	16	68
2012	8	20	17	106
2012	8	22	18	120.5
2012	8	22	19	120.5
2012	8	22	20	297
2012	8	25	21	330
2012	8	25	22	116
2012	8	22	23	171.5
2012	8	22	24	.
2012	8	21	25	68
2012	8	23	26	210.5
2012	8	22	27	87
2012	9	18	1	338
2012	9	18	2	216.5
2012	9	27	3	33
2012	9	18	4	93.5
2012	9	20	5	.
2012	9	20	6	107
2012	9	18	7	395
2012	9	19	8	333
2012	9	19	9	171
2012	9	19	10	337
2012	9	19	11	.
2012	9	19	12	116
2012	9	21	13	224.5
2012	9	18	14	309
2012	9	18	15	93.5
2012	9	18	16	93.5
2012	9	19	17	106
2012	9	19	18	186
2012	9	19	19	186
2012	9	19	20	293.5
2012	9	18	21	335
2012	9	22	22	117
2012	9	20	23	154
2012	9	18	24	.
2012	9	18	25	93.5
2012	9	18	26	195.5
2012	9	19	27	85
2012	10	16	1	342
2012	10	16	2	225
2012	10	18	3	33
2012	10	16	4	100
2012	10	18	5	.
2012	10	15	6	120
2012	10	16	7	373
2012	10	17	8	213.5
2012	10	17	9	180
2012	10	17	10	343
2012	10	19	11	117
2012	10	17	12	116
2012	10	19	13	228
2012	10	16	14	304
2012	10	16	15	99
2012	10	16	16	100
2012	10	18	17	131
2012	10	19	18	171
2012	10	19	19	171
2012	10	17	20	303
2012	10	16	21	344
2012	10	20	22	116
2012	10	18	23	164
2012	10	16	24	.
2012	10	16	25	99
2012	10	25	26	.
2012	10	17	27	77
2012	11	19	1	342.5
2012	11	20	2	225
2012	11	20	3	8
2012	11	20	4	87
2012	11	19	5	.
2012	11	19	6	116.5
2012	11	20	7	437
2012	11	19	8	337
2012	11	14	9	182
2012	11	19	10	342.5
2012	11	17	11	113
2012	11	17	12	113
2012	11	19	13	269
2012	11	20	14	352
2012	11	20	15	91
2012	11	20	16	91
2012	11	19	17	116.5
2012	11	20	18	211
2012	11	20	19	211
2012	11	19	20	292
2012	11	20	21	339
2012	11	17	22	113
2012	11	19	23	161
2012	11	21	24	.
2012	11	19	25	91
2012	11	19	26	.
2012	11	19	27	85
2012	12	18	1	336
2012	12	18	2	223
2012	12	18	3	58
2012	12	18	4	82
2012	12	20	5	.
2012	12	17	6	114.5
2012	12	18	7	434
2012	12	19	8	341
2012	12	17	9	.
2012	12	19	10	360
2012	12	21	11	118
2012	12	19	12	104
2012	12	17	13	197
2012	12	18	14	337
2012	12	18	15	82
2012	12	18	16	82
2012	12	20	17	114.5
2012	12	20	18	197
2012	12	20	19	197
2012	12	19	20	313
2012	12	18	21	334.5
2012	12	15	22	104
2012	12	19	23	173
2012	12	17	24	.
2012	12	18	25	82
2012	12	.	26	.
2012	12	18	27	80
2013	1	18	1	362
2013	1	15	2	246
2013	1	17	3	63
2013	1	15	4	85
2013	1	18	5	.
2013	1	16	6	130
2013	1	15	7	435
2013	1	16	8	246
2013	1	25	9	.
2013	1	18	10	362
2013	1	17	11	117
2013	1	17	12	117
2013	1	18	13	277
2013	1	15	14	334
2013	1	15	15	85
2013	1	15	16	85
2013	1	18	17	130.5
2013	1	18	18	217
2013	1	18	19	217
2013	1	16	20	327
2013	1	18	21	326
2013	1	19	22	116
2013	1	17	23	188
2013	1	16	24	.
2013	1	15	25	85
2013	1	.	26	.
2013	1	16	27	88
2013	2	20	1	361.5
2013	2	19	2	245.5
2013	2	21	3	55
2013	2	19	4	84
2013	2	21	5	.
2013	2	19	6	123
2013	2	19	7	433
2013	2	20	8	253.5
2013	2	28	9	.
2013	2	21	10	361
2013	2	22	11	117
2013	2	20	12	118
2013	2	22	13	278
2013	2	19	14	346
2013	2	19	15	84
2013	2	19	16	84
2013	2	22	17	124
2013	2	22	18	217
2013	2	22	19	217
2013	2	20	20	327
2013	2	19	21	360.5
2013	2	23	22	117
2013	2	22	23	197.5
2013	2	20	24	.
2013	2	19	25	84
2013	2	21	26	.
2013	2	.	27	.
2013	3	20	1	336.5
2013	3	19	2	223.5
2013	3	21	3	30
2013	3	19	4	88.5
2013	3	21	5	.
2013	3	22	6	109.5
2013	3	18	7	406
2013	3	18	8	216
2013	3	21	9	.
2013	3	19	10	333
2013	3	22	11	113
2013	3	20	12	115
2013	3	22	13	230.5
2013	3	18	14	306
2013	3	19	15	88.5
2013	3	19	16	88.5
2013	3	21	17	107
2013	3	22	18	189
2013	3	22	19	189
2013	3	18	20	295
2013	3	22	21	353
2013	3	23	22	112
2013	3	21	23	184
2013	3	19	24	.
2013	3	19	25	88.5
2013	3	21	26	.
2013	3	18	27	.
2013	4	17	1	356
2013	4	16	2	231
2013	4	18	3	32
2013	4	16	4	99.5
2013	4	19	5	.
2013	4	15	6	110
2013	4	16	7	361
2013	4	17	8	235.5
2013	4	18	9	191
2013	4	18	10	354
2013	4	17	11	115
2013	4	17	12	117
2013	4	19	13	263
2013	4	16	14	299.5
2013	4	16	15	99.5
2013	4	16	16	99.5
2013	4	16	17	116
2013	4	19	18	179
2013	4	19	19	179
2013	4	17	20	303
2013	4	16	21	356
2013	4	20	22	116
2013	4	17	23	89
2013	4	16	24	.
2013	4	16	25	99.5
2013	4	18	26	.
2013	4	15	27	.
2013	5	24	1	354
2013	5	21	2	230.5
2013	5	21	3	36
2013	5	21	4	80.5
2013	5	23	5	.
2013	5	22	6	93.5
2013	5	21	7	415
2013	5	23	8	.
2013	5	20	9	.
2013	5	24	10	354
2013	5	24	11	116
2013	5	23	12	115
2013	5	22	13	274
2013	5	21	14	308
2013	5	21	15	.
2013	5	21	16	.
2013	5	22	17	93.5
2013	5	21	18	94
2013	5	21	19	94
2013	5	22	20	310
2013	5	24	21	354
2013	5	23	22	115
2013	5	24	23	179
2013	5	23	24	.
2013	5	21	25	.
2013	5	21	26	.
2013	5	.	27	.
2013	6	18	1	346
2013	6	19	2	240
2013	6	18	3	29
2013	6	18	4	92.5
2013	6	18	5	.
2013	6	17	6	91.5
2013	6	20	7	414.5
2013	6	16	8	217
2013	6	17	9	.
2013	6	20	10	314
2013	6	18	11	110
2013	6	20	12	110
2013	6	20	13	250
2013	6	20	14	326.5
2013	6	18	15	92.5
2013	6	18	16	92.5
2013	6	19	17	89.5
2013	6	18	18	200
2013	6	18	19	200
2013	6	19	20	307
2013	6	20	21	314
2013	6	20	22	110
2013	6	19	23	285
2013	6	17	24	.
2013	6	18	25	92.5
2013	6	.	26	.
2013	6	18	27	73.5
2013	7	16	1	330
2013	7	18	2	220.5
2013	7	16	3	.
2013	7	16	4	88.5
2013	7	16	5	.
2013	7	18	6	90
2013	7	18	7	396
2013	7	16	8	210
2013	7	22	9	.
2013	7	17	10	333
2013	7	16	11	111
2013	7	16	12	112
2013	7	17	13	228.5
2013	7	18	14	301
2013	7	16	15	80
2013	7	16	16	80
2013	7	18	17	90
2013	7	16	18	162
2013	7	16	19	162
2013	7	17	20	282
2013	7	16	21	329
2013	7	18	22	113
2013	7	17	23	154
2013	7	22	24	.
2013	7	16	25	80
2013	7	.	26	.
2013	7	16	27	77.5
2013	8	19	1	354
2013	8	20	2	234
2013	8	20	3	59
2013	8	20	4	104
2013	8	20	5	.
2013	8	22	6	105
2013	8	21	7	307
2013	8	20	8	221.5
2013	8	20	9	53.5
2013	8	19	10	354
2013	8	21	11	117
2013	8	23	12	117
2013	8	21	13	260.5
2013	8	21	14	330.5
2013	8	20	15	103
2013	8	20	16	103
2013	8	23	17	97.5
2013	8	21	18	.
2013	8	21	19	.
2013	8	21	20	308
2013	8	19	21	354
2013	8	24	22	144
2013	8	22	23	179
2013	8	20	24	.
2013	8	20	25	103
2013	8	.	26	.
2013	8	20	27	81
2013	9	16	1	347
2013	9	17	2	232
2013	9	19	3	.
2013	9	17	4	76
2013	9	19	5	.
2013	9	16	6	107
2013	9	17	7	332
2013	9	18	8	211.5
2013	9	18	9	83
2013	9	16	10	347
2013	9	19	11	117
2013	9	20	12	117
2013	9	19	13	224
2013	9	17	14	248
2013	9	17	15	76
2013	9	17	16	76
2013	9	16	17	107
2013	9	17	18	158
2013	9	17	19	158
2013	9	18	20	305
2013	9	18	21	357.5
2013	9	21	22	117
2013	9	19	23	157
2013	9	16	24	.
2013	9	17	25	76
2013	9	17	26	.
2013	9	17	27	65
2013	10	15	1	355
2013	10	15	2	226
2013	10	17	3	46
2013	10	15	4	85
2013	10	17	5	.
2013	10	14	6	107
2013	10	15	7	305
2013	10	17	8	218
2013	10	15	9	84
2013	10	17	10	356
2013	10	18	11	113
2013	10	18	12	113
2013	10	16	13	225
2013	10	18	14	277.5
2013	10	15	15	85
2013	10	15	16	85
2013	10	16	17	105
2013	10	15	18	95
2013	10	15	19	95
2013	10	16	20	287
2013	10	16	21	364
2013	10	19	22	118.5
2013	10	17	23	.
2013	10	14	24	.
2013	10	15	25	85
2013	10	21	26	.
2013	10	16	27	.
2013	11	20	1	341
2013	11	19	2	225
2013	11	21	3	60
2013	11	19	4	82
2013	11	21	5	.
2013	11	18	6	101
2013	11	19	7	427
2013	11	21	8	219
2013	11	19	9	87.5
2013	11	21	10	342
2013	11	22	11	116
2013	11	23	12	115
2013	11	20	13	268
2013	11	19	14	326
2013	11	19	15	85
2013	11	19	16	85
2013	11	19	17	101
2013	11	20	18	200.5
2013	11	20	19	200.5
2013	11	20	20	289
2013	11	20	21	343
2013	11	23	22	115
2013	11	21	23	.
2013	11	19	24	.
2013	11	19	25	85
2013	11	20	26	.
2013	11	20	27	73
2013	12	19	1	363
2013	12	17	2	241
2013	12	18	3	59.5
2013	12	17	4	83
2013	12	16	5	.
2013	12	18	6	101
2013	12	17	7	432
2013	12	17	8	218
2013	12	18	9	86
2013	12	17	10	362
2013	12	20	11	117
2013	12	20	12	117
2013	12	18	13	274
2013	12	17	14	328
2013	12	17	15	89
2013	12	17	16	89
2013	12	16	17	117
2013	12	18	18	206
2013	12	18	19	206
2013	12	18	20	323
2013	12	18	21	366
2013	12	20	22	117
2013	12	16	23	186
2013	12	16	24	.
2013	12	17	25	89
2013	12	19	26	.
2013	12	.	27	.
2014	1	24	1	367.5
2014	1	21	2	245
2014	1	21	3	62
2014	1	21	4	86
2014	1	23	5	.
2014	1	23	6	104
2014	1	21	7	433
2014	1	23	8	226
2014	1	22	9	.
2014	1	21	10	367
2014	1	24	11	115
2014	1	24	12	115
2014	1	22	13	273.5
2014	1	21	14	328
2014	1	21	15	91
2014	1	21	16	91
2014	1	23	17	104
2014	1	22	18	198
2014	1	22	19	198
2014	1	22	20	325
2014	1	22	21	366
2014	1	25	22	116
2014	1	23	23	205
2014	1	24	24	.
2014	1	21	25	91
2014	1	17	26	.
2014	1	21	27	76
2014	1	23	28	.
2014	2	19	1	364
2014	2	18	2	244
2014	2	21	3	56
2014	2	18	4	80
2014	2	20	5	.
2014	2	20	6	107.5
2014	2	18	7	435
2014	2	20	8	220
2014	2	20	9	.
2014	2	21	10	364
2014	2	21	11	115.5
2014	2	21	12	116
2014	2	19	13	276.5
2014	2	18	14	336
2014	2	18	15	90
2014	2	18	16	90
2014	2	21	17	108
2014	2	19	18	170
2014	2	19	19	170
2014	2	19	20	322.5
2014	2	19	21	365
2014	2	22	22	114
2014	2	20	23	207
2014	2	18	24	.
2014	2	18	25	90
2014	2	22	26	310
2014	2	18	27	57.5
2014	2	20	28	.
2014	3	17	1	346
2014	3	17	2	223
2014	3	20	3	47
2014	3	18	4	82.5
2014	3	20	5	.
2014	3	17	6	106.5
2014	3	21	7	392
2014	3	20	8	224
2014	3	20	9	.
2014	3	17	10	301.5
2014	3	21	11	116
2014	3	21	12	116
2014	3	19	13	226
2014	3	21	14	310
2014	3	18	15	84
2014	3	18	16	84
2014	3	17	17	106.5
2014	3	18	18	122.5
2014	3	18	19	122.5
2014	3	19	20	285
2014	3	21	21	350
2014	3	22	22	116
2014	3	20	23	174
2014	3	20	24	.
2014	3	18	25	84
2014	3	19	26	.
2014	3	18	27	86
2014	3	20	28	154
2014	3	23	29	.
2014	4	15	1	350
2014	4	15	2	230
2014	4	17	3	.
2014	4	15	4	96
2014	4	17	5	.
2014	4	14	6	104.5
2014	4	15	7	412
2014	4	17	8	220
2014	4	18	9	87
2014	4	17	10	352
2014	4	18	11	112
2014	4	18	12	112
2014	4	16	13	275
2014	4	15	14	319
2014	4	15	15	96
2014	4	15	16	96
2014	4	16	17	101.5
2014	4	16	18	161
2014	4	16	19	161
2014	4	16	20	294.5
2014	4	16	21	341
2014	4	18	22	112.5
2014	4	17	23	179
2014	4	15	24	.
2014	4	15	25	96
2014	4	18	26	.
2014	4	16	27	83
2014	4	17	28	162
2014	4	15	29	322.5
2014	5	20	1	355
2014	5	20	2	233
2014	5	22	3	30
2014	5	20	4	73
2014	5	21	5	.
2014	5	22	6	105
2014	5	20	7	363
2014	5	20	8	217
2014	5	21	9	66
2014	5	20	10	355
2014	5	19	11	103.5
2014	5	19	12	103.5
2014	5	20	13	254.5
2014	5	20	14	281.5
2014	5	20	15	73
2014	5	20	16	73
2014	5	22	17	105
2014	5	21	18	122.5
2014	5	21	19	122.5
2014	5	21	20	297
2014	5	20	21	355
2014	5	20	22	114
2014	5	20	23	176
2014	5	23	24	.
2014	5	20	25	73
2014	5	23	26	310
2014	5	20	27	73
2014	5	22	28	162
2014	5	22	29	.
2014	6	17	1	.
2014	6	20	2	227
2014	6	16	3	5
2014	6	17	4	88.5
2014	6	17	5	.
2014	6	16	6	105
2014	6	19	7	315
2014	6	17	8	216
2014	6	16	9	83
2014	6	17	10	.
2014	6	18	11	.
2014	6	18	12	.
2014	6	17	13	.
2014	6	19	14	321
2014	6	17	15	87
2014	6	17	16	87
2014	6	17	17	.
2014	6	17	18	180.5
2014	6	17	19	180.5
2014	6	18	20	305.5
2014	6	17	21	.
2014	6	18	22	.
2014	6	20	23	186.5
2014	6	18	24	.
2014	6	17	25	87
2014	6	17	26	.
2014	6	16	27	76
2014	6	17	28	157
2014	6	19	29	.
2014	6	17	30	157
2014	7	15	1	.
2014	7	17	2	225.5
2014	7	14	3	-10
2014	7	15	4	80
2014	7	15	5	.
2014	7	18	6	98.5
2014	7	16	7	399
2014	7	15	8	219
2014	7	17	9	85
2014	7	15	10	.
2014	7	16	11	120
2014	7	16	12	120
2014	7	14	13	217
2014	7	16	14	288
2014	7	15	15	79
2014	7	15	16	79
2014	7	17	17	97
2014	7	19	18	121
2014	7	19	19	121
2014	7	16	20	296
2014	7	15	21	.
2014	7	16	22	120
2014	7	17	23	169.5
2014	7	16	24	.
2014	7	15	25	79
2014	7	23	26	305
2014	7	14	27	75
2014	7	15	28	.
2014	7	15	29	.
2014	7	15	30	.
2014	8	18	1	345
2014	8	18	2	221
2014	8	21	3	.
2014	8	19	4	72.5
2014	8	20	5	.
2014	8	22	6	100
2014	8	18	7	380
2014	8	22	8	214.5
2014	8	21	9	71
2014	8	18	10	345
2014	8	20	11	117
2014	8	19	12	117
2014	8	21	13	240
2014	8	18	14	287
2014	8	19	15	72.5
2014	8	19	16	72.5
2014	8	22	17	100
2014	8	18	18	84.5
2014	8	18	19	84.5
2014	8	21	20	298.5
2014	8	20	21	349
2014	8	23	22	116
2014	8	19	23	172.5
2014	8	20	24	.
2014	8	19	25	72.5
2014	8	22	26	.
2014	8	19	27	81
2014	8	21	28	.
2014	8	23	29	.
2014	8	21	30	156.5
2014	9	17	1	337
2014	9	16	2	223.5
2014	9	18	3	-2
2014	9	16	4	95
2014	9	16	5	.
2014	9	15	6	97
2014	9	16	7	412
2014	9	18	8	214
2014	9	17	9	76
2014	9	15	10	341
2014	9	20	11	116
2014	9	18	12	115
2014	9	16	13	253
2014	9	16	14	312.5
2014	9	16	15	97.5
2014	9	16	16	97.5
2014	9	17	17	96
2014	9	17	18	.
2014	9	17	19	159
2014	9	17	20	295
2014	9	17	21	332.5
2014	9	20	22	116
2014	9	18	23	166
2014	9	18	24	.
2014	9	16	25	97.5
2014	9	25	26	.
2014	9	.	27	.
2014	9	18	28	140
2014	9	17	29	210
2014	9	17	30	146
2014	10	20	1	326
2014	10	21	2	214
2014	10	21	3	31
2014	10	21	4	82
2014	10	21	5	.
2014	10	21	6	98
2014	10	21	7	.
2014	10	23	8	224
2014	10	22	9	68
2014	10	22	10	323
2014	10	25	11	116
2014	10	23	12	116
2014	10	21	13	270
2014	10	21	14	298
2014	10	21	15	90.5
2014	10	21	16	90.5
2014	10	22	17	97
2014	10	22	18	104
2014	10	22	19	104
2014	10	22	20	286
2014	10	22	21	331.5
2014	10	25	22	116
2014	10	23	23	158
2014	10	24	24	.
2014	10	21	25	82
2014	10	24	26	.
2014	10	.	27	.
2014	10	23	28	125
2014	10	22	29	215.5
2014	10	24	30	.
2014	11	20	1	349
2014	11	18	2	226
2014	11	20	3	58
2014	11	18	4	84
2014	11	18	5	.
2014	11	20	6	94
2014	11	18	7	304
2014	11	20	8	238
2014	11	19	9	.
2014	11	18	10	335.5
2014	11	22	11	113
2014	11	20	12	112
2014	11	17	13	271
2014	11	18	14	320.5
2014	11	18	15	87
2014	11	18	16	87
2014	11	19	17	95
2014	11	19	18	196
2014	11	19	19	196
2014	11	19	20	213
2014	11	19	21	348
2014	11	22	22	113
2014	11	20	23	201
2014	11	18	24	.
2014	11	18	25	87
2014	11	22	26	.
2014	11	.	27	.
2014	11	20	28	142
2014	11	19	29	217.5
2014	11	21	30	159
2014	12	15	1	356
2014	12	16	2	240
2014	12	16	3	58
2014	12	16	4	85
2014	12	16	5	.
2014	12	16	6	97.5
2014	12	16	7	431
2014	12	15	8	244
2014	12	22	9	.
2014	12	17	10	353
2014	12	16	11	111
2014	12	16	12	111
2014	12	15	13	245.5
2014	12	16	14	334
2014	12	16	15	86
2014	12	16	16	86
2014	12	17	17	.
2014	12	17	18	199
2014	12	17	19	199
2014	12	17	20	309
2014	12	17	21	354
2014	12	17	22	111
2014	12	15	23	184.5
2014	12	17	24	.
2014	12	16	25	86
2014	12	17	26	.
2014	12	.	27	.
2014	12	15	28	143
2014	12	21	29	.
2014	12	19	30	156
2015	1	21	1	259
2015	1	20	2	242
2015	1	20	3	59
2015	1	20	4	82
2015	1	20	5	.
2015	1	22	6	103
2015	1	20	7	432.5
2015	1	22	8	250
2015	1	21	9	.
2015	1	23	10	358
2015	1	24	11	110
2015	1	22	12	112.5
2015	1	20	13	249
2015	1	20	14	341
2015	1	20	15	82
2015	1	20	16	82
2015	1	23	17	107
2015	1	21	18	208
2015	1	21	19	208
2015	1	23	20	316.5
2015	1	21	21	360
2015	1	15	22	110
2015	1	21	23	204
2015	1	23	24	.
2015	1	20	25	.
2015	1	24	26	308
2015	1	.	27	.
2015	1	22	28	.
2015	1	21	29	318
2015	1	23	30	.
2015	2	18	1	357.5
2015	2	20	2	215
2015	2	19	3	58
2015	2	17	4	85
2015	2	21	5	.
2015	2	18	6	106
2015	2	17	7	431
2015	2	19	8	248
2015	2	18	9	.
2015	2	20	10	357
2015	2	17	11	112
2015	2	19	12	112
2015	2	17	13	248.5
2015	2	17	14	341.5
2015	2	20	15	85
2015	2	20	16	85
2015	2	20	17	105
2015	2	20	18	206
2015	2	20	19	206
2015	2	18	20	317
2015	2	18	21	358
2015	2	21	22	112
2015	2	19	23	235
2015	2	19	24	.
2015	2	17	25	90
2015	2	20	26	.
2015	2	.	27	.
2015	2	19	28	160
2015	2	18	29	221
2015	2	20	30	165
2015	3	19	1	324
2015	3	20	2	209
2015	3	19	3	.
2015	3	17	4	100
2015	3	19	5	. 
2015	3	18	6	107
2015	3	20	7	404.5
2015	3	19	8	217
2015	3	17	9	.
2015	3	17	10	336
2015	3	21	11	108
2015	3	19	12	108.5
2015	3	16	13	246
2015	3	20	14	294
2015	3	20	15	84
2015	3	20	16	84
2015	3	17	17	107
2015	3	18	18	120
2015	3	18	19	120
2015	3	18	20	281.5
2015	3	18	21	336
2015	3	21	22	108
2015	3	19	23	165
2015	3	19	24	.
2015	3	17	25	105.5
2015	3	.	26	.
2015	3	.	27	.
2015	3	19	28	133
2015	3	18	29	219.5
2015	3	20	30	138.5
2015	4	24	1	331
2015	4	21	2	228
2015	4	23	3	.
2015	4	21	4	84
2015	4	21	5	.
2015	4	21	6	99
2015	4	21	7	382
2015	4	23	8	222
2015	4	21	9	68.5
2015	4	22	10	339
2015	4	25	11	.
2015	4	23	12	109
2015	4	20	13	261
2015	4	21	14	312
2015	4	21	15	87
2015	4	27	16	87
2015	4	23	17	105
2015	4	22	18	117
2015	4	22	19	117
2015	4	22	20	294
2015	4	22	21	340
2015	4	25	22	109
2015	4	22	23	179
2015	4	24	24	.
2015	4	21	25	87
2015	4	.	26	.
2015	4	.	27	.
2015	4	23	28	160
2015	4	24	29	.
2015	4	24	30	161
2015	5	22	1	327.5
2015	5	20	2	167
2015	5	19	3	48
2015	5	19	4	89
2015	5	18	5	.
2015	5	18	6	97
2015	5	19	7	307
2015	5	20	8	217
2015	5	21	9	63
2015	5	20	10	326
2015	5	19	11	107
2015	5	19	12	107
2015	5	22	13	251.5
2015	5	19	14	295
2015	5	20	15	87.5
2015	5	20	16	87.5
2015	5	20	17	95
2015	5	22	18	.
2015	5	22	19	.
2015	5	20	20	285
2015	5	20	21	326
2015	5	19	22	107
2015	5	21	23	173
2015	5	18	24	.
2015	5	20	25	87.5
2015	5	21	26	.
2015	5	.	27	.
2015	5	21	28	149
2015	5	20	29	309
2015	5	20	30	146.5
2015	6	19	1	327
2015	6	17	2	213
2015	6	16	3	.
2015	6	16	4	91
2015	6	15	5	.
2015	6	16	6	92
2015	6	17	7	385
2015	6	16	8	207
2015	6	17	9	65
2015	6	19	10	327
2015	6	16	11	108
2015	6	16	12	108
2015	6	17	13	242
2015	6	17	14	173.5
2015	6	16	15	93.5
2015	6	16	16	93.5
2015	6	16	17	92
2015	6	18	18	118
2015	6	18	19	118
2015	6	16	20	282.5
2015	6	19	21	327
2015	6	16	22	108
2015	6	16	23	160
2015	6	15	24	.
2015	6	16	25	93.5
2015	6	19	26	306
2015	6	.	27	.
2015	6	16	28	147
2015	6	16	29	151
2015	6	16	30	147
2015	7	24	1	330
2015	7	23	2	216.5
2015	7	21	3	19
2015	7	21	4	83
2015	7	20	5	.
2015	7	22	6	93
2015	7	22	7	397
2015	7	21	8	215
2015	7	25	9	51
2015	7	24	10	330
2015	7	21	11	110
2015	7	21	12	110
2015	7	21	13	235
2015	7	22	14	300
2015	7	21	15	86
2015	7	21	16	86
2015	7	23	17	93
2015	7	21	18	117
2015	7	21	19	117
2015	7	22	20	290
2015	7	24	21	330
2015	7	21	22	110
2015	7	21	23	154
2015	7	20	24	.
2015	7	21	25	86
2015	7	18	26	305
2015	7	.	27	.
2015	7	21	28	130
2015	7	21	29	123
2015	7	21	30	130
2015	8	21	1	341
2015	8	19	2	217.5
2015	8	17	3	19
2015	8	17	4	85
2015	8	18	5	.
2015	8	19	6	104
2015	8	17	7	388
2015	8	17	8	217
2015	8	21	9	.
2015	8	21	10	341
2015	8	18	11	115
2015	8	18	12	115
2015	8	21	13	.
2015	8	17	14	274
2015	8	18	15	87
2015	8	18	16	87
2015	8	19	17	104
2015	8	21	18	120
2015	8	21	19	120
2015	8	19	20	295
2015	8	21	21	341
2015	8	22	22	115
2015	8	17	23	174
2015	8	18	24	.
2015	8	15	25	87
2015	8	19	26	305
2015	8	.	27	.
2015	8	17	28	152
2015	8	23	29	.
2015	8	17	30	152
2015	9	16	1	330
2015	9	15	2	215
2015	9	17	3	.
2015	9	15	4	.
2015	9	15	5	.
2015	9	16	6	96.5
2015	9	14	7	400
2015	9	17	8	215
2015	9	16	9	2.25
2015	9	18	10	329
2015	9	19	11	.
2015	9	16	12	115
2015	9	16	13	233
2015	9	14	14	302.5
2015	9	18	15	84
2015	9	15	16	105
2015	9	18	17	98
2015	9	16	18	151
2015	9	16	19	151
2015	9	15	20	291
2015	9	16	21	330
2015	9	19	22	114
2015	9	17	23	158
2015	9	17	24	.
2015	9	14	25	105
2015	9	18	26	.
2015	9	.	27	.
2015	9	18	28	.
2015	9	16	29	205
2015	9	18	30	135
2015	10	20	1	318
2015	10	20	2	303
2015	10	22	3	.
2015	10	20	4	95
2015	10	22	5	.
2015	10	22	6	100
2015	10	19	7	401
2015	10	22	8	202.5
2015	10	23	9	.
2015	10	19	10	.
2015	10	24	11	.
2015	10	23	12	.
2015	10	20	13	.
2015	10	18	14	307
2015	10	.	15	.
2015	10	20	16	99
2015	10	19	17	90
2015	10	21	18	157
2015	10	21	19	157
2015	10	21	20	.
2015	10	23	21	321.5
2015	10	24	22	110.5
2015	10	22	23	143
2015	10	21	24	.
2015	10	20	25	99
2015	10	22	26	.
2015	10	.	27	.
2015	10	23	28	113
2015	10	21	29	193.5
2015	10	23	30	112
2015	11	17	1	345
2015	11	17	2	227
2015	11	19	3	46
2015	11	17	4	87
2015	11	19	5	.
2015	11	19	6	94
2015	11	16	7	419
2015	11	19	8	245
2015	11	23	9	81
2015	11	17	10	374
2015	11	21	11	.
2015	11	20	12	108
2015	11	17	13	240.5
2015	11	16	14	332
2015	11	20	15	78
2015	11	17	16	91.5
2015	11	16	17	97
2015	11	18	18	189
2015	11	18	19	189
2015	11	18	20	314.5
2015	11	18	21	349
2015	11	21	22	91
2015	11	19	23	183
2015	11	20	24	.
2015	11	17	25	91.5
2015	11	18	26	.
2015	11	.	27	.
2015	11	20	28	.
2015	11	18	29	202
2015	11	20	30	134
2015	12	14	1	347
2015	12	15	2	231
2015	12	17	3	26
2015	12	15	4	82
2015	12	16	5	.
2015	12	16	6	93
2015	12	14	7	420
2015	12	16	8	245
2015	12	.	9	.
2015	12	16	10	347
2015	12	17	11	110
2015	12	18	12	109
2015	12	17	13	245
2015	12	14	14	334
2015	12	15	15	82
2015	12	15	16	83
2015	12	14	17	93
2015	12	16	18	182.5
2015	12	16	19	182.5
2015	12	16	20	313
2015	12	16	21	250
2015	12	19	22	110
2015	12	10	23	170
2015	12	.	24	.
2015	12	15	25	82
2015	12	15	26	.
2015	12	.	27	.
2015	12	18	28	.
2015	12	17	29	302.5
2015	12	18	30	.
2015	12	17	31	.
2016	1	22	1	356
2016	1	19	2	239
2016	1	21	3	53
2016	1	19	4	87
2016	1	21	5	.
2016	1	20	6	98
2016	1	20	7	421
2016	1	21	8	263
2016	1	.	9	.
2016	1	22	10	355
2016	1	23	11	.
2016	1	22	12	109
2016	1	21	13	253
2016	1	20	14	343
2016	1	19	15	90
2016	1	19	16	90
2016	1	20	17	98
2016	1	20	18	202
2016	1	20	19	202
2016	1	20	20	323
2016	1	20	21	357
2016	1	23	22	109.5
2016	1	21	23	.
2016	1	22	24	.
2016	1	19	25	90
2016	1	21	26	.
2016	1	20	27	121
2016	1	22	28	151
2016	1	20	29	308.5
2016	1	22	30	151
2016	1	22	31	.
2016	2	19	1	339
2016	2	16	2	230
2016	2	18	3	46.5
2016	2	16	4	86
2016	2	16	5	.
2016	2	19	6	92
2016	2	17	7	424
2016	2	18	8	251.5
2016	2	.	9	.
2016	2	17	10	340
2016	2	20	11	107
2016	2	19	12	106.5
2016	2	18	13	.
2016	2	17	14	344
2016	2	18	15	87
2016	2	16	16	90.5
2016	2	17	17	93
2016	2	17	18	105
2016	2	17	19	105
2016	2	17	20	310
2016	2	17	21	241
2016	2	20	22	107
2016	2	18	23	179
2016	2	18	24	.
2016	2	16	25	90.5
2016	2	18	26	.
2016	2	16	27	71.5
2016	2	19	28	148
2016	2	17	29	311
2016	2	19	30	148
2016	2	19	31	176
2016	3	15	1	354.5
2016	3	15	2	214
2016	3	17	3	.
2016	3	15	4	90
2016	3	17	5	.
2016	3	17	6	83
2016	3	14	7	423
2016	3	17	8	214
2016	3	.	9	.
2016	3	17	10	353
2016	3	19	11	.
2016	3	18	12	104
2016	3	15	13	247.5
2016	3	14	14	274.5
2016	3	17	15	89
2016	3	15	16	90
2016	3	15	17	82.5
2016	3	18	18	118
2016	3	16	19	156.5
2016	3	16	20	291
2016	3	16	21	357
2016	3	19	22	104
2016	3	17	23	187.5
2016	3	16	24	.
2016	3	15	25	90
2016	3	18	26	.
2016	3	15	27	118.5
2016	3	18	28	144.5
2016	3	16	29	298
2016	3	18	30	148
2016	3	18	31	190
2016	3	16	32	.
2016	4	18	1	330
2016	4	19	2	210
2016	4	21	3	.
2016	4	19	4	89
2016	4	21	5	.
2016	4	20	6	92
2016	4	18	7	307
2016	4	17	8	220
2016	4	.	9	.
2016	4	18	10	326.5
2016	4	23	11	.
2016	4	22	12	101
2016	4	22	13	252
2016	4	18	14	280
2016	4	22	15	74
2016	4	19	16	.
2016	4	20	17	92
2016	4	22	18	118
2016	4	22	19	118
2016	4	20	20	286.5
2016	4	20	21	332
2016	4	23	22	101
2016	4	21	23	172
2016	4	22	24	.
2016	4	19	25	.
2016	4	21	26	.
2016	4	19	27	71.5
2016	4	22	28	.
2016	4	20	29	298
2016	4	22	30	161.5
2016	4	19	31	194
2016	4	20	32	.
2016	5	19	1	333
2016	5	16	2	217
2016	5	16	3	.
2016	5	17	4	78
2016	5	20	5	.
2016	5	18	6	82
2016	5	16	7	374
2016	5	18	8	220
2016	5	.	9	.
2016	5	19	10	333
2016	5	18	11	102
2016	5	20	12	102
2016	5	19	13	253
2016	5	16	14	261
2016	5	17	15	.
2016	5	17	16	.
2016	5	18	17	82
2016	5	20	18	121
2016	5	20	19	121
2016	5	16	20	287
2016	5	18	21	333
2016	5	18	22	102
2016	5	18	23	179
2016	5	20	24	.
2016	5	17	25	78
2016	5	19	26	.
2016	5	17	27	70.5
2016	5	19	28	155
2016	5	18	29	205
2016	5	20	30	155
2016	5	19	31	192
2016	5	20	32	273
2016	6	21	1	330
2016	6	23	2	220
2016	6	20	3	2
2016	6	21	4	.
2016	6	23	5	.
2016	6	.	6	.
2016	6	22	7	371
2016	6	21	8	221.5
2016	6	.	9	.
2016	6	21	10	330
2016	6	21	11	104.5
2016	6	21	12	104.5
2016	6	20	13	242
2016	6	22	14	277
2016	6	22	15	87
2016	6	22	16	87
2016	6	20	17	86
2016	6	20	18	120
2016	6	20	19	120
2016	6	23	20	294
2016	6	21	21	330
2016	6	21	22	104.5
2016	6	21	23	176
2016	6	23	24	.
2016	6	22	25	87
2016	6	23	26	.
2016	6	21	27	68
2016	6	23	28	.
2016	6	21	29	207
2016	6	23	30	145
2016	6	20	31	193
2016	6	23	32	255.5
2016	7	19	1	.
2016	7	21	2	212
2016	7	20	3	.
2016	7	21	4	80
2016	7	21	5	.
2016	7	20	6	106
2016	7	20	7	387
2016	7	19	8	217
2016	7	.	9	.
2016	7	19	10	.
2016	7	19	11	110
2016	7	19	12	110
2016	7	20	13	249
2016	7	20	14	284
2016	7	21	15	80
2016	7	20	16	80
2016	7	21	17	97
2016	7	19	18	117
2016	7	19	19	117
2016	7	22	20	281
2016	7	19	21	339
2016	7	19	22	110
2016	7	19	23	66
2016	7	21	24	.
2016	7	20	25	80
2016	7	21	26	165
2016	7	20	27	69
2016	7	20	28	149
2016	7	19	29	204
2016	7	21	30	149
2016	7	20	31	197
2016	7	21	32	241
2016	8	15	1	.
2016	8	19	2	221
2016	8	18	3	22
2016	8	16	4	100.5
2016	8	18	5	.
2016	8	16	6	98.5
2016	8	17	7	383
2016	8	18	8	220
2016	8	.	9	.
2016	8	15	10	.
2016	8	18	11	.
2016	8	19	12	114
2016	8	19	13	231.5
2016	8	17	14	290
2016	8	16	15	100.5
2016	8	16	16	100.5
2016	8	16	17	98.5
2016	8	17	18	115
2016	8	17	19	115
2016	8	17	20	284
2016	8	15	21	.
2016	8	18	22	113
2016	8	18	23	. 
2016	8	19	24	.
2016	8	16	25	100.5
2016	8	18	26	269
2016	8	16	27	66
2016	8	17	28	151
2016	8	18	29	.
2016	8	17	30	151
2016	8	17	31	192
2016	8	19	32	249
2016	9	22	1	335
2016	9	20	2	212
2016	9	22	3	35
2016	9	20	4	98
2016	9	23	5	.
2016	9	23	6	76
2016	9	19	7	386
2016	9	22	8	221.5
2016	9	.	9	.
2016	9	21	10	334
2016	9	29	11	.
2016	9	23	12	112
2016	9	20	13	242.5
2016	9	19	14	297.5
2016	9	21	15	102
2016	9	20	16	98
2016	9	21	17	94.5
2016	9	23	18	129
2016	9	23	19	129
2016	9	21	20	288
2016	9	21	21	.
2016	9	24	22	.
2016	9	22	23	172
2016	9	23	24	.
2016	9	20	25	98
2016	9	23	26	263
2016	9	22	27	70.5
2016	9	22	28	155
2016	9	19	29	200
2016	9	21	30	151
2016	9	20	31	190.5
2016	9	22	32	255
2016	10	19	1	316
2016	10	18	2	199
2016	10	18	3	.
2016	10	18	4	101.5
2016	10	21	5	.
2016	10	17	6	105
2016	10	18	7	394
2016	10	20	8	204.5
2016	10	.	9	.
2016	10	18	10	316
2016	10	22	11	112.5
2016	10	21	12	112.5
2016	10	18	13	250.5
2016	10	18	14	281.5
2016	10	19	15	101
2016	10	18	16	98
2016	10	17	17	104
2016	10	21	18	138
2016	10	21	19	138
2016	10	19	20	271
2016	10	19	21	312
2016	10	22	22	114
2016	10	20	23	132
2016	10	21	24	.
2016	10	18	25	98
2016	10	20	26	296
2016	10	20	27	75
2016	10	20	28	105
2016	10	17	29	299
2016	10	19	30	.
2016	10	18	31	156
2016	10	20	32	231.5
2016	11	15	1	326.5
2016	11	15	2	215
2016	11	18	3	59
2016	11	15	4	89
2016	11	18	5	.
2016	11	16	6	93
2016	11	14	7	404
2016	11	17	8	253.5
2016	11	.	9	.
2016	11	15	10	328.8
2016	11	19	11	.
2016	11	18	12	111
2016	11	15	13	253
2016	11	14	14	349
2016	11	16	15	84.5
2016	11	15	16	.
2016	11	17	17	93
2016	11	18	18	197
2016	11	18	19	197
2016	11	16	20	297
2016	11	16	21	330
2016	11	19	22	111
2016	11	16	23	172
2016	11	18	24	.
2016	11	15	25	85.5
2016	11	17	26	.
2016	11	18	27	61
2016	11	17	28	136
2016	11	14	29	189
2016	11	16	30	136
2016	11	15	31	178.5
2016	11	18	32	266
2016	12	19	1	354
2016	12	21	2	134
2016	12	21	3	59
2016	12	20	4	82
2016	12	20	5	.
2016	12	19	6	95.5
2016	12	21	7	403
2016	12	19	8	265
2016	12	.	9	.
2016	12	19	10	354
2016	12	19	11	110
2016	12	19	12	110
2016	12	20	13	259.5
2016	12	21	14	328
2016	12	20	15	82
2016	12	20	16	82
2016	12	19	17	95.5
2016	12	21	18	196
2016	12	21	19	196
2016	12	19	20	309
2016	12	19	21	354
2016	12	19	22	110
2016	12	19	23	187
2016	12	20	24	.
2016	12	20	25	82
2016	12	22	26	325
2016	12	20	27	64
2016	12	20	28	148
2016	12	19	29	208.5
2016	12	20	30	148
2016	12	20	31	188
2016	12	20	32	280
2017	1	20	1	360
2017	1	17	2	240
2017	1	17	3	55
2017	1	17	4	86
2017	1	20	5	.
2017	1	19	6	102.5
2017	1	17	7	404
2017	1	20	8	268
2017	1	.	9	.
2017	1	17	10	361
2017	1	20	11	109
2017	1	20	12	109
2017	1	17	13	263.5
2017	1	17	14	330
2017	1	18	15	84
2017	1	17	16	87
2017	1	19	17	103
2017	1	20	18	201
2017	1	20	19	201
2017	1	18	20	311.5
2017	1	18	21	359.5
2017	1	23	22	109
2017	1	17	23	189
2017	1	20	24	.
2017	1	17	25	87
2017	1	19	26	318
2017	1	19	27	66
2017	1	19	28	150
2017	1	18	29	210
2017	1	18	30	148
2017	1	20	31	185
2017	1	19	32	284
2017	2	24	1	357.5
2017	2	21	2	237
2017	2	24	3	46
2017	2	21	4	85
2017	2	24	5	.
2017	2	22	6	110.5
2017	2	21	7	401
2017	2	21	8	263
2017	2	.	9	.
2017	2	23	10	360
2017	2	25	11	.
2017	2	24	12	113
2017	2	21	13	267
2017	2	21	14	336
2017	2	22	15	82
2017	2	21	16	85
2017	2	23	17	103
2017	2	24	18	203
2017	2	24	19	203
2017	2	24	20	312
2017	2	22	21	361
2017	2	25	22	112
2017	2	22	23	186
2017	2	24	24	.
2017	2	21	25	85.5
2017	2	23	26	318
2017	2	25	27	65
2017	2	23	28	149
2017	2	22	29	210
2017	2	22	30	148
2017	2	21	31	188
2017	2	23	32	287
2017	3	22	1	333
2017	3	23	2	204
2017	3	20	3	31
2017	3	21	4	77
2017	3	23	5	.
2017	3	21	6	107
2017	3	20	7	302
2017	3	23	8	216
2017	3	.	9	.
2017	3	24	10	325
2017	3	25	11	.
2017	3	24	12	110
2017	3	21	13	250
2017	3	20	14	272.5
2017	3	22	15	76
2017	3	21	16	76
2017	3	21	17	107
2017	3	23	18	103.5
2017	3	23	19	103.5
2017	3	23	20	274
2017	3	22	21	333
2017	3	25	22	111
2017	3	23	23	162
2017	3	.	24	.
2017	3	21	25	74
2017	3	22	26	323.5
2017	3	21	27	63.5
2017	3	22	28	154
2017	3	23	29	201
2017	3	22	30	154
2017	3	21	31	95.5
2017	3	22	32	272.5
2017	4	21	1	335
2017	4	18	2	205
2017	4	20	3	.
2017	4	18	4	71
2017	4	20	5	.
2017	4	19	6	99
2017	4	17	7	299
2017	4	18	8	220
2017	4	.	9	.
2017	4	20	10	337
2017	4	22	11	.
2017	4	21	12	110
2017	4	18	13	249
2017	4	17	14	254
2017	4	19	15	70
2017	4	18	16	70
2017	4	19	17	97
2017	4	21	18	110
2017	4	21	19	110
2017	4	19	20	273
2017	4	19	21	325
2017	4	22	22	111
2017	4	20	23	160
2017	4		24	.
2017	4		25	70
2017	4	20	26	254
2017	4	20	27	46
2017	4	20	28	145
2017	4	17	29	197
2017	4	19	30	147
2017	4	21	31	.
2017	4	20	32	265
2017	5	16	1	319
2017	5	17	2	194.5
2017	5	.	3	.
2017	5	16	4	52
2017	5	18	5	.
2017	5	17	6	95
2017	5	15	7	298
2017	5	17	8	214
2017	5	.	9	.
2017	5	16	10	319
2017	5	16	11	106
2017	5	19	12	104
2017	5	17	13	239
2017	5	15	14	246
2017	5	16	15	54
2017	5	16	16	52
2017	5	17	17	95
2017	5	16	18	112
2017	5	16	19	112
2017	5	17	20	269
2017	5	16	21	319
2017	5	16	22	106
2017	5	18	23	155
2017	5	16	24	.
2017	5	16	25	52
2017	5	18	26	.
2017	5	16	27	7
2017	5	17	28	128.5
2017	5	17	29	193
2017	5	17	30	128
2017	5	15	31	182.5
2017	5	18	32	251.5
2017	6	20	1	335
2017	6	21	2	216
2017	6	22	3	.
2017	6	20	4	78
2017	6	19	5	.
2017	6	19	6	104
2017	6	22	7	302
2017	6	23	8	227
2017	6	.	9	.
2017	6	20	10	335
2017	6	20	11	111
2017	6	20	12	111
2017	6	22	13	247.5
2017	6	22	14	273
2017	6	20	15	75
2017	6	20	16	75
2017	6	19	17	104
2017	6	22	18	111
2017	6	22	19	111
2017	6	21	20	290
2017	6	20	21	335
2017	6	20	22	111
2017	6	23	23	173
2017	6	19	24	.
2017	6	20	25	75
2017	6	21	26	269
2017	6	20	27	38
2017	6	20	28	136
2017	6	23	29	195.5
2017	6	20	30	136
2017	6	22	31	196.5
2017	6	19	32	237
2017	7	18	1	331.5
2017	7	18	2	207.5
2017	7	19	3	3.5
2017	7	20	4	
2017	7	17	5	.
2017	7	21	6	106
2017	7	17	7	365
2017	7	20	8	219
2017	7	.	9	.
2017	7	18	10	331.5
2017	7	18	11	114
2017	7	18	12	114
2017	7	20	13	237
2017	7	17	14	288
2017	7	20	15	93.5
2017	7	20	16	93.5
2017	7	21	17	106
2017	7	17	18	109
2017	7	17	19	109
2017	7	18	20	279
2017	7	18	21	331.5
2017	7	18	22	114
2017	7	19	23	170
2017	7	17	24	.
2017	7	20	25	93.5
2017	7	21	26	251
2017	7	19	27	63
2017	7	19	28	177
2017	7	20	29	194
2017	7	19	30	140
2017	7	17	31	202
2017	7	20	32	239
2017	8	15	1	333
2017	8	16	2	213
2017	8	14	3	44
2017	8	15	4	81
2017	8	18	5	.
2017	8	18	6	105
2017	8	14	7	389
2017	8	.	8	.
2017	8	.	9	.
2017	8	.	10	.
2017	8	.	11	.
2017	8	15	12	.
2017	8	16	13	232
2017	8	14	14	270
2017	8	15	15	81
2017	8	15	16	81
2017	8	18	17	105
2017	8	14	18	.
2017	8	14	19	106.5
2017	8	16	20	282.5
2017	8	15	21	.
2017	8	15	22	110.5
2017	8	17	23	169.5
2017	8	18	24	.
2017	8	15	25	81
2017	8	18	26	231.5
2017	8	15	27	67
2017	8	16	28	.
2017	8	16	29	201
2017	8	16	30	138
2017	8	14	31	197
2017	8	18	32	278
2017	9	18	1	343
2017	9	19	2	219
2017	9	21	3	35
2017	9	19	4	99
2017	9	20	5	.
2017	9	21	6	114
2017	9	21	7	388.5
2017	9	18	8	221
2017	9	.	9	.
2017	9	18	10	337
2017	9	23	11	116
2017	9	22	12	116.5
2017	9	22	13	236
2017	9	21	14	317
2017	9	20	15	93
2017	9	18	16	90.5
2017	9	21	17	114
2017	9	22	18	156
2017	9	22	19	.
2017	9	20	20	292
2017	9	20	21	339
2017	9	23	22	116
2017	9	21	23	176
2017	9	22	24	.
2017	9	19	25	99
2017	9	.	26	.
2017	9	22	27	.
2017	9	21	28	155.5
2017	9	18	29	198
2017	9	20	30	155
2017	9	19	31	206.5
2017	9	21	32	376
2017	10	18	1	340
2017	10	17	2	214
2017	10	19	3	15
2017	10	17	4	82
2017	10	17	5	.
2017	10	17	6	105.5
2017	10	19	7	378
2017	10	16	8	231.5
2017	10	.	9	.
2017	10	18	10	337
2017	10	21	11	106.5
2017	10	20	12	107
2017	10	20	13	238
2017	10	19	14	290.5
2017	10	18	15	73.5
2017	10	16	16	79
2017	10	17	17	.
2017	10	16	18	156
2017	10	16	19	156
2017	10	18	20	282
2017	10	18	21	338
2017	10	21	22	169
2017	10	19	23	171
2017	10	20	24	.
2017	10	18	25	82
2017	10	.	26	.
2017	10	20	27	75.5
2017	10	19	28	45
2017	10	16	29	
2017	10	18	30	154.5
2017	10	17	31	196
2017	10	19	32	230
2017	11	22	1	354
2017	11	21	2	228.5
2017	11	19	3	47
2017	11	21	4	80
2017	11	21	5	.
2017	11	22	6	103
2017	11	19	7	390
2017	11	18	8	251
2017	11	.	9	.
2017	11	22	10	354
2017	11	18	11	113
2017	11	18	12	113
2017	11	21	13	252.5
2017	11	19	14	339
2017	11	20	15	79.5
2017	11	20	16	79.5
2017	11	22	17	103
2017	11	20	18	197
2017	11	20	19	197
2017	11	21	20	302
2017	11	22	21	354
2017	11	25	22	113
2017	11	18	23	170
2017	11	20	24	.
2017	11	21	25	80
2017	11	26	26	274.5
2017	11	20	27	71.5
2017	11	20	28	134
2017	11	20	29	204
2017	11	20	30	132
2017	11	21	31	178
2017	11	21	32	282.5
2017	12	18	1	355
2017	12	19	2	232
2017	12	20	3	52
2017	12	19	4	80
2017	12	18	5	.
2017	12	19	6	106.5
2017	12	20	7	398
2017	12	20	8	253.5
2017	12	.	9	.
2017	12	18	10	355
2017	12	18	11	114
2017	12	18	12	114
2017	12	20	13	256
2017	12	20	14	328
2017	12	19	15	80
2017	12	19	16	80
2017	12	19	17	106.5
2017	12	20	18	202.5
2017	12	20	19	202.5
2017	12	19	20	310
2017	12	18	21	355
2017	12	.	22	.
2017	12	20	23	172
2017	12	18	24	.
2017	12	19	25	80
2017	12	21	26	282
2017	12	18	27	79
2017	12	20	28	136.5
2017	12	20	29	206
2017	12	20	30	136.5
2017	12	20	31	179
2017	12	18	32	283
