Site name,Year,Month,Mean percent defoliation,Mean percent refoliation,Mean percent brown defoliation,Mean percent yellow defoliation,Mean percent dead canopy,Mean percent flowering,ym_date,Monthly sum TLB adults,Monthly sum TLB early larvae,Monthly sum TLB late larvae,Monthly sum TLB TLB egg masses,Monthly sum Weevil adults,Monthly sum Weevil larvae,Monthly sum Weevil casings,Monthly sum Leafhoppers,Monthly sum Spiders,Monthly sum Lady Bugs,Monthly sum Ants,Site number,Latitude,Longitude
Alameda,2014,5,NA,NA,NA,NA,NA,NA,2014-05-27,0,0,0,0,0,0,0,2,0,0,0,1,35.1875,-106.6459
Alameda,2014,6,5,NA,NA,NA,NA,NA,2014-06-27,0,0,0,0,0,0,0,1,0,0,0,1,35.1875,-106.6459
Alameda,2014,7,4,NA,NA,NA,NA,NA,2014-07-21,5,3,0,1,0,0,0,13,1,0,2,1,35.1875,-106.6459
Alameda,2014,8,4,NA,NA,NA,NA,NA,2014-08-12,2,1,6,0,0,0,0,2,0,0,0,1,35.1875,-106.6459
Alameda,2015,5,1,NA,NA,NA,NA,NA,2015-05-22,0,0,0,0,0,0,0,4,0,0,1,1,35.1875,-106.6459
Alameda,2015,6,0,NA,NA,NA,NA,NA,2015-06-18,0,0,0,0,0,0,0,0,2,0,2,1,35.1875,-106.6459
Alameda,2015,7,5,NA,NA,NA,NA,NA,2015-07-21,0,0,0,0,0,1,0,2,2,0,0,1,35.1875,-106.6459
Alameda,2015,8,3,NA,NA,NA,NA,NA,2015-08-20,1,0,0,0,0,0,0,4,2,0,9,1,35.1875,-106.6459
Alameda,2016,5,5,0,NA,NA,NA,NA,2016-05-23,3,0,0,0,0,0,0,1,0,0,1,1,35.1875,-106.6459
Alameda,2016,6,5,0,NA,NA,NA,NA,2016-06-22,0,0,0,0,0,1,0,6,4,0,0,1,35.1875,-106.6459
Alameda,2016,7,17,0,NA,NA,NA,NA,2016-07-22,0,0,0,0,0,0,0,29,2,0,3,1,35.1875,-106.6459
Alameda,2016,8,12,0,NA,NA,NA,NA,2016-08-17,0,0,0,0,0,0,0,5,3,0,5,1,35.1875,-106.6459
Alameda,2017,5,0,0,0,0,10,NA,2017-05-15,0,0,0,0,0,0,0,3,1,0,0,1,35.1875,-106.6459
Alameda,2017,6,14,0,6,8,NA,NA,2017-06-20,0,0,1,0,0,0,0,1,1,0,1,1,35.1875,-106.6459
Alameda,2017,7,22,0,12,10,NA,NA,2017-07-18,0,0,0,0,0,0,0,2,0,0,2,1,35.1875,-106.6459
Alameda,2017,8,26,0,20,6,NA,NA,2017-08-16,0,0,0,0,0,0,0,9,0,0,2,1,35.1875,-106.6459
Albuquerque Overbank Project,2016,5,5,0,NA,NA,NA,NA,2016-05-18,0,0,0,0,0,0,0,18,1,0,1,29,35.04546,-106.6657
Albuquerque Overbank Project,2016,6,6,0,NA,NA,NA,NA,2016-06-24,0,0,0,0,0,8,0,33,7,0,2,29,35.04546,-106.6657
Albuquerque Overbank Project,2016,7,19,0,NA,NA,NA,NA,2016-07-22,1,0,0,0,0,0,0,67,5,0,10,29,35.04546,-106.6657
Albuquerque Overbank Project,2016,8,29,0,NA,NA,NA,NA,2016-08-16,0,0,0,0,0,0,0,51,0,0,4,29,35.04546,-106.6657
Albuquerque Overbank Project,2017,5,2,0,2,0,12,NA,2017-05-17,0,0,0,0,1,2,1,0,0,0,0,29,35.04546,-106.6657
Albuquerque Overbank Project,2017,6,18,0,10,8,NA,NA,2017-06-22,0,0,0,0,0,3,1,4,1,0,2,29,35.04546,-106.6657
Albuquerque Overbank Project,2017,7,16,0,6,10,NA,NA,2017-07-22,0,0,0,0,2,1,1,31,0,0,3,29,35.04546,-106.6657
Albuquerque Overbank Project,2017,8,24,0,10,14,NA,NA,2017-08-14,0,0,0,0,0,0,0,6,0,0,0,29,35.04546,-106.6657
Albuquerque Overbank Project,2018,5,0,0,0,0,12,NA,2018-05-16,0,0,0,0,0,0,0,4,2,0,2,29,35.04546,-106.6657
Albuquerque Overbank Project,2018,6,0,20,0,0,4,NA,2018-06-19,0,0,3,0,0,3,0,9,0,0,2,29,35.04546,-106.6657
Albuquerque Overbank Project,2018,7,4,0,0,4,4,NA,2018-07-18,0,1,0,1,1,0,0,20,5,0,2,29,35.04546,-106.6657
Albuquerque Overbank Project,2018,8,18,0,2,16,16,NA,2018-08-21,1,1,0,0,0,0,1,6,1,0,1,29,35.04546,-106.6657
Albuquerque Overbank Project,2019,5,0,0,0,0,50.4,NA,2019-05-20,0,0,0,0,0,0,0,0,0,0,1,29,35.04546,-106.6657
Albuquerque Overbank Project,2019,6,1.2,0,0,1.2,24.4,NA,2019-06-18,0,0,0,0,0,1,0,25,2,0,1,29,35.04546,-106.6657
Albuquerque Overbank Project,2019,7,3.6,0,0.4,3.2,18,NA,2019-07-18,1,0,0,0,0,0,0,23,9,1,0,29,35.04546,-106.6657
Albuquerque Overbank Project,2019,8,9.2,0,3.6,5.6,10.8,NA,2019-08-22,0,0,0,0,0,0,0,4,2,0,2,29,35.04546,-106.6657
Albuquerque Overbank Project,2020,5,1.2,0,0.4,0.8,28.4,NA,2020-05-21,1,0,0,0,0,0,0,1,1,0,0,29,35.04546,-106.6657
Albuquerque Overbank Project,2020,6,3.2,0,1.2,2,14.4,NA,2020-06-18,0,0,0,0,0,0,0,1,1,0,0,29,35.04546,-106.6657
Albuquerque Overbank Project,2020,7,11.2,0,2,9.2,26.4,NA,2020-07-24,0,0,0,0,0,0,0,5,0,0,2,29,35.04546,-106.6657
Albuquerque Overbank Project,2020,8,10.4,0,3.2,7.2,30.4,NA,2020-08-21,0,0,0,0,0,0,0,1,0,0,0,29,35.04546,-106.6657
Albuquerque Overbank Project,2021,5,0,0,0,0,34,6.8,2021-05-17,0,0,0,0,0,0,0,1,0,0,1,29,35.04546,-106.6657
Albuquerque Overbank Project,2021,6,1.2,0,0,1.6,38,10.4,2021-06-15,0,0,0,0,0,0,0,0,2,0,3,29,35.04546,-106.6657
Albuquerque Overbank Project,2021,7,14.8,0,0,16.8,46,4.4,2021-07-24,0,0,0,0,0,0,0,2,1,0,8,29,35.04546,-106.6657
Albuquerque Overbank Project,2021,8,13.2,0,2,11.2,22,1.6,2021-08-19,0,0,0,0,1,0,0,8,5,0,13,29,35.04546,-106.6657
Albuquerque Overbank Project,2022,5,13.2,0,12,1.2,34,28,2022-05-20,0,0,0,0,0,0,0,7,1,0,0,29,35.04546,-106.6657
Albuquerque Overbank Project,2022,6,6.4,0,4.8,1.6,34,6.8,2022-06-24,0,0,0,0,0,0,0,9,2,0,5,29,35.04546,-106.6657
Albuquerque Overbank Project,2022,7,3.6,0,0,3.6,20.4,2.8,2022-07-20,0,1,0,0,1,0,0,1,0,0,13,29,35.04546,-106.6657
Albuquerque Overbank Project,2022,8,16.4,0,1.2,15.2,12.8,4.8,2022-08-15,0,0,0,0,0,0,0,35,3,0,9,29,35.04546,-106.6657
Albuquerque Overbank Project,2023,5,5.2,0,4.8,0.4,38,38,2023-05-18,0,0,0,0,0,0,0,6,0,0,0,29,35.04546,-106.6657
Albuquerque Overbank Project,2023,6,3.6,0,0.4,3.2,20,16,2023-06-20,0,0,0,0,0,1,0,144,2,0,0,29,35.04546,-106.6657
Albuquerque Overbank Project,2023,7,16.4,0.4,1.2,15.2,24,2.4,2023-07-20,0,0,0,0,0,0,0,71,9,0,2,29,35.04546,-106.6657
Albuquerque Overbank Project,2023,8,14.4,0,2.8,11.6,14,1.2,2023-08-15,0,0,0,0,0,0,0,11,3,0,3,29,35.04546,-106.6657
Albuquerque Overbank Project,2024,5,1.2,0,1.2,0,28,10.4,2024-05-21,0,0,0,0,0,0,0,0,0,0,8,29,35.04546,-106.6657
Albuquerque Overbank Project,2024,6,2.4,0,2,0.4,30,14,2024-06-18,0,0,0,0,0,0,0,2,1,0,2,29,35.04546,-106.6657
Albuquerque Overbank Project,2024,7,4.8,0,1.2,3.6,40,2,2024-07-18,0,0,0,0,0,0,0,11,1,0,11,29,35.04546,-106.6657
Albuquerque Overbank Project,2024,8,10.4,0,2,8.4,26,3.2,2024-08-22,0,0,0,0,0,0,0,3,1,0,6,29,35.04546,-106.6657
Albuquerque Overbank Project,2025,5,2,0,2,0,24,14.8,2025-05-20,0,0,0,0,0,0,0,2,0,0,2,29,35.04546,-106.6657
Albuquerque Overbank Project,2025,6,5.2,0,1.6,3.6,10.8,7.6,2025-06-17,0,0,0,0,0,0,0,1,0,0,1,29,35.04546,-106.6657
Albuquerque Overbank Project,2025,7,11.6,7.2,3.2,8.4,18.4,4.8,2025-07-15,0,0,0,0,0,0,0,0,3,0,12,29,35.04546,-106.6657
Albuquerque Overbank Project,2025,8,12.8,0,7.6,5.2,24,1.2,2025-08-20,0,0,0,0,0,0,0,0,0,2,3,29,35.04546,-106.6657
BioPark,2015,7,6,0,NA,NA,NA,NA,2015-07-18,0,0,0,0,0,0,1,5,6,0,3,23,35.079,-106.668
BioPark,2016,5,2,0,NA,NA,NA,NA,2016-05-18,0,0,0,0,0,1,0,2,1,0,0,23,35.079,-106.668
BioPark,2016,6,3,0,NA,NA,NA,NA,2016-06-20,0,3,1,0,0,0,1,8,5,0,7,23,35.079,-106.668
BioPark,2016,8,5,0,NA,NA,NA,NA,2016-08-17,0,0,0,0,0,0,0,5,2,0,42,23,35.079,-106.668
BioPark,2017,5,12,0,6,6,16,NA,2017-05-18,0,0,0,0,1,0,3,1,1,0,0,23,35.079,-106.668
BioPark,2017,6,18,0,8,10,NA,NA,2017-06-22,1,1,0,0,0,0,0,4,0,0,1,23,35.079,-106.668
BioPark,2017,7,16,2,8,8,NA,NA,2017-07-20,0,0,0,0,0,0,1,6,2,0,7,23,35.079,-106.668
BioPark,2017,8,20,0,10,10,NA,NA,2017-08-18,0,0,0,0,0,0,2,3,2,0,5,23,35.079,-106.668
Bobcat,2014,5,NA,NA,NA,NA,NA,NA,2014-05-27,1,0,0,0,0,0,0,3,1,0,5,22,35.19705633,-106.6439494
Bobcat,2016,5,5,0,NA,NA,NA,NA,2016-05-23,0,0,0,0,0,0,0,2,0,0,1,22,35.19705633,-106.6439494
Bobcat,2016,6,5,0,NA,NA,NA,NA,2016-06-23,0,0,0,0,0,0,0,3,4,0,0,22,35.19705633,-106.6439494
Bobcat,2016,7,7,0,NA,NA,NA,NA,2016-07-22,0,0,0,0,0,0,0,15,1,0,3,22,35.19705633,-106.6439494
Bobcat,2016,8,6,0,NA,NA,NA,NA,2016-08-17,0,1,0,0,0,0,0,9,3,0,4,22,35.19705633,-106.6439494
Bobcat,2017,5,0,0,0,0,0,NA,2017-05-15,0,0,0,0,0,0,0,7,0,0,0,22,35.19705633,-106.6439494
Bobcat,2017,6,14,0,6,8,NA,NA,2017-06-20,0,0,0,0,0,0,0,5,0,0,0,22,35.19705633,-106.6439494
Bobcat,2017,7,20,0,10,10,NA,NA,2017-07-18,1,0,0,1,0,0,0,7,1,0,8,22,35.19705633,-106.6439494
Bobcat,2017,8,18,0,10,8,NA,NA,2017-08-16,1,0,0,0,0,0,0,1,0,0,0,22,35.19705633,-106.6439494
Bosque Farms,2014,5,NA,NA,NA,NA,NA,NA,2014-05-20,0,0,0,0,0,2,0,0,0,0,0,27,34.848851,-106.714722
Bosque Farms,2014,6,1,NA,NA,NA,NA,NA,2014-06-21,0,0,0,0,0,0,0,21,2,0,1,27,34.848851,-106.714722
Bosque Farms,2014,7,5,NA,NA,NA,NA,NA,2014-07-18,1,0,1,0,0,0,0,5,2,0,4,27,34.848851,-106.714722
Bosque Farms,2014,8,2,NA,NA,NA,NA,NA,2014-08-14,0,4,3,0,0,1,0,21,1,0,2,27,34.848851,-106.714722
Bosque Farms,2016,5,5,0,NA,NA,NA,NA,2016-05-19,0,0,0,0,0,0,1,3,0,0,3,27,34.848851,-106.714722
Bosque Farms,2016,6,5,0,NA,NA,NA,NA,2016-06-21,0,0,1,0,1,0,0,26,1,0,2,27,34.848851,-106.714722
Bosque Farms,2016,7,6,0,NA,NA,NA,NA,2016-07-19,2,3,0,1,0,0,0,20,5,0,10,27,34.848851,-106.714722
Bosque Farms,2016,8,6,0,NA,NA,NA,NA,2016-08-15,0,0,0,0,0,0,0,13,2,0,8,27,34.848851,-106.714722
Bosque Farms,2017,5,0,0,0,0,0,NA,2017-05-14,0,0,0,0,0,2,0,3,0,0,9,27,34.848851,-106.714722
Bosque Farms,2017,6,16,0,8,8,NA,NA,2017-06-19,0,0,0,0,0,2,0,20,3,0,3,27,34.848851,-106.714722
Bosque Farms,2017,7,16,0,6,10,NA,NA,2017-07-17,0,0,0,0,5,0,2,12,6,0,0,27,34.848851,-106.714722
Bosque Farms,2017,8,20,0,10,10,NA,NA,2017-08-14,0,0,0,0,1,0,0,16,0,0,5,27,34.848851,-106.714722
Bosque Farms,2018,5,0,0,0,0,18,NA,2018-05-17,0,0,0,0,0,2,0,1,2,0,2,27,34.848851,-106.714722
Bosque Farms,2018,6,2,10,2,0,22,NA,2018-06-20,0,0,0,0,1,0,0,1,1,4,0,27,34.848851,-106.714722
Bosque Farms,2018,7,0,0,0,0,12,NA,2018-07-19,0,0,0,0,0,0,0,1,1,0,6,27,34.848851,-106.714722
Bosque Farms,2018,8,0,0,0,0,22,NA,2018-08-25,0,0,0,0,1,0,1,1,3,0,2,27,34.848851,-106.714722
Bosque Farms,2019,5,0,0,0,0,56,NA,2019-05-21,0,0,0,0,0,1,0,0,0,0,0,27,34.848851,-106.714722
Bosque Farms,2019,6,6.8,0,6,0.8,18,NA,2019-06-21,0,0,0,0,1,0,0,16,3,0,1,27,34.848851,-106.714722
Bosque Farms,2019,7,0.4,0,0,0.4,14,NA,2019-07-18,0,0,0,0,0,0,0,39,6,1,4,27,34.848851,-106.714722
Bosque Farms,2019,8,5.2,0.4,1.6,3.6,10.8,NA,2019-08-20,0,0,0,0,1,0,2,155,12,0,11,27,34.848851,-106.714722
Bosque Farms,2020,5,2.4,0,0.4,2,34,NA,2020-05-21,0,0,0,0,0,0,0,5,5,0,7,27,34.848851,-106.714722
Bosque Farms,2020,6,4,0,2,2,34,NA,2020-06-15,0,0,0,0,2,0,1,10,2,0,4,27,34.848851,-106.714722
Bosque Farms,2020,7,7.2,0,2,5.2,48,NA,2020-07-23,0,0,0,0,1,0,1,19,0,0,2,27,34.848851,-106.714722
Bosque Farms,2020,8,5.6,0,2,3.6,42,NA,2020-08-22,0,0,0,0,0,0,0,0,2,0,0,27,34.848851,-106.714722
Bosque Farms,2021,5,0,0,0,0,28,26,2021-05-19,0,0,0,0,0,0,0,1,1,0,5,27,34.848851,-106.714722
Bosque Farms,2021,6,1.2,0,0.4,0.8,38,26,2021-06-16,0,0,0,0,0,0,0,1,1,0,3,27,34.848851,-106.714722
Bosque Farms,2021,7,7.2,0.4,3.6,3.6,34,16,2021-07-21,0,1,0,0,0,0,0,2,2,0,14,27,34.848851,-106.714722
Bosque Farms,2022,5,0,0,0,0,36,34,2022-05-19,0,0,0,0,1,0,0,4,0,0,3,27,34.848851,-106.714722
Bosque Farms,2022,6,6.8,0,1.6,5.2,42,16.8,2022-06-24,0,0,0,0,0,0,0,11,1,0,24,27,34.848851,-106.714722
Bosque Farms,2022,7,8.8,0.4,2,6.8,38,8,2022-07-22,0,0,0,0,1,1,2,7,4,0,35,27,34.848851,-106.714722
Bosque Farms,2022,8,8.4,0,1.6,6.8,44,8.4,2022-08-18,0,1,0,0,0,0,1,59,1,0,20,27,34.848851,-106.714722
Bosque Farms,2023,5,2.4,0,2.4,0,64,42,2023-05-16,0,0,0,0,1,2,1,1,1,0,19,27,34.848851,-106.714722
Bosque Farms,2023,7,3.6,0,1.6,2,46,12.4,2023-07-20,0,0,0,0,5,0,11,6,8,1,22,27,34.848851,-106.714722
Bosque Farms,2023,8,6.8,3.2,3.6,3.2,44,8.8,2023-08-18,1,0,0,0,2,0,0,5,5,0,36,27,34.848851,-106.714722
Bosque Farms,2024,5,4,0,0,4,68,8,2024-05-23,0,0,0,0,0,0,0,2,2,0,10,27,34.848851,-106.714722
Bosque Farms,2024,6,0,0,0,0,48.57142857142857,12.428571428571429,2024-06-20,0,0,0,0,0,0,0,6,1,0,1,27,34.848851,-106.714722
Bosque Farms,2024,7,4.8,0,1.6,3.2,54,16.4,2024-07-17,0,0,0,0,0,0,2,1,5,0,6,27,34.848851,-106.714722
Bosque Farms,2024,7,4.8,0,1.6,3.2,54,16.4,2024-07-18,0,30,0,0,0,0,1,0,5,0,5,27,34.848851,-106.714722
Bosque Farms,2024,8,7.2,0,0,7.2,18.4,4.8,2024-08-22,1,0,0,0,0,0,0,3,8,0,35,27,34.848851,-106.714722
Bosque Farms,2025,5,0.4,0,0.4,0,38,16.4,2025-05-22,0,0,0,0,0,0,0,2,1,0,3,27,34.848851,-106.714722
Bosque Farms,2025,6,0.4,0,0,0.4,34,12.8,2025-06-18,0,0,0,0,0,0,0,1,0,0,1,27,34.848851,-106.714722
Bosque Farms,2025,7,3.6,0,1.6,2,30,12.4,2025-07-15,0,0,0,0,0,0,0,7,1,0,9,27,34.848851,-106.714722
Bosque School,2021,5,0.8,0.13333333333333333,0.4,0.4,9.333333333333334,22,NA,NA,NA,NA,NA,NA,NA,NA,NA,NA,NA,NA,NA,35.1457011,-106.6847985
Bosque School,2021,6,4.1,0,1.8,2.3,14.2,41.2,NA,NA,NA,NA,NA,NA,NA,NA,NA,NA,NA,NA,NA,35.1457011,-106.6847985
Bosque School,2021,7,1.6,0,0.4,1.2,26.4,14.8,NA,NA,NA,NA,NA,NA,NA,NA,NA,NA,NA,NA,NA,35.1457011,-106.6847985
Bosque School,2021,8,22.933333333333334,2.1333333333333333,7.733333333333333,15.2,10.666666666666666,14.533333333333333,2021-08-18,7,3,5,0,0,0,1,10,2,0,33,NA,35.1457011,-106.6847985
Bosque School,2021,8,22.933333333333334,2.1333333333333333,7.733333333333333,15.2,10.666666666666666,14.533333333333333,2021-08-27,53,0,0,1,1,0,0,6,2,1,29,NA,35.1457011,-106.6847985
Bosque del Apache,2018,5,0,0,0,0,16,NA,2018-05-16,0,0,0,0,6,13,8,16,5,0,3,33,33.8197,-106.8539
Bosque del Apache,2018,6,12,6,8,4,24,NA,2018-06-21,16,0,0,0,25,0,12,37,4,0,0,33,33.8197,-106.8539
Bosque del Apache,2018,7,100,0,100,0,24,NA,2018-07-17,2,65,7,1,6,0,10,6,6,0,0,33,33.8197,-106.8539
Bosque del Apache,2018,8,98,2,98,0,50,NA,2018-08-23,5,8,0,0,6,0,8,2,0,0,0,33,33.8197,-106.8539
Bosque del Apache,2019,5,6.4,0,6.4,0,32,NA,2019-05-22,0,0,0,0,0,0,1,3,2,0,0,33,33.8197,-106.8539
Bosque del Apache,2019,6,NA,NA,NA,NA,NA,NA,2019-06-20,0,0,0,0,0,0,0,0,0,0,0,33,33.8197,-106.8539
Bosque del Apache,2019,7,10,0.4,5.2,4.8,19,NA,2019-07-19,0,0,0,0,32,5,63,20,24,0,1,33,33.8197,-106.8539
Bosque del Apache,2019,8,9.2,1.2,6.8,2.4,9.8,NA,2019-08-19,0,0,0,0,19,0,61,51,8,0,0,33,33.8197,-106.8539
Bosque del Apache,2020,5,12.8,0,5.6,7.2,50,NA,2020-05-22,0,1,0,1,117,18,41,120,18,0,1,33,33.8197,-106.8539
Bosque del Apache,2020,6,37.2,0.8,36,1.2,52,NA,2020-06-19,0,0,0,0,60,2,41,347,6,0,0,33,33.8197,-106.8539
Bosque del Apache,2020,7,14.8,0,12.8,2,28,NA,2020-07-24,0,0,0,0,4,0,3,4,3,0,0,33,33.8197,-106.8539
Bosque del Apache,2020,8,12.8,14.4,10.8,2,24,NA,2020-08-21,5,6,0,0,9,0,4,7,3,0,0,33,33.8197,-106.8539
Bosque del Apache,2021,5,0,0,0,0,50,0,2021-05-20,2,0,0,0,3,11,5,1,0,2,1,33,33.8197,-106.8539
Bosque del Apache,2021,6,5.2,0,1.6,3.6,40,0.4,2021-06-18,0,0,0,0,1,0,3,2,3,0,0,33,33.8197,-106.8539
Bosque del Apache,2021,7,11.6,0,9.6,2,36,2,2021-07-23,2,33,154,0,1,0,0,2,3,0,1,33,33.8197,-106.8539
Bosque del Apache,2021,8,47.6,4.4,40.4,7.2,36,4.4,2021-08-20,16,0,0,0,1,4,0,9,1,0,0,33,33.8197,-106.8539
Bosque del Apache,2022,5,16,0,5.2,10.8,22,10.4,NA,NA,NA,NA,NA,NA,NA,NA,NA,NA,NA,NA,33,33.8197,-106.8539
Bosque del Apache,2022,6,34.4,2.8,8.4,26,24,2.8,NA,NA,NA,NA,NA,NA,NA,NA,NA,NA,NA,NA,33,33.8197,-106.8539
Bosque del Apache,2022,7,19.6,0,5.2,14.4,24,6,NA,NA,NA,NA,NA,NA,NA,NA,NA,NA,NA,NA,33,33.8197,-106.8539
Bosque del Apache,2022,8,32.8,0,12.4,20.4,26,4.4,NA,NA,NA,NA,NA,NA,NA,NA,NA,NA,NA,NA,33,33.8197,-106.8539
Bosque del Apache,2023,5,5.2,0,3.6,1.6,32,14,NA,NA,NA,NA,NA,NA,NA,NA,NA,NA,NA,NA,33,33.8197,-106.8539
Bosque del Apache,2023,6,5.6,0,2,3.6,30,11.2,NA,NA,NA,NA,NA,NA,NA,NA,NA,NA,NA,NA,33,33.8197,-106.8539
Bosque del Apache,2023,7,12,0.4,1.6,10.4,26,3.2,NA,NA,NA,NA,NA,NA,NA,NA,NA,NA,NA,NA,33,33.8197,-106.8539
Bosque del Apache,2023,8,12.8,0.4,2,10.8,28,4.8,NA,NA,NA,NA,NA,NA,NA,NA,NA,NA,NA,NA,33,33.8197,-106.8539
Bosque del Apache,2023,9,48,5.2,28,20,24,1.6,NA,NA,NA,NA,NA,NA,NA,NA,NA,NA,NA,NA,33,33.8197,-106.8539
Bosque del Apache,2024,5,8.8,0,5.2,3.6,30,5.2,NA,NA,NA,NA,NA,NA,NA,NA,NA,NA,NA,NA,33,33.8197,-106.8539
Bosque del Apache,2024,6,14.4,3.6,9.2,5.2,30,12,NA,NA,NA,NA,NA,NA,NA,NA,NA,NA,NA,NA,33,33.8197,-106.8539
Bosque del Apache,2024,7,34,0.8,27.2,6.8,22,5.4,NA,NA,NA,NA,NA,NA,NA,NA,NA,NA,NA,NA,33,33.8197,-106.8539
Bosque del Apache,2024,8,40,18,36.4,3.6,24,2,NA,NA,NA,NA,NA,NA,NA,NA,NA,NA,NA,NA,33,33.8197,-106.8539
Bosque del Apache,2024,9,39.2,20,20.4,18.8,31,0,NA,NA,NA,NA,NA,NA,NA,NA,NA,NA,NA,NA,33,33.8197,-106.8539
Bosque del Apache,2025,5,5.6,0,3.6,2,32,1.2,NA,NA,NA,NA,NA,NA,NA,NA,NA,NA,NA,NA,33,33.8197,-106.8539
Bosque del Apache,2025,6,7.2,3.6,3.6,3.6,28,16,NA,NA,NA,NA,NA,NA,NA,NA,NA,NA,NA,NA,33,33.8197,-106.8539
Bosque del Apache,2025,7,4,0,2,2,38,6.4,NA,NA,NA,NA,NA,NA,NA,NA,NA,NA,NA,NA,33,33.8197,-106.8539
Bosque del Apache,2025,8,35.2,8.4,20.8,14.4,44,1.2,NA,NA,NA,NA,NA,NA,NA,NA,NA,NA,NA,NA,33,33.8197,-106.8539
Bosque del Apache,2025,9,65,4,30,35,22.5,0,NA,NA,NA,NA,NA,NA,NA,NA,NA,NA,NA,NA,33,33.8197,-106.8539
Brazil,2017,6,14,0,6,8,NA,NA,2017-06-23,0,2,24,3,22,8,4,42,3,0,0,NA,34.43454,-106.43736
Brazil,2017,7,22,0,12,10,NA,NA,2017-07-21,14,18,20,7,17,0,5,70,2,0,0,NA,34.43454,-106.43736
Brazil,2017,8,22,0,12,10,NA,NA,2017-08-28,21,1,2,3,9,13,4,42,12,0,4,NA,34.43454,-106.43736
Calabacillas,2014,6,5,NA,NA,NA,NA,NA,2014-06-27,0,2,3,0,0,0,0,8,2,0,3,11,35.19056822,-106.6491626
Calabacillas,2014,7,4,5,NA,NA,NA,NA,2014-07-21,10,9,1,1,0,0,0,2,0,0,4,11,35.19056822,-106.6491626
Calabacillas,2014,8,23.4,NA,NA,NA,NA,NA,2014-08-12,3,23,20,3,0,0,0,13,2,0,8,11,35.19056822,-106.6491626
Calabacillas,2015,5,0,NA,NA,NA,NA,NA,2015-05-22,0,0,0,0,0,0,0,3,0,0,0,11,35.19056822,-106.6491626
Calabacillas,2015,6,0,NA,NA,NA,NA,NA,2015-06-18,0,2,0,0,0,0,0,10,1,0,4,11,35.19056822,-106.6491626
Calabacillas,2015,7,9.4,NA,NA,NA,NA,NA,2015-07-21,4,1,0,0,0,0,0,5,3,0,6,11,35.19056822,-106.6491626
Calabacillas,2015,8,15,NA,NA,NA,NA,NA,2015-08-20,0,4,1,1,0,0,0,32,1,0,22,11,35.19056822,-106.6491626
Calabacillas,2016,5,1,0,NA,NA,NA,NA,2016-05-23,0,0,0,0,1,0,0,2,0,0,11,11,35.19056822,-106.6491626
Calabacillas,2016,6,6,0,NA,NA,NA,NA,2016-06-22,0,0,0,0,0,0,0,10,5,0,1,11,35.19056822,-106.6491626
Calabacillas,2016,7,10,0,NA,NA,NA,NA,2016-07-22,0,0,0,0,0,0,0,7,3,0,5,11,35.19056822,-106.6491626
Calabacillas,2016,8,13,0,NA,NA,NA,NA,2016-08-17,0,0,0,0,0,0,0,29,4,0,7,11,35.19056822,-106.6491626
Calabacillas,2017,5,0,0,0,0,26,NA,2017-05-15,0,0,0,0,0,0,0,3,1,0,0,11,35.19056822,-106.6491626
Calabacillas,2017,6,16,0,8,8,NA,NA,2017-06-20,0,0,0,0,0,0,0,5,2,0,0,11,35.19056822,-106.6491626
Calabacillas,2017,7,22,0,12,10,NA,NA,2017-07-18,0,0,0,0,0,0,0,1,0,0,14,11,35.19056822,-106.6491626
Calabacillas,2017,8,24,0,8,16,NA,NA,2017-08-16,0,0,0,0,0,0,0,4,0,0,18,11,35.19056822,-106.6491626
Calabacillas,2018,5,0,2,0,0,36,NA,2018-05-15,1,0,0,0,0,0,0,1,1,0,10,11,35.19056822,-106.6491626
Calabacillas,2018,6,0,2,0,0,28,NA,2018-06-19,0,0,0,0,0,0,0,2,0,0,6,11,35.19056822,-106.6491626
Calabacillas,2018,7,0,0,0,0,15,NA,2018-07-19,0,0,0,0,0,0,0,5,0,0,6,11,35.19056822,-106.6491626
Calabacillas,2018,8,0,0,0,0,26,NA,2018-08-24,0,0,0,0,0,0,0,1,0,0,8,11,35.19056822,-106.6491626
Calabacillas,2019,5,0.4,6,0.4,0,50,NA,2019-05-22,0,0,0,0,0,3,0,3,0,0,1,11,35.19056822,-106.6491626
Calabacillas,2019,6,1.2,2,0,1.2,32,NA,2019-06-17,0,1,2,0,2,0,0,9,1,0,0,11,35.19056822,-106.6491626
Calabacillas,2019,7,0.8,0,0,0.8,18.8,NA,2019-07-18,0,0,0,0,0,0,0,20,0,0,0,11,35.19056822,-106.6491626
Calabacillas,2019,8,10.8,2,3.6,7.2,10.8,NA,2019-08-21,0,0,0,0,0,0,0,13,4,0,2,11,35.19056822,-106.6491626
Calabacillas,2020,5,0.4,16,0.4,0,16,NA,2020-05-22,0,0,0,0,0,0,0,0,2,0,31,11,35.19056822,-106.6491626
Calabacillas,2020,6,0.4,18,0,0.4,16.4,NA,2020-06-17,0,0,0,0,0,0,0,2,1,0,15,11,35.19056822,-106.6491626
Calabacillas,2020,7,1.2,20,0,1.2,24,NA,2020-07-20,0,0,0,0,0,0,0,2,1,0,9,11,35.19056822,-106.6491626
Calabacillas,2020,8,2,14,0,2,26,NA,2020-08-18,0,0,1,0,0,0,0,0,2,0,17,11,35.19056822,-106.6491626
Calabacillas,2021,5,0,0,0,0,30,16.4,2021-05-19,0,0,0,0,0,0,0,0,0,0,7,11,35.19056822,-106.6491626
Calabacillas,2021,6,2.8,0,0.8,2,30,3.2,2021-06-15,0,0,0,0,0,0,0,0,1,0,7,11,35.19056822,-106.6491626
Calabacillas,2021,7,5.2,0.4,0,5.2,28,5.2,2021-07-22,0,0,0,0,0,0,0,1,2,0,14,11,35.19056822,-106.6491626
Calabacillas,2021,8,4.8,0.4,1.2,3.6,20,1.2,2021-08-16,0,1,0,0,0,1,0,13,2,0,22,11,35.19056822,-106.6491626
Calabacillas,2022,5,0.8,0,0,0.8,14.4,20.8,2022-05-18,0,0,0,0,1,0,0,11,1,0,5,11,35.19056822,-106.6491626
Calabacillas,2022,6,1.6,0,1.6,1.2,44,0,2022-06-22,0,0,0,0,0,0,0,6,1,0,21,11,35.19056822,-106.6491626
Calabacillas,2022,7,9.6,0,5.2,0.8,38,8.4,2022-07-23,0,0,0,0,0,0,0,21,0,0,13,11,35.19056822,-106.6491626
Calabacillas,2022,8,12.4,0,3.6,8.8,8.4,14.4,2022-08-26,1,1,0,0,0,0,0,9,0,0,27,11,35.19056822,-106.6491626
Calabacillas,2022,9,27.4,0,2,25.4,37,0,2022-09-24,0,0,0,0,0,0,0,2,0,0,12,11,35.19056822,-106.6491626
Calabacillas,2023,5,0,0,0,0,8,28.4,2023-05-16,0,0,1,0,0,0,0,2,2,2,14,11,35.19056822,-106.6491626
Calabacillas,2023,6,4,0,2,2,10.4,11.2,2023-06-27,0,0,0,0,0,0,0,14,3,0,7,11,35.19056822,-106.6491626
Calabacillas,2023,7,5.6,0,2,3.6,18,6.8,2023-07-19,0,0,0,0,0,0,0,11,3,0,19,11,35.19056822,-106.6491626
Calabacillas,2023,8,20.4,0,8.4,12,16,16.8,2023-08-16,3,0,0,0,0,0,0,53,4,0,25,11,35.19056822,-106.6491626
Crawford,2014,5,NA,NA,NA,NA,NA,NA,2014-05-20,0,0,0,0,0,0,0,0,0,0,1,25,34.63835,-106.74277
Crawford,2014,6,NA,NA,NA,NA,NA,NA,2014-06-17,0,0,0,0,0,0,0,16,1,0,6,25,34.63835,-106.74277
Crawford,2014,7,NA,NA,NA,NA,NA,NA,2014-07-15,0,0,0,0,0,0,0,7,2,0,1,25,34.63835,-106.74277
Crawford,2014,8,0,NA,NA,NA,NA,NA,2014-08-19,0,2,1,0,0,0,0,40,3,0,3,25,34.63835,-106.74277
Crawford,2015,5,12,NA,NA,NA,NA,NA,2015-05-20,1,0,0,0,1,2,0,7,2,0,21,25,34.63835,-106.74277
Crawford,2015,6,8.4,NA,NA,NA,NA,NA,2015-06-16,0,2,0,0,0,0,0,52,1,0,4,25,34.63835,-106.74277
Crawford,2015,7,7.6,NA,NA,NA,NA,NA,2015-07-21,22,1,5,8,3,0,0,24,3,0,4,25,34.63835,-106.74277
Crawford,2015,8,95.8,NA,NA,NA,NA,NA,2015-08-18,0,0,17,39,4,0,1,181,12,0,5,25,34.63835,-106.74277
Crawford,2016,5,0,0,NA,NA,NA,NA,2016-05-17,0,0,0,0,0,6,0,1,2,0,6,25,34.63835,-106.74277
Crawford,2016,6,5,0,NA,NA,NA,NA,2016-06-21,0,3,6,0,0,1,0,37,0,0,0,25,34.63835,-106.74277
Crawford,2016,7,7,0,NA,NA,NA,NA,2016-07-19,1,25,2,21,1,0,0,21,3,0,7,25,34.63835,-106.74277
Crawford,2016,8,98,0,NA,NA,NA,NA,2016-08-15,32,0,0,3,2,0,2,3,2,0,0,25,34.63835,-106.74277
Crawford,2017,5,0,0,0,0,18,NA,2017-05-16,0,0,0,0,0,0,1,1,0,0,0,25,34.63835,-106.74277
Crawford,2017,6,14,0,8,6,NA,NA,2017-06-21,1,0,2,0,1,10,0,12,2,0,1,25,34.63835,-106.74277
Crawford,2017,7,20,0,8,12,NA,NA,2017-07-19,14,0,3,22,2,0,2,40,4,0,0,25,34.63835,-106.74277
Crawford,2017,8,98,0,98,0,NA,NA,2017-08-17,0,0,9,1,9,0,7,21,4,0,0,25,34.63835,-106.74277
Crawford,2018,5,0,2,0,0,18,NA,2018-05-17,0,0,0,0,0,2,0,0,0,0,0,25,34.63835,-106.74277
Crawford,2018,6,0,4,0,0,18,NA,2018-06-20,0,0,0,0,2,0,0,13,0,1,0,25,34.63835,-106.74277
Crawford,2018,7,4,0,0,4,24,NA,2018-07-19,0,0,0,0,1,0,0,51,2,0,2,25,34.63835,-106.74277
Crawford,2018,8,18,0,10,8,34,NA,2018-08-25,2,0,0,0,0,0,0,9,1,0,2,25,34.63835,-106.74277
Crawford,2018,9,60,0,24,36,32,NA,2018-09-18,0,0,0,0,0,0,1,6,5,0,4,25,34.63835,-106.74277
Crawford,2019,5,0,2,0,0,52,NA,2019-05-24,0,0,0,0,0,2,0,1,0,0,0,25,34.63835,-106.74277
Crawford,2019,6,2,0.4,0,2,36,NA,2019-06-19,0,0,0,0,0,2,0,29,3,0,2,25,34.63835,-106.74277
Crawford,2019,7,3.2,0.4,1.2,2,36,NA,2019-07-16,0,0,1,0,0,3,2,20,13,0,0,25,34.63835,-106.74277
Crawford,2019,8,48.4,0,30,18.4,28,NA,2019-08-20,0,0,0,0,2,0,4,440,6,1,1,25,34.63835,-106.74277
Crawford,2019,9,29.2,1.2,6.8,22.4,42.4,NA,2019-09-18,0,0,0,0,0,0,2,11,4,0,2,25,34.63835,-106.74277
Crawford,2020,5,0,0,0,0,32,NA,2020-05-19,0,0,0,0,0,6,3,0,1,0,4,25,34.63835,-106.74277
Crawford,2020,6,8,4,8,0,30,NA,2020-06-16,0,0,0,0,2,0,1,5,1,0,2,25,34.63835,-106.74277
Crawford,2020,7,22,0,6,16,46,NA,2020-07-21,0,0,0,1,0,0,0,33,0,0,1,25,34.63835,-106.74277
Crawford,2020,8,26,0,12,14,44,NA,2020-08-18,0,0,0,0,0,0,0,5,1,0,2,25,34.63835,-106.74277
Crawford,2021,5,0,0,0,0,60,2,2021-05-18,0,0,0,0,0,0,0,0,2,0,9,25,34.63835,-106.74277
Crawford,2021,6,1.6,0,0,1.6,36.4,0.8,2021-06-15,0,0,0,0,0,0,0,4,0,0,5,25,34.63835,-106.74277
Crawford,2021,7,5.2,0,1.6,3.6,54,2.8,2021-07-20,4,3,0,1,0,0,0,0,0,0,1,25,34.63835,-106.74277
Crawford,2021,8,66.8,0.4,66,0.8,64,0.4,2021-08-17,9,24,23,0,0,0,0,13,1,0,17,25,34.63835,-106.74277
Crawford,2021,9,64.8,18.4,52,12.8,68,0,2021-09-21,0,0,0,0,0,0,1,0,3,0,10,25,34.63835,-106.74277
Crawford,2022,5,12.5,2.5,11,1.5,13,11,2022-05-18,0,0,0,0,1,3,1,4,1,0,1,25,34.63835,-106.74277
Crawford,2022,6,10.4,0.8,5.2,5.2,10.4,5.2,2022-06-21,0,1,1,0,2,0,2,76,4,0,3,25,34.63835,-106.74277
Crawford,2022,7,38,0.4,16,22,14,14,2022-07-19,0,0,0,0,2,2,0,199,8,1,1,25,34.63835,-106.74277
Crawford,2022,8,80,0,56,24,12.8,11.2,2022-08-16,0,0,0,0,1,0,0,512,3,0,0,25,34.63835,-106.74277
Crawford,2022,9,76.4,10.4,12.4,64,14.4,6.4,2022-09-15,0,0,0,0,0,0,0,16,3,0,12,25,34.63835,-106.74277
Crawford,2023,5,6,0,6,0,20.4,20.4,2023-05-16,0,0,0,0,2,21,9,0,13,0,7,25,34.63835,-106.74277
Crawford,2023,6,18.8,4.8,8.4,10.4,14,18.4,2023-06-20,0,0,0,0,3,11,4,7,4,0,6,25,34.63835,-106.74277
Crawford,2023,7,20.4,0,10.4,10,12.4,38,2023-07-18,0,0,0,0,2,1,12,1,16,0,5,25,34.63835,-106.74277
Crawford,2023,8,23.2,0.8,5.2,18,18,18.4,2023-08-15,0,0,0,0,6,0,6,48,12,2,2,25,34.63835,-106.74277
Crawford,2024,5,17.2,0,14,3.2,14.4,5.2,2024-05-21,0,0,0,0,5,39,10,45,14,0,4,25,34.63835,-106.74277
Crawford,2024,6,22.4,0.4,8.4,14,16,8.8,2024-06-18,0,0,1,0,0,0,3,28,0,1,1,25,34.63835,-106.74277
Crawford,2024,7,29.2,0.4,5.2,24,18,16,2024-07-16,0,0,0,0,1,0,5,22,4,0,4,25,34.63835,-106.74277
Crawford,2024,8,36,0,16,20,20,20,2024-08-20,0,0,0,0,0,0,3,23,7,0,4,25,34.63835,-106.74277
Crawford,2024,9,45.2,0,3.2,42,10.8,16,2024-09-17,1,0,1,0,0,0,0,4,6,0,12,25,34.63835,-106.74277
Crawford,2025,5,12.4,0,12.4,0,8.4,18.4,2025-05-20,0,0,0,0,1,7,2,1,0,0,2,25,34.63835,-106.74277
Crawford,2025,6,4.4,0,3.2,1.2,7.2,20.4,2025-06-17,0,1,0,0,0,0,0,1,0,0,0,25,34.63835,-106.74277
Crawford,2025,7,24.4,0.8,12,12.4,5.2,18.4,2025-07-15,3,0,0,0,1,0,1,4,2,0,5,25,34.63835,-106.74277
Crawford,2025,9,34.8,0,10.8,24,12,6.8,2025-09-16,0,0,0,0,0,0,0,3,2,2,8,25,34.63835,-106.74277
Diversion,2014,5,NA,NA,NA,NA,NA,NA,2014-05-27,2,0,0,0,1,0,0,0,0,0,12,10,35.1908,-106.6429
Diversion,2014,6,5,NA,NA,NA,NA,NA,2014-06-27,6,1,6,1,0,0,3,2,2,0,47,10,35.1908,-106.6429
Diversion,2014,7,5,NA,NA,NA,NA,NA,2014-07-15,13,31,2,1,0,0,0,0,1,0,1,10,35.1908,-106.6429
Diversion,2014,8,19.8,NA,NA,NA,NA,NA,2014-08-12,59,32,2,0,0,0,0,5,0,0,2,10,35.1908,-106.6429
Diversion,2015,5,1,NA,NA,NA,NA,NA,2015-05-22,8,0,0,0,0,0,1,3,0,0,3,10,35.1908,-106.6429
Diversion,2015,6,1,NA,NA,NA,NA,NA,2015-06-18,1,44,23,1,0,1,0,13,5,0,17,10,35.1908,-106.6429
Diversion,2015,7,16.6,NA,NA,NA,NA,NA,2015-07-21,1,6,5,0,0,0,0,4,1,0,11,10,35.1908,-106.6429
Diversion,2015,8,72,NA,NA,NA,NA,NA,2015-08-20,9,2,0,20,3,0,0,11,4,0,6,10,35.1908,-106.6429
Diversion,2016,5,5,0,NA,NA,NA,NA,2016-05-23,10,0,0,0,0,0,0,6,1,0,3,10,35.1908,-106.6429
Diversion,2016,6,5,0,NA,NA,NA,NA,2016-06-22,1,0,14,1,0,0,1,19,4,0,1,10,35.1908,-106.6429
Diversion,2016,7,19,0,NA,NA,NA,NA,2016-07-22,1,0,0,0,0,0,0,29,1,0,5,10,35.1908,-106.6429
Diversion,2016,8,16,0,NA,NA,NA,NA,2016-08-17,0,0,0,0,0,0,0,8,1,0,12,10,35.1908,-106.6429
Diversion,2017,5,8,0,4,4,8,NA,2017-05-15,0,0,0,0,1,0,0,3,0,0,3,10,35.1908,-106.6429
Diversion,2017,6,18,0,8,10,NA,NA,2017-06-20,0,0,0,0,0,1,0,3,2,0,1,10,35.1908,-106.6429
Diversion,2017,7,20,0,10,10,NA,NA,2017-07-18,2,1,0,0,0,0,0,13,1,0,1,10,35.1908,-106.6429
Diversion,2017,8,16,0,6,10,NA,NA,2017-08-16,1,0,0,0,1,0,1,18,2,0,10,10,35.1908,-106.6429
Diversion,2018,5,0,4,0,0,8,NA,2018-05-15,0,0,0,0,0,0,0,10,0,0,5,10,35.1908,-106.6429
Diversion,2018,6,0,0,0,0,14,NA,2018-06-22,0,0,0,0,4,1,1,1,1,0,1,10,35.1908,-106.6429
Diversion,2018,7,0,0,0,0,0,NA,2018-07-19,1,0,1,0,0,0,0,17,0,0,2,10,35.1908,-106.6429
Diversion,2018,8,6,0,0,6,10,NA,2018-08-24,0,0,0,0,1,0,0,7,0,0,5,10,35.1908,-106.6429
Diversion,2018,9,4,0,0,4,12,NA,2018-09-19,0,0,0,0,1,0,0,7,1,0,7,10,35.1908,-106.6429
Diversion,2019,5,0,4,0,0,28,NA,2019-05-23,0,0,1,0,1,3,3,4,1,0,3,10,35.1908,-106.6429
Diversion,2019,6,2.8,0,0.8,2,7.2,NA,2019-06-18,0,0,0,0,2,1,5,100,4,0,1,10,35.1908,-106.6429
Diversion,2019,7,0.4,2,0,0.4,7.2,NA,2019-07-15,1,0,1,0,0,3,0,35,5,1,3,10,35.1908,-106.6429
Diversion,2019,8,15.2,0,11.6,3.6,8.8,NA,2019-08-21,1,0,3,0,4,0,1,55,0,0,5,10,35.1908,-106.6429
Diversion,2019,9,24,1.6,7.2,16.8,5.6,NA,2019-09-17,0,0,0,0,1,0,2,7,7,0,11,10,35.1908,-106.6429
Diversion,2020,5,0.8,2,0.4,0.4,2.4,NA,2020-05-21,0,0,0,0,3,5,2,1,1,0,4,10,35.1908,-106.6429
Diversion,2020,6,0.4,18.4,0,0.4,5.2,NA,2020-06-17,0,1,4,0,3,0,2,6,1,0,11,10,35.1908,-106.6429
Diversion,2020,7,1.6,18,0,1.6,3.6,NA,2020-07-20,8,11,11,0,1,0,0,13,1,0,45,10,35.1908,-106.6429
Diversion,2020,8,5.6,18.4,2,3.6,5.2,NA,2020-08-18,2,1,0,0,5,0,0,4,0,0,30,10,35.1908,-106.6429
Diversion,2020,9,25.6,0.4,7.2,18.4,30,NA,2020-09-17,0,0,0,0,0,0,0,5,0,0,4,10,35.1908,-106.6429
Diversion,2021,5,0.4,0,0,0.4,20.8,31.2,2021-05-20,0,0,0,0,0,1,0,1,2,0,9,10,35.1908,-106.6429
Diversion,2021,6,4,0,2,2,46,12.4,2021-06-14,0,0,0,0,2,0,0,1,1,0,5,10,35.1908,-106.6429
Diversion,2021,7,0.4,0,0,0.4,46,20.4,2021-07-19,1,0,0,0,0,0,0,2,0,0,29,10,35.1908,-106.6429
Diversion,2021,8,6.4,0,1.2,5.2,30,12.4,2021-08-17,2,1,1,0,0,0,0,2,2,0,10,10,35.1908,-106.6429
Diversion,2021,9,38.8,0,10.8,28,34,0.4,2021-09-21,0,0,0,0,0,0,0,23,0,2,34,10,35.1908,-106.6429
Diversion,2022,5,6,5,4,2,25,21.666666666666668,2022-05-19,1,0,0,0,0,1,0,25,1,0,3,10,35.1908,-106.6429
Diversion,2022,6,32.4,0,12.4,20,20,16,2022-06-25,1,0,1,0,0,0,0,47,1,0,95,10,35.1908,-106.6429
Diversion,2022,7,30.4,0,2,28.4,22,28,2022-07-18,0,1,1,0,1,0,0,25,2,0,4,10,35.1908,-106.6429
Diversion,2022,8,25.6,0,10.8,14.8,14,6,2022-08-15,0,4,0,0,0,0,0,8,0,0,6,10,35.1908,-106.6429
Diversion,2022,9,26.4,0,2,24.4,14.4,0,2022-09-20,0,0,0,0,0,0,0,9,1,0,44,10,35.1908,-106.6429
Diversion,2023,5,2.8,0,2,0.8,12.4,54,2023-05-16,0,0,0,0,0,0,0,0,1,0,3,10,35.1908,-106.6429
Diversion,2023,6,3.6,0,1.6,2,16.4,20,2023-06-21,0,0,0,0,0,2,0,7,3,0,6,10,35.1908,-106.6429
Diversion,2023,7,3.6,0,1.6,2,18,12,2023-07-19,0,0,0,0,0,0,0,18,1,0,3,10,35.1908,-106.6429
Diversion,2023,8,14,0,7.2,6.8,26,3.2,2023-08-18,0,0,0,0,0,0,0,26,1,0,17,10,35.1908,-106.6429
Diversion,2023,9,22.8,0,0.8,22,30,2,2023-09-21,0,0,0,0,0,0,0,0,0,0,16,10,35.1908,-106.6429
Diversion,2024,5,1.6,0,0.8,0.8,18,14.4,2024-05-23,0,0,0,0,0,0,1,4,1,0,4,10,35.1908,-106.6429
Diversion,2024,6,2.8,0,2,0.8,26,54,2024-06-20,0,1,0,0,0,1,0,3,0,0,2,10,35.1908,-106.6429
Diversion,2024,7,3.2,0,1.2,2,14.4,32,2024-07-16,1,0,0,0,0,0,0,2,2,0,3,10,35.1908,-106.6429
Diversion,2024,8,4.4,0,0.8,3.6,20,6,2024-08-20,0,0,1,0,0,0,0,3,0,0,10,10,35.1908,-106.6429
Diversion,2024,9,18.8,0,0,18.8,16.4,0.8,2024-09-19,0,0,0,0,0,0,0,2,0,0,18,10,35.1908,-106.6429
Diversion,2025,5,16.8,0,16,0.8,14.4,18.4,2025-05-22,0,0,0,0,0,0,0,1,0,0,1,10,35.1908,-106.6429
Diversion,2025,6,11.6,0,6.4,5.2,20,22,2025-06-17,0,0,1,0,1,0,0,0,0,0,0,10,35.1908,-106.6429
Diversion,2025,7,18.8,0,8.8,10,16,16,2025-07-15,3,1,1,0,0,0,0,0,1,0,6,10,35.1908,-106.6429
Diversion,2025,8,41.2,0,9.2,32,10.8,12,2025-08-18,1,0,0,0,0,0,0,4,0,2,14,10,35.1908,-106.6429
Diversion,2025,9,21.6,0,3.6,18,16,0,2025-09-18,0,0,0,0,0,0,2,4,1,0,17,10,35.1908,-106.6429
Harrison,2014,6,0.6,NA,NA,NA,NA,NA,2014-06-21,0,20,50,0,0,0,0,5,0,0,0,13,35.01505603,-106.6736953
Harrison,2014,7,0.4,NA,NA,NA,NA,NA,2014-07-18,13,1,1,0,2,1,0,1,1,0,3,13,35.01505603,-106.6736953
Harrison,2014,8,NA,50,NA,NA,NA,NA,2014-08-14,1,5,4,0,0,2,0,5,1,0,11,13,35.01505603,-106.6736953
Harrison,2015,5,0,NA,NA,NA,NA,NA,2015-05-22,2,0,0,0,0,0,0,3,2,0,3,13,35.01505603,-106.6736953
Harrison,2015,6,5,NA,NA,NA,NA,NA,2015-06-22,0,0,4,0,0,1,0,7,2,0,1,13,35.01505603,-106.6736953
Harrison,2015,7,4,NA,NA,NA,NA,NA,2015-07-15,5,0,0,0,1,0,0,0,4,0,6,13,35.01505603,-106.6736953
Harrison,2015,8,42,NA,NA,NA,NA,NA,2015-08-21,1,0,0,0,1,0,0,28,3,0,11,13,35.01505603,-106.6736953
Harrison,2016,5,5,0,NA,NA,NA,NA,2016-05-19,1,0,0,0,0,0,0,2,0,0,2,13,35.01505603,-106.6736953
Harrison,2016,6,6,0,NA,NA,NA,NA,2016-06-24,0,0,2,0,0,1,0,18,2,0,3,13,35.01505603,-106.6736953
Harrison,2016,7,14,1,NA,NA,NA,NA,2016-07-22,2,0,0,0,0,0,0,5,1,0,3,13,35.01505603,-106.6736953
Harrison,2016,8,30,0,NA,NA,NA,NA,2016-08-16,1,0,0,0,0,0,0,5,1,0,10,13,35.01505603,-106.6736953
Harrison,2017,5,0,0,0,0,34,NA,2017-05-17,0,0,0,0,0,1,0,0,1,0,0,13,35.01505603,-106.6736953
Harrison,2017,6,18,0,8,10,NA,NA,2017-06-19,0,0,0,0,0,2,0,3,0,0,2,13,35.01505603,-106.6736953
Harrison,2017,7,18,0,6,12,NA,NA,2017-07-17,0,0,0,0,0,2,0,5,0,0,0,13,35.01505603,-106.6736953
Harrison,2017,8,24,0,10,14,NA,NA,2017-08-14,1,1,0,0,0,0,0,13,0,0,0,13,35.01505603,-106.6736953
Harrison,2018,5,0,0,0,0,54,NA,2018-05-16,0,0,0,0,0,2,0,0,0,0,0,13,35.01505603,-106.6736953
Harrison,2018,6,0,4,0,0,36,NA,2018-06-19,0,1,1,0,1,0,0,0,0,0,3,13,35.01505603,-106.6736953
Harrison,2018,7,4,2,0,4,48,NA,2018-07-18,0,3,0,0,0,0,0,13,1,0,4,13,35.01505603,-106.6736953
Harrison,2018,8,6,2,0,6,64,NA,2018-08-21,0,0,0,0,0,0,0,0,1,0,0,13,35.01505603,-106.6736953
Harrison,2019,5,0,0,0,0,84,NA,2019-05-20,0,0,0,0,0,1,0,2,0,0,0,13,35.01505603,-106.6736953
Harrison,2019,6,0.4,2,0,0.4,44,NA,2019-06-18,0,0,0,0,1,0,0,10,3,0,1,13,35.01505603,-106.6736953
Harrison,2019,7,2.4,0.4,0.4,2,24.4,NA,2019-07-16,0,0,0,0,0,0,2,20,3,0,0,13,35.01505603,-106.6736953
Harrison,2019,8,10.4,0,3.6,6.8,40,NA,2019-08-22,0,0,0,0,0,0,0,46,7,0,0,13,35.01505603,-106.6736953
Harrison,2020,5,1.6,0,1.2,0.4,82,NA,2020-05-21,0,0,0,0,0,1,0,5,3,1,5,13,35.01505603,-106.6736953
Harrison,2020,6,2,0.4,1.2,0.8,70,NA,2020-06-18,0,0,1,0,0,0,0,5,0,0,0,13,35.01505603,-106.6736953
Harrison,2020,7,7.2,0,2,5.2,50,NA,2020-07-24,0,0,0,1,0,0,0,2,0,0,2,13,35.01505603,-106.6736953
Harrison,2020,8,6.8,0,1.6,5.2,70,NA,2020-08-21,1,0,0,0,0,0,0,0,0,0,0,13,35.01505603,-106.6736953
Harrison,2021,5,0,0,0,0,56,24,2021-05-17,0,0,0,0,0,0,0,0,1,0,0,13,35.01505603,-106.6736953
Harrison,2021,6,2.4,0,0.4,2,66,18,2021-06-15,0,0,0,0,0,0,0,1,1,0,0,13,35.01505603,-106.6736953
Harrison,2021,7,4.8,0.4,1.2,3.6,70,1.2,2021-07-21,0,2,0,0,1,0,0,0,0,0,0,13,35.01505603,-106.6736953
Harrison,2021,8,9.2,2.4,0.4,8.8,68,0.8,2021-08-19,1,0,0,0,0,0,0,10,2,0,7,13,35.01505603,-106.6736953
Lemitar,2014,6,0,NA,NA,NA,NA,NA,2014-06-17,0,0,0,0,0,0,0,1,0,0,0,7,34.16703188,-106.8899486
Lemitar,2014,7,0,NA,NA,NA,NA,NA,2014-07-16,0,0,1,0,0,0,0,3,1,0,3,7,34.16703188,-106.8899486
Lemitar,2014,8,NA,NA,NA,NA,NA,NA,2014-08-18,0,0,0,0,0,1,0,0,2,0,0,7,34.16703188,-106.8899486
Lemitar,2015,5,0,NA,NA,NA,NA,NA,2015-05-19,0,0,0,0,1,0,0,1,0,0,0,7,34.16703188,-106.8899486
Lemitar,2015,6,0,NA,NA,NA,NA,NA,2015-06-17,0,0,0,0,0,0,1,2,0,0,3,7,34.16703188,-106.8899486
Lemitar,2015,7,0,NA,NA,NA,NA,NA,2015-07-22,0,0,0,0,1,0,0,4,0,0,5,7,34.16703188,-106.8899486
Lemitar,2015,8,1,NA,NA,NA,NA,NA,2015-08-17,0,0,0,0,0,0,0,6,1,0,0,7,34.16703188,-106.8899486
Lemitar,2016,5,0,0,NA,NA,NA,NA,2016-05-16,0,0,0,0,0,0,0,3,1,0,0,7,34.16703188,-106.8899486
Lemitar,2016,6,0,0,NA,NA,NA,NA,2016-06-22,0,0,0,0,1,0,0,7,0,0,2,7,34.16703188,-106.8899486
Lemitar,2016,7,0,0,NA,NA,NA,NA,2016-07-20,0,0,0,0,0,0,0,2,1,0,3,7,34.16703188,-106.8899486
Lemitar,2016,8,5,0,NA,NA,NA,NA,2016-08-17,4,21,5,0,0,0,0,10,1,0,5,7,34.16703188,-106.8899486
Lemitar,2017,5,10,0,0,10,40,NA,2017-05-15,8,0,0,5,4,0,1,3,0,0,2,7,34.16703188,-106.8899486
Lemitar,2017,6,24,0,24,0,NA,NA,2017-06-22,33,2,15,0,0,0,2,1,4,0,5,7,34.16703188,-106.8899486
Lemitar,2017,7,32,0,32,0,NA,NA,2017-07-17,13,11,208,0,2,0,0,3,0,0,7,7,34.16703188,-106.8899486
Lemitar,2017,8,52,0,52,0,NA,NA,2017-08-14,11,0,0,0,4,0,0,0,1,0,0,7,34.16703188,-106.8899486
Lemitar,2018,5,0,0,0,0,38,NA,2018-05-17,0,0,0,0,0,0,0,3,3,0,0,7,34.16703188,-106.8899486
Lemitar,2018,6,0,4,0,0,38,NA,2018-06-21,0,0,0,0,0,0,0,2,0,0,3,7,34.16703188,-106.8899486
Lemitar,2018,7,2,2,0,2,44,NA,2018-07-17,0,1,0,0,0,0,0,20,0,0,3,7,34.16703188,-106.8899486
Lemitar,2018,8,40,0,30,10,56,NA,2018-08-23,1,21,27,0,1,0,0,8,1,0,0,7,34.16703188,-106.8899486
Lemitar,2019,5,0.4,6,0.4,0,64,NA,2019-05-24,0,0,0,0,0,0,0,0,0,0,0,7,34.16703188,-106.8899486
Lemitar,2019,6,2,0.8,0.4,1.6,40,NA,2019-06-20,1,0,0,0,0,2,0,1,1,0,0,7,34.16703188,-106.8899486
Lemitar,2019,7,4,0.4,2,2,56,NA,2019-07-19,5,105,0,2,0,1,0,15,2,0,8,7,34.16703188,-106.8899486
Lemitar,2019,8,100,0,100,0,65,NA,2019-08-19,6,11,0,0,0,0,0,1,0,0,0,7,34.16703188,-106.8899486
Lemitar,2020,5,3.6,0,2,1.6,52,NA,2020-05-22,0,7,0,0,2,0,0,5,1,0,1,7,34.16703188,-106.8899486
Lemitar,2020,6,4.8,0,1.2,3.6,52,NA,2020-06-17,7,5,4,0,2,0,0,4,2,1,6,7,34.16703188,-106.8899486
Lemitar,2020,7,100,0,100,0,58,NA,2020-07-24,2,33,0,3,2,0,0,0,2,0,6,7,34.16703188,-106.8899486
Lemitar,2020,8,36,0.8,36,0,82,NA,2020-08-24,0,1,0,0,2,2,1,0,0,0,0,7,34.16703188,-106.8899486
Lemitar,2021,5,0,0,0,0,46,0,2021-05-20,0,0,0,0,0,0,0,2,1,0,2,7,34.16703188,-106.8899486
Lemitar,2021,6,3.2,0,1.2,2,44,6.4,2021-06-18,0,0,0,0,0,6,3,3,3,0,1,7,34.16703188,-106.8899486
Lemitar,2021,7,4,0,2,2,42,0.8,2021-07-23,1,106,7,0,0,3,0,13,0,1,1,7,34.16703188,-106.8899486
Lemitar,2021,8,90,0,89.6,0.4,70,0,2021-08-18,63,0,3,2,2,0,1,0,1,2,2,7,34.16703188,-106.8899486
Lemitar,2022,5,2,0,0,2,44,2,2022-05-17,0,0,0,0,0,0,0,3,3,0,3,7,34.16703188,-106.8899486
Lemitar,2022,6,8.8,0,3.6,5.2,32,1.6,2022-06-24,0,0,0,0,0,5,0,26,1,0,8,7,34.16703188,-106.8899486
Lemitar,2022,7,19.6,0,5.2,14.4,32,4,2022-07-19,0,13,1,0,0,0,0,16,6,0,3,7,34.16703188,-106.8899486
Lemitar,2022,8,81.6,1.2,80,1.6,66,0,2022-08-17,30,14,2,0,0,0,0,56,1,0,10,7,34.16703188,-106.8899486
Lemitar,2023,5,2.4,0,1.6,0.8,52,1.6,2023-05-18,0,0,0,0,0,2,0,2,3,0,1,7,34.16703188,-106.8899486
Lemitar,2023,6,3.2,0,1.2,2,28,4.8,2023-06-20,0,0,0,0,0,0,0,0,4,0,4,7,34.16703188,-106.8899486
Lemitar,2023,7,4,0,2,2,48,1.2,2023-07-21,0,0,0,0,0,0,0,1,2,0,23,7,34.16703188,-106.8899486
Lemitar,2023,8,4,0,2,2,24,0,2023-08-16,0,0,0,0,0,5,0,3,2,0,32,7,34.16703188,-106.8899486
Lemitar,2024,6,0,0,0,0,0,0,2024-06-17,0,0,0,0,0,0,0,0,0,0,0,7,34.16703188,-106.8899486
Lemitar,2024,7,0,0,0,0,0,0,2024-07-17,0,0,0,0,0,0,0,0,0,0,0,7,34.16703188,-106.8899486
Los Lunas,2014,5,NA,NA,NA,NA,NA,NA,2014-05-22,0,0,0,0,0,0,0,0,0,0,1,3,34.81236936,-106.714458
Los Lunas,2014,6,1,NA,NA,NA,NA,NA,2014-06-23,0,0,0,0,5,0,0,35,1,0,5,3,34.81236936,-106.714458
Los Lunas,2014,7,5,NA,NA,NA,NA,NA,2014-07-18,9,0,0,0,0,0,0,15,5,0,8,3,34.81236936,-106.714458
Los Lunas,2014,8,4.2,NA,NA,NA,NA,NA,2014-08-14,1,0,1,0,1,0,0,30,1,0,7,3,34.81236936,-106.714458
Los Lunas,2015,5,1.4,NA,NA,NA,NA,NA,2015-05-19,0,1,0,0,0,0,0,0,3,0,0,3,34.81236936,-106.714458
Los Lunas,2015,6,0,NA,NA,NA,NA,NA,2015-06-22,0,1,0,0,0,1,1,18,0,0,7,3,34.81236936,-106.714458
Los Lunas,2015,7,0,NA,NA,NA,NA,NA,2015-07-15,1,0,0,0,0,0,0,14,7,0,13,3,34.81236936,-106.714458
Los Lunas,2015,8,14,NA,NA,NA,NA,NA,2015-08-17,0,1,0,0,0,0,0,9,3,0,3,3,34.81236936,-106.714458
Los Lunas,2016,5,1,0,NA,NA,NA,NA,2016-05-19,0,0,0,0,0,1,0,4,0,0,3,3,34.81236936,-106.714458
Los Lunas,2016,6,5,0,NA,NA,NA,NA,2016-06-21,0,0,0,0,0,0,1,23,0,0,1,3,34.81236936,-106.714458
Los Lunas,2016,7,6,0,NA,NA,NA,NA,2016-07-19,0,0,0,0,0,0,0,5,5,0,0,3,34.81236936,-106.714458
Los Lunas,2016,8,7,0,NA,NA,NA,NA,2016-08-15,0,0,0,0,2,0,0,7,3,0,0,3,34.81236936,-106.714458
Los Lunas,2017,5,0,0,0,0,11.25,NA,2017-05-14,0,0,0,0,0,6,0,4,0,0,1,3,34.81236936,-106.714458
Los Lunas,2017,6,18,0,10,8,NA,NA,2017-06-19,0,0,0,0,2,12,0,6,2,0,0,3,34.81236936,-106.714458
Los Lunas,2017,7,26,0,16,10,NA,NA,2017-07-17,0,2,0,0,3,1,4,10,1,0,1,3,34.81236936,-106.714458
Los Lunas,2017,8,28,0,20,8,NA,NA,2017-08-17,0,0,0,0,15,0,4,13,6,0,0,3,34.81236936,-106.714458
Los Lunas,2018,5,6,6,6,0,24,NA,2018-05-17,0,0,0,0,2,3,2,13,1,0,0,3,34.81236936,-106.714458
Los Lunas,2018,6,0,36,0,0,24,NA,2018-06-20,0,0,0,0,2,0,1,10,4,0,0,3,34.81236936,-106.714458
Los Lunas,2018,7,8,0,8,0,34,NA,2018-07-19,0,0,0,0,1,0,2,26,7,0,0,3,34.81236936,-106.714458
Los Lunas,2018,8,14,44,14,0,36,NA,2018-08-25,0,0,0,0,2,0,0,3,1,0,1,3,34.81236936,-106.714458
Los Lunas,2019,5,0,0,0,0,6,NA,2019-05-30,0,0,0,0,0,0,1,1,0,0,0,3,34.81236936,-106.714458
Los Lunas,2019,6,NA,NA,NA,NA,NA,NA,2019-06-20,0,0,0,0,0,0,0,0,0,0,0,3,34.81236936,-106.714458
Los Lunas,2019,7,2.8,0,2,0.8,18,NA,2019-07-15,0,1,0,1,12,9,36,47,22,0,3,3,34.81236936,-106.714458
Los Lunas,2019,8,27.6,0,22,5.6,26,NA,2019-08-19,0,1,0,0,6,0,14,185,10,0,0,3,34.81236936,-106.714458
Los Lunas,2020,5,3.6,2,3.2,0.4,28,NA,2020-05-18,0,0,0,0,10,8,4,15,2,0,1,3,34.81236936,-106.714458
Los Lunas,2020,6,3.6,0.4,2,1.6,28,NA,2020-06-15,0,0,0,0,9,0,8,10,3,0,3,3,34.81236936,-106.714458
Los Lunas,2020,7,14,14,8.8,5.2,28,NA,2020-07-20,0,0,0,1,1,2,17,27,8,0,2,3,34.81236936,-106.714458
Los Lunas,2020,8,26.4,0,24.4,2,30,NA,2020-08-29,0,1,0,0,5,0,26,24,4,0,4,3,34.81236936,-106.714458
Los Lunas,2021,5,0,0,0,0,26,0.8,2021-05-18,0,0,0,0,2,3,2,1,3,0,2,3,34.81236936,-106.714458
Los Lunas,2021,6,1.2,0,0,1.2,18.4,2.8,2021-06-14,0,0,0,0,2,1,0,9,7,0,2,3,34.81236936,-106.714458
Los Lunas,2021,7,10.4,0.4,5.2,5.2,44,6.4,2021-07-21,0,0,0,0,1,0,1,6,7,0,2,3,34.81236936,-106.714458
Los Lunas,2021,8,16,0,7.2,8.8,36,1.2,2021-08-17,0,0,0,0,0,0,0,7,3,1,11,3,34.81236936,-106.714458
Mesilla,2014,6,0,NA,NA,NA,NA,NA,2014-06-26,0,0,0,0,0,0,0,6,3,0,2,26,32.248328,-106.821014
Mesilla,2014,7,0,NA,NA,NA,NA,NA,2014-07-22,0,0,0,0,0,0,0,64,3,0,2,26,32.248328,-106.821014
Mesilla,2014,8,0,NA,NA,NA,NA,NA,2014-08-29,0,0,0,0,0,0,0,53,1,0,6,26,32.248328,-106.821014
Mesilla,2015,5,0,NA,NA,NA,NA,NA,2015-05-24,0,0,0,0,1,0,0,164,0,0,0,26,32.248328,-106.821014
Mesilla,2015,6,5,NA,NA,NA,NA,NA,2015-06-14,0,0,0,0,0,0,0,105,2,0,2,26,32.248328,-106.821014
Mesilla,2015,7,13.2,NA,NA,NA,NA,NA,2015-07-24,0,0,0,0,0,0,0,270,5,0,11,26,32.248328,-106.821014
Mesilla,2015,8,30,NA,NA,NA,NA,NA,2015-08-29,0,0,0,0,0,0,0,10,10,0,1,26,32.248328,-106.821014
Mesilla,2016,5,0,0,NA,NA,NA,NA,2016-05-19,0,0,0,0,0,0,1,11,0,0,1,26,32.248328,-106.821014
Mesilla,2016,6,26,0,NA,NA,NA,NA,2016-06-24,0,0,0,0,0,1,0,6,2,0,3,26,32.248328,-106.821014
Mesilla,2016,7,5,0,NA,NA,NA,NA,2016-07-21,0,0,0,0,0,0,0,87,1,0,2,26,32.248328,-106.821014
Mesilla,2016,8,5,0,NA,NA,NA,NA,2016-08-18,0,0,0,0,1,0,3,61,1,0,3,26,32.248328,-106.821014
Mesilla,2017,5,20,90,10,10,10,NA,2017-05-18,0,0,0,0,0,0,0,4,0,0,1,26,32.248328,-106.821014
Mesilla,2017,6,20,100,10,10,NA,NA,2017-06-22,0,0,0,0,1,0,7,16,3,0,2,26,32.248328,-106.821014
Mesilla,2017,7,24,0,14,10,NA,NA,2017-07-21,3,140,170,0,0,0,0,23,2,0,3,26,32.248328,-106.821014
Mesilla,2017,8,100,0,100,0,NA,NA,2017-08-18,6,2,0,1,1,0,0,0,4,0,0,26,32.248328,-106.821014
Mesilla,2018,5,6,24,6,0,32,NA,2018-05-20,0,0,0,0,1,5,1,10,1,0,0,26,32.248328,-106.821014
Minnow,2014,5,NA,NA,NA,NA,NA,NA,2014-05-27,0,0,0,0,0,0,0,1,2,0,0,12,35.19315094,-106.646915
Minnow,2016,5,5,0,NA,NA,NA,NA,2016-05-23,2,0,0,0,0,1,0,15,2,0,0,12,35.19315094,-106.646915
Minnow,2016,6,5,0,NA,NA,NA,NA,2016-06-22,0,0,1,0,0,0,0,15,1,0,1,12,35.19315094,-106.646915
Minnow,2016,7,5,0,NA,NA,NA,NA,2016-07-22,0,0,0,0,0,0,1,20,2,0,7,12,35.19315094,-106.646915
Minnow,2016,8,11,0,NA,NA,NA,NA,2016-08-17,0,0,0,0,0,0,0,19,0,0,5,12,35.19315094,-106.646915
Minnow,2017,5,0,0,0,0,6,NA,2017-05-15,0,0,0,0,0,0,0,1,1,0,0,12,35.19315094,-106.646915
Minnow,2017,6,16,0,8,8,NA,NA,2017-06-20,0,0,0,0,0,0,0,4,0,0,3,12,35.19315094,-106.646915
Minnow,2017,7,18,0,8,10,NA,NA,2017-07-18,0,0,0,0,0,0,0,10,0,0,6,12,35.19315094,-106.646915
Minnow,2017,8,38,0,12,26,NA,NA,2017-08-16,0,2,0,0,0,0,0,25,2,0,17,12,35.19315094,-106.646915
Montano,2014,5,NA,NA,NA,NA,NA,NA,2014-05-22,21,0,0,2,0,3,1,1,2,0,7,17,35.14528819,-106.6803699
Montano,2014,6,76.2,NA,NA,NA,NA,NA,2014-06-18,0,9,20,3,0,0,0,0,0,0,0,17,35.14528819,-106.6803699
Montano,2014,7,1,NA,NA,NA,NA,NA,2014-07-17,8,7,0,0,6,0,2,0,1,0,0,17,35.14528819,-106.6803699
Montano,2014,8,NA,5,NA,NA,NA,NA,2014-08-13,1,1,0,2,1,0,2,1,1,0,0,17,35.14528819,-106.6803699
Montano,2015,5,5,NA,NA,NA,NA,NA,2015-05-20,1,0,0,0,0,0,0,0,1,0,0,17,35.14528819,-106.6803699
Montano,2015,6,0,NA,NA,NA,NA,NA,2015-06-16,0,3,0,0,0,1,0,12,0,0,14,17,35.14528819,-106.6803699
Montano,2015,7,20,NA,NA,NA,NA,NA,2015-07-23,3,4,2,5,1,2,0,13,4,0,4,17,35.14528819,-106.6803699
Montano,2015,8,86,NA,NA,NA,NA,NA,2015-08-19,3,4,33,5,5,0,3,87,4,0,7,17,35.14528819,-106.6803699
Montano,2016,5,0,0,NA,NA,NA,NA,2016-05-16,4,0,0,0,0,4,0,1,1,0,0,17,35.14528819,-106.6803699
Montano,2016,6,6,0,NA,NA,NA,NA,2016-06-20,0,3,16,0,0,0,0,18,0,0,1,17,35.14528819,-106.6803699
Montano,2016,7,19,0,NA,NA,NA,NA,2016-07-18,22,13,4,1,0,0,0,15,2,0,4,17,35.14528819,-106.6803699
Montano,2016,8,68.75,1.25,NA,NA,NA,NA,2016-08-17,6,0,1,2,3,0,1,20,0,0,5,17,35.14528819,-106.6803699
Montano,2017,5,8,0,4,4,20,NA,2017-05-19,0,2,0,0,0,3,1,1,0,0,1,17,35.14528819,-106.6803699
Montano,2017,6,20,0,10,10,NA,NA,2017-06-22,0,0,1,0,1,0,1,3,0,0,2,17,35.14528819,-106.6803699
Montano,2017,7,20,0,10,10,NA,NA,2017-07-22,2,9,22,1,1,0,1,19,1,0,0,17,35.14528819,-106.6803699
Montano,2017,8,40,0,30,10,NA,NA,2017-08-18,32,0,1,1,3,0,0,16,1,0,2,17,35.14528819,-106.6803699
Reynolds Cleared,2016,5,3,0,NA,NA,NA,NA,2016-05-17,1,3,0,0,2,41,6,22,5,0,4,18,34.65966431,-106.7421328
Reynolds Cleared,2016,6,5,0,NA,NA,NA,NA,2016-06-21,0,4,12,0,18,25,11,57,2,0,1,18,34.65966431,-106.7421328
Reynolds Cleared,2016,7,12,0,NA,NA,NA,NA,2016-07-19,23,24,2,2,10,0,17,45,6,0,5,18,34.65966431,-106.7421328
Reynolds Cleared,2016,8,57,0,NA,NA,NA,NA,2016-08-15,9,1,0,4,19,0,23,258,8,0,10,18,34.65966431,-106.7421328
Reynolds Cleared,2017,5,0,0,0,0,0,NA,2017-05-16,2,0,0,6,2,15,3,7,3,0,2,18,34.65966431,-106.7421328
Reynolds Cleared,2017,6,18,0,10,8,NA,NA,2017-06-21,0,0,10,1,6,3,16,26,3,0,1,18,34.65966431,-106.7421328
Reynolds Cleared,2017,7,18,0,12,6,NA,NA,2017-07-19,16,4,2,6,21,1,39,34,4,0,5,18,34.65966431,-106.7421328
Reynolds Cleared,2017,8,20,0,16,4,NA,NA,2017-08-17,6,1,0,0,7,0,10,55,3,0,20,18,34.65966431,-106.7421328
Reynolds Forest,2016,5,5,0,NA,NA,NA,NA,2016-05-17,3,0,0,0,2,12,0,2,3,0,2,19,34.66054583,-106.7429525
Reynolds Forest,2016,6,6,0,NA,NA,NA,NA,2016-06-21,0,4,12,1,4,9,2,51,0,0,0,19,34.66054583,-106.7429525
Reynolds Forest,2016,7,43,11,NA,NA,NA,NA,2016-07-19,12,0,0,1,10,1,5,23,5,0,2,19,34.66054583,-106.7429525
Reynolds Forest,2016,8,45,1,NA,NA,NA,NA,2016-08-15,13,0,0,0,7,0,6,118,1,0,4,19,34.66054583,-106.7429525
Reynolds Forest,2017,5,0,0,0,0,22,NA,2017-05-16,1,0,0,1,1,15,0,1,2,0,0,19,34.66054583,-106.7429525
Reynolds Forest,2017,6,18,0,10,8,NA,NA,2017-06-21,0,1,7,0,10,16,3,4,2,0,0,19,34.66054583,-106.7429525
Reynolds Forest,2017,7,28,0,22,6,NA,NA,2017-07-19,33,4,10,4,11,1,4,45,0,0,3,19,34.66054583,-106.7429525
Reynolds Forest,2017,8,58,0,54,4,NA,NA,2017-08-17,79,13,68,0,9,1,19,17,2,0,1,19,34.66054583,-106.7429525
Reynolds Forest,2018,5,0,6,0,0,36,NA,2018-05-17,1,1,0,1,21,58,3,8,1,0,1,19,34.66054583,-106.7429525
Reynolds Forest,2018,6,17,0,17,0,37,NA,2018-06-19,0,4,17,0,8,0,6,6,0,0,0,19,34.66054583,-106.7429525
Reynolds Forest,2018,7,58,0,50,8,50,NA,2018-07-19,4,20,4,1,5,2,7,45,2,0,12,19,34.66054583,-106.7429525
Reynolds Forest,2018,8,70,6,70,0,56,NA,2018-08-25,17,11,1,2,2,0,5,6,0,0,1,19,34.66054583,-106.7429525
Reynolds Forest,2019,5,0,0,0,0,42,NA,2019-05-30,0,0,0,0,0,0,0,0,0,0,0,19,34.66054583,-106.7429525
Reynolds Forest,2019,6,4.4,0,2,2.4,37,NA,2019-06-20,0,0,7,0,2,6,6,33,0,0,3,19,34.66054583,-106.7429525
Reynolds Forest,2019,7,4,0,3.2,0.8,44,NA,2019-07-15,2,0,0,0,1,0,0,28,5,0,2,19,34.66054583,-106.7429525
Reynolds Forest,2019,8,45.2,0,38,7.2,37,NA,2019-08-19,0,0,2,0,0,0,0,141,8,0,0,19,34.66054583,-106.7429525
Reynolds Forest,2020,5,3.6,0,2.8,0.8,16,NA,2020-05-18,3,0,0,1,19,12,9,5,2,0,6,19,34.66054583,-106.7429525
Reynolds Forest,2020,6,6.8,0,5.6,1.2,20,NA,2020-06-15,0,12,38,0,8,1,10,9,1,0,8,19,34.66054583,-106.7429525
Reynolds Forest,2020,7,20.4,0.4,18.8,1.6,16.4,NA,2020-07-20,0,9,14,1,10,1,3,70,2,0,1,19,34.66054583,-106.7429525
Reynolds Forest,2020,8,34,0.8,32.4,1.6,24,NA,2020-08-18,3,0,0,0,2,0,2,6,0,0,2,19,34.66054583,-106.7429525
Reynolds Forest,2021,5,0,0,0,0,16,1.6,2021-05-18,0,0,0,0,0,0,0,0,3,0,4,19,34.66054583,-106.7429525
Reynolds Forest,2021,6,0.8,0,0,0.8,18.4,10.4,2021-06-14,0,0,4,0,1,0,1,6,5,3,4,19,34.66054583,-106.7429525
Reynolds Forest,2021,7,5.2,0,3.6,1.6,24,2.4,2021-07-21,7,21,0,4,1,0,0,5,5,0,4,19,34.66054583,-106.7429525
Reynolds Forest,2021,8,38,0,36.8,1.2,22,2.4,2021-08-17,11,25,24,0,0,4,7,11,5,0,4,19,34.66054583,-106.7429525
Reynolds Forest,2022,5,0,0,0,0,98,0,2022-05-25,0,0,0,0,0,0,0,3,0,0,0,19,34.66054583,-106.7429525
Reynolds Forest,2022,6,0,0,0,0,0,0,2022-06-23,0,0,0,0,0,4,1,95,0,1,23,19,34.66054583,-106.7429525
Reynolds Forest,2022,7,52.4,0,40,12.4,0,2.4,2022-07-22,4,0,0,0,0,0,0,3100,0,12,3,19,34.66054583,-106.7429525
Reynolds Forest,2022,8,70.4,0,22.4,48,0,2.4,2022-08-19,0,2,0,0,0,0,0,1250,4,6,1,19,34.66054583,-106.7429525
Reynolds Forest,2023,5,4.4,0,1.2,3.2,1.6,0.4,2023-05-25,0,0,0,0,3,23,1,30,0,1,0,19,34.66054583,-106.7429525
Reynolds Forest,2023,6,5.6,0,3.6,2,0,5.6,2023-06-22,0,1,0,0,7,17,2,102,3,0,1,19,34.66054583,-106.7429525
Reynolds Forest,2023,7,4.4,0,3.6,0.8,0.4,3.6,2023-07-18,4,1,0,0,0,0,0,39,12,0,0,19,34.66054583,-106.7429525
Reynolds Forest,2023,8,30.4,0,22,8.4,0,4.8,2023-08-17,0,0,0,0,2,0,7,121,3,0,1,19,34.66054583,-106.7429525
Reynolds Forest,2024,5,2,0,0.4,1.6,0.4,6.8,2024-05-23,0,0,0,0,5,10,0,57,4,0,9,19,34.66054583,-106.7429525
Reynolds Forest,2024,6,3.6,2.4,1.6,2,0,42.4,2024-06-20,4,1,1,0,1,4,0,100,1,0,3,19,34.66054583,-106.7429525
Reynolds Forest,2024,7,16.8,8.4,8.4,8.4,0,6.8,2024-07-18,5,4,5,0,1,2,1,13,9,0,2,19,34.66054583,-106.7429525
Reynolds Forest,2024,8,12.4,2.8,5.2,7.2,0,16.8,2024-08-22,20,4,1,0,1,0,8,2,5,0,20,19,34.66054583,-106.7429525
Reynolds Forest,2025,5,2.8,0,1.6,1.2,3.6,10.8,2025-05-22,1,0,0,0,0,5,0,0,2,0,4,19,34.66054583,-106.7429525
Reynolds Forest,2025,6,2.4,0,1.2,1.2,0.8,50,2025-06-16,0,0,0,0,0,0,0,2,3,1,7,19,34.66054583,-106.7429525
Reynolds Forest,2025,7,3.2,0,1.2,2,1.6,30,2025-07-16,2,0,0,0,0,0,0,0,1,0,22,19,34.66054583,-106.7429525
Reynolds Forest,2025,8,38.4,0,16.4,22,6.8,36.4,2025-08-20,33,12,6,0,0,0,0,26,4,0,9,19,34.66054583,-106.7429525
Rio Abajo,2020,5,19.6,0,19.2,0.4,25,NA,2020-05-18,0,0,0,1,0,3,2,0,0,0,1,NA,34.617528,-106.746361
Rio Abajo,2020,6,29.6,0.4,28.8,0.8,30,NA,2020-06-15,0,6,33,1,0,0,0,1,1,0,1,NA,34.617528,-106.746361
Rio Abajo,2020,7,54.4,0,54,0.4,50,NA,2020-07-20,4,0,9,0,0,2,0,1,3,0,13,NA,34.617528,-106.746361
Rio Abajo,2020,8,38.8,4.8,32,6.8,44,NA,2020-08-18,12,0,0,1,0,0,0,0,0,0,3,NA,34.617528,-106.746361
Rio Abajo,2021,8,56,7.2,56,0,54,0,2021-08-25,87,0,0,0,0,0,0,11,0,0,4,NA,34.617528,-106.746361
Rio Abajo,2021,9,33.2,32,32,1.2,40,0,2021-09-21,1,0,0,0,0,0,0,5,4,0,3,NA,34.617528,-106.746361
Rio Abajo,2022,5,2,0,2,0,28,0,2022-05-17,6,0,0,0,0,2,0,0,2,0,5,NA,34.617528,-106.746361
Rio Abajo,2022,6,12,0,3.6,8.4,28,4,2022-06-20,0,0,8,1,0,1,0,85,2,0,4,NA,34.617528,-106.746361
Rio Abajo,2022,7,24.8,0,6.8,18,32,6.4,2022-07-19,26,1,2,0,0,7,0,70,2,0,7,NA,34.617528,-106.746361
Rio Abajo,2022,8,54,2,36,18,32,2.8,2022-08-17,4,17,10,0,0,4,0,291,0,0,3,NA,34.617528,-106.746361
Rio Abajo,2022,9,45.2,3.6,22,32,36,0,2022-09-19,0,0,0,0,0,0,0,51,1,0,16,NA,34.617528,-106.746361
Rio Abajo,2023,5,3.2,0,2,1.2,8.8,4.4,2023-05-25,0,0,0,0,0,8,3,0,3,0,5,NA,34.617528,-106.746361
Rio Abajo,2023,6,2.4,0.4,0.8,1.6,10,42,2023-06-22,0,5,2,0,2,0,0,11,4,0,22,NA,34.617528,-106.746361
Rio Abajo,2023,7,5.2,0.4,3.2,2,3.6,26,2023-07-20,0,0,0,0,1,2,0,0,12,0,29,NA,34.617528,-106.746361
Rio Abajo,2023,8,7.2,0,1.6,5.6,12.4,8.4,2023-08-17,0,1,4,0,1,0,0,8,5,0,12,NA,34.617528,-106.746361
Rio Abajo,2023,9,14.4,0.4,5.2,9.2,12.4,6.4,2023-09-19,0,0,0,0,1,0,0,10,4,0,9,NA,34.617528,-106.746361
Rio Abajo,2024,5,12.4,0,2.4,10,10.4,20,2024-05-23,0,0,0,0,0,7,4,9,8,0,42,NA,34.617528,-106.746361
Rio Abajo,2024,6,40.4,0.8,28,12.4,14.4,18,2024-06-20,4,0,2,0,2,0,0,101,3,1,3,NA,34.617528,-106.746361
Rio Abajo,2024,7,33.6,14,30,3.6,14.4,10,2024-07-18,10,173,9,0,6,4,1,5,3,0,18,NA,34.617528,-106.746361
Rio Abajo,2024,8,45.2,30,42,3.2,14.4,2,2024-08-22,105,0,2,0,0,0,0,14,11,0,13,NA,34.617528,-106.746361
Rio Abajo,2024,9,20.4,32,18.8,1.6,6.8,0,2024-09-20,12,0,0,0,0,0,0,1,9,0,24,NA,34.617528,-106.746361
Rio Abajo,2025,5,8,2,7.2,0.8,14,0.8,2025-05-22,1,0,0,0,0,2,0,0,1,0,8,NA,34.617528,-106.746361
Rio Abajo,2025,6,2.8,0,1.6,1.2,10.8,60,2025-06-16,4,0,1,0,0,0,0,0,12,0,3,NA,34.617528,-106.746361
Rio Abajo,2025,7,3.6,0,3.6,0,30,28.4,2025-07-18,89,1,4,0,0,0,0,0,3,0,9,NA,34.617528,-106.746361
Rio Abajo,2025,8,67.2,5.2,66,1.2,14,4,2025-08-21,38,0,1,0,0,0,0,22,0,0,16,NA,34.617528,-106.746361
Rio Abajo,2025,9,55.2,22,50,5.2,10,0,2025-09-16,1,0,0,0,0,2,0,11,2,1,8,NA,34.617528,-106.746361
Rio Grande Nature Center,2014,6,0.2,NA,NA,NA,NA,NA,2014-06-18,1,53,26,0,0,0,0,0,0,0,1,2,35.127,-106.6854
Rio Grande Nature Center,2014,7,1,NA,NA,NA,NA,NA,2014-07-17,33,17,2,0,2,0,0,1,0,0,2,2,35.127,-106.6854
Rio Grande Nature Center,2014,8,NA,17,NA,NA,NA,NA,2014-08-13,7,1,0,3,0,1,0,0,0,0,6,2,35.127,-106.6854
Rio Grande Nature Center,2015,5,4,NA,NA,NA,NA,NA,2015-05-20,2,0,0,1,0,0,1,11,0,0,2,2,35.127,-106.6854
Rio Grande Nature Center,2015,6,7,NA,NA,NA,NA,NA,2015-06-19,1,6,32,0,0,0,0,12,4,0,15,2,35.127,-106.6854
Rio Grande Nature Center,2015,7,29,NA,NA,NA,NA,NA,2015-07-23,17,52,0,0,0,0,0,20,4,0,30,2,35.127,-106.6854
Rio Grande Nature Center,2015,8,86,NA,NA,NA,NA,NA,2015-08-19,41,1,0,4,0,0,0,6,1,0,4,2,35.127,-106.6854
Rio Grande Nature Center,2016,5,3,0,NA,NA,NA,NA,2016-05-18,3,0,0,0,1,0,0,7,2,0,0,2,35.127,-106.6854
Rio Grande Nature Center,2016,6,NA,NA,NA,NA,NA,NA,2016-06-20,0,6,25,0,0,0,0,9,2,0,9,2,35.127,-106.6854
Rio Grande Nature Center,2016,7,16,1,NA,NA,NA,NA,2016-07-18,11,16,3,8,0,0,0,10,2,0,22,2,35.127,-106.6854
Rio Grande Nature Center,2016,8,55,5,NA,NA,NA,NA,2016-08-17,25,0,0,0,0,2,1,8,12,0,41,2,35.127,-106.6854
Rio Grande Nature Center,2017,5,20,0,10,10,18,NA,2017-05-18,2,0,0,1,0,0,0,2,1,0,0,2,35.127,-106.6854
Rio Grande Nature Center,2017,6,22,0,10,12,NA,NA,2017-06-27,0,0,1,0,0,0,5,2,1,0,5,2,35.127,-106.6854
Rio Grande Nature Center,2017,7,22,0,10,12,NA,NA,2017-07-20,2,1,6,1,0,1,0,5,1,0,10,2,35.127,-106.6854
Rio Grande Nature Center,2017,8,28,0,18,10,NA,NA,2017-08-18,29,0,1,1,0,0,1,15,1,0,22,2,35.127,-106.6854
Route 66,2014,5,NA,NA,NA,NA,NA,NA,2014-05-21,7,0,0,1,0,2,1,0,1,0,4,20,35.1006408,-106.6914783
Route 66,2014,6,NA,NA,NA,NA,NA,NA,2014-06-18,1,81,163,0,1,1,0,5,1,0,2,20,35.1006408,-106.6914783
Route 66,2014,7,1,NA,NA,NA,NA,NA,2014-07-17,32,22,5,6,6,0,0,5,1,0,0,20,35.1006408,-106.6914783
Route 66,2014,8,NA,9,NA,NA,NA,NA,2014-08-13,1,7,0,2,1,2,2,1,2,0,4,20,35.1006408,-106.6914783
Route 66,2015,5,9,NA,NA,NA,NA,NA,2015-05-20,0,0,0,0,0,0,0,5,1,0,0,20,35.1006408,-106.6914783
Route 66,2015,6,2,NA,NA,NA,NA,NA,2015-06-19,0,9,14,0,0,4,0,24,4,0,12,20,35.1006408,-106.6914783
Route 66,2015,7,19,NA,NA,NA,NA,NA,2015-07-23,12,6,0,2,1,1,2,3,2,0,6,20,35.1006408,-106.6914783
Route 66,2015,8,45,NA,NA,NA,NA,NA,2015-08-19,4,1,5,9,0,0,1,105,2,0,14,20,35.1006408,-106.6914783
Route 66,2016,5,5,0,NA,NA,NA,NA,2016-05-18,9,0,0,0,1,0,0,4,1,0,1,20,35.1006408,-106.6914783
Route 66,2016,6,54,0,NA,NA,NA,NA,2016-06-20,0,23,180,5,0,0,0,15,0,0,1,20,35.1006408,-106.6914783
Route 66,2016,7,77,6,NA,NA,NA,NA,2016-07-18,7,3,0,5,1,0,2,11,3,0,3,20,35.1006408,-106.6914783
Route 66,2016,8,52,2,NA,NA,NA,NA,2016-08-17,2,0,0,3,2,0,0,32,0,0,0,20,35.1006408,-106.6914783
Route 66,2017,5,10,0,2,8,10,NA,2017-05-18,0,0,0,0,2,1,0,6,1,0,1,20,35.1006408,-106.6914783
Route 66,2017,6,20,0,10,10,NA,NA,2017-06-22,0,0,0,0,0,4,0,6,1,0,1,20,35.1006408,-106.6914783
Route 66,2017,7,20,2,10,10,NA,NA,2017-07-20,2,0,0,0,0,0,0,17,1,0,5,20,35.1006408,-106.6914783
Route 66,2017,8,22,0,10,12,NA,NA,2017-08-18,0,0,0,0,1,0,0,28,0,0,5,20,35.1006408,-106.6914783
Route 66,2018,5,0,8,0,0,16,NA,2018-05-16,0,0,0,0,2,4,1,8,1,0,1,20,35.1006408,-106.6914783
Route 66,2018,6,2,42,0,2,8,NA,2018-06-19,0,0,0,0,0,1,3,6,4,0,2,20,35.1006408,-106.6914783
Route 66,2018,7,8,26,0,8,4,NA,2018-07-18,0,3,4,2,3,0,4,66,7,0,4,20,35.1006408,-106.6914783
Route 66,2018,8,10,36,4,6,10,NA,2018-08-21,0,1,0,0,2,0,1,18,1,0,7,20,35.1006408,-106.6914783
Route 66,2018,9,2,0,0,2,18,NA,2018-09-19,0,1,0,0,1,0,0,16,1,0,5,20,35.1006408,-106.6914783
Route 66,2019,5,0.8,22,0.4,0.4,13.2,NA,2019-05-20,0,0,0,0,1,20,4,15,0,0,6,20,35.1006408,-106.6914783
Route 66,2019,6,1.2,10,0.4,0.8,16.4,NA,2019-06-18,0,0,0,0,0,0,3,25,2,0,2,20,35.1006408,-106.6914783
Route 66,2019,7,4,0,2,2,5.2,NA,2019-07-17,0,0,0,0,0,0,1,21,6,0,3,20,35.1006408,-106.6914783
Route 66,2019,8,24.8,4.4,18,6.8,2,NA,2019-08-22,0,1,0,0,0,0,0,446,2,0,5,20,35.1006408,-106.6914783
Route 66,2019,9,38,10.4,22,16,5.6,NA,2019-09-17,0,0,0,0,0,0,2,94,3,0,21,20,35.1006408,-106.6914783
Route 66,2020,5,2,0,0.8,1.2,18.4,NA,2020-05-20,0,0,0,0,0,0,0,8,1,2,11,20,35.1006408,-106.6914783
Route 66,2020,6,6.4,0,1.2,5.2,22,NA,2020-06-18,0,1,2,0,2,0,0,13,2,0,29,20,35.1006408,-106.6914783
Route 66,2020,7,15.6,0,3.6,12,20.4,NA,2020-07-29,4,4,5,1,0,0,2,49,4,0,26,20,35.1006408,-106.6914783
Route 66,2020,8,4,0.4,2,2,8.8,NA,2020-08-18,0,3,0,0,0,0,0,5,0,0,4,20,35.1006408,-106.6914783
Route 66,2020,9,12.4,0,3.6,8.8,28,NA,2020-09-23,0,0,0,0,0,0,0,1,1,0,2,20,35.1006408,-106.6914783
Route 66,2021,5,0.4,2,0,0.4,12.4,3.6,2021-05-17,0,1,0,0,0,3,1,0,2,0,0,20,35.1006408,-106.6914783
Route 66,2021,6,0.4,2,0,0.4,12.4,3.6,2021-06-18,0,0,0,0,0,3,1,0,2,0,0,20,35.1006408,-106.6914783
Route 66,2021,7,7.2,0.4,1.6,5.6,14,12,2021-07-20,5,200,20,0,1,0,0,3,2,0,15,20,35.1006408,-106.6914783
Route 66,2021,8,52.4,8.4,46,6.4,36,10.4,2021-08-17,49,0,1,0,0,0,0,4,5,0,12,20,35.1006408,-106.6914783
Route 66,2021,9,28.8,8,24.4,4.4,18,0.8,2021-09-23,1,0,0,1,0,0,0,6,2,0,12,20,35.1006408,-106.6914783
Route 66,2022,5,5.6,0.4,4,1.6,14,18,2022-05-18,5,1,0,0,0,0,0,11,2,0,1,20,35.1006408,-106.6914783
Route 66,2022,7,9,0.2,6.4,2.6,16,8,2022-07-07,5,0,1,0,0,0,0,8,0,0,7,20,35.1006408,-106.6914783
Route 66,2022,7,9,0.2,6.4,2.6,16,8,2022-07-19,1,10,0,1,1,0,0,13,1,0,10,20,35.1006408,-106.6914783
Route 66,2022,8,14,2,8.8,5.2,18,4.4,2022-08-22,0,3,0,0,0,0,1,21,1,0,11,20,35.1006408,-106.6914783
Route 66,2022,9,21.6,0,5.2,16.4,18.4,0,2022-09-22,0,0,0,0,0,0,0,9,3,0,5,20,35.1006408,-106.6914783
Route 66,2023,5,7.2,0,6.8,0.4,22,46,2023-05-17,1,0,0,0,0,0,0,1,1,0,1,20,35.1006408,-106.6914783
Route 66,2023,6,4,0,2,2,18,22,2023-06-21,0,1,0,0,0,0,0,4,2,0,3,20,35.1006408,-106.6914783
Route 66,2023,7,5.6,0,2,3.6,16,12.8,2023-07-20,0,0,0,0,1,0,0,4,2,0,8,20,35.1006408,-106.6914783
Route 66,2023,8,7.2,0,2,5.2,16.4,4.8,2023-08-16,0,0,0,0,0,0,0,13,1,0,27,20,35.1006408,-106.6914783
Route 66,2024,5,1.2,0,1.2,0,20.4,17.2,2024-05-21,0,0,0,0,0,0,0,1,0,0,3,20,35.1006408,-106.6914783
Route 66,2024,6,2.8,0,1.6,1.2,16.4,24.4,2024-06-18,1,0,1,0,0,0,0,2,6,0,5,20,35.1006408,-106.6914783
Route 66,2024,7,3.6,0,1.6,2,12.8,11.2,2024-07-18,3,1,0,0,0,0,0,7,0,0,3,20,35.1006408,-106.6914783
Route 66,2024,8,4,0,2,2,20,3.6,2024-08-22,2,0,0,0,0,0,0,4,0,0,3,20,35.1006408,-106.6914783
Route 66,2025,5,2,0,2,0,16.8,10.8,2025-05-20,0,0,0,0,0,0,0,1,0,0,2,20,35.1006408,-106.6914783
Route 66,2025,6,4,0,2,2,12.8,24,2025-06-20,0,1,4,0,0,0,0,1,0,1,15,20,35.1006408,-106.6914783
Route 66,2025,7,19.6,0,1.2,18.4,16,22.8,2025-07-14,13,0,0,0,0,0,0,15,3,1,8,20,35.1006408,-106.6914783
Route 66,2025,8,28.4,0,26.4,2,10.8,3.2,2025-08-22,1,0,0,0,0,0,1,15,1,35,12,20,35.1006408,-106.6914783
San Cristobal,2020,6,3.2,0,1.2,2,16.4,NA,2020-06-16,0,1,0,0,0,0,0,47,2,0,4,NA,NA,NA
San Cristobal,2020,7,9.2,0,1.6,7.6,8.8,NA,2020-07-21,0,1,0,0,1,3,0,35,3,0,18,NA,NA,NA
San Cristobal,2020,8,18,0,3.6,14.4,10.4,NA,2020-08-19,0,0,0,0,2,0,0,349,1,0,3,NA,NA,NA
San Cristobal,2020,9,30,0,2,28,20,NA,2020-09-16,0,0,0,0,0,0,0,8,1,0,9,NA,NA,NA
San Cristobal,2021,8,5.6,0,2,3.6,7.2,22.4,2021-08-10,1,0,0,0,1,0,0,26,1,0,25,NA,NA,NA
San Cristobal,2021,9,22.8,0,4.8,18,14.4,10.8,2021-09-20,0,0,0,0,1,1,2,88,2,1,13,NA,NA,NA
San Jose,2016,5,4,0,NA,NA,NA,NA,2016-05-19,1,0,0,0,0,1,0,3,1,0,1,31,35.012375,-106.6728
San Jose,2016,6,5,0,NA,NA,NA,NA,2016-06-24,0,3,4,0,0,0,0,29,2,0,1,31,35.012375,-106.6728
San Jose,2016,7,10,0,NA,NA,NA,NA,2016-07-22,4,2,0,1,0,0,0,8,3,0,0,31,35.012375,-106.6728
San Jose,2016,8,22,0,NA,NA,NA,NA,2016-08-16,0,0,0,0,0,0,0,17,1,0,0,31,35.012375,-106.6728
San Jose,2017,5,0,0,0,0,6,NA,2017-05-17,0,0,0,0,0,0,0,1,0,0,0,31,35.012375,-106.6728
San Jose,2017,6,8,0,4,4,NA,NA,2017-06-19,0,0,0,0,0,1,0,5,0,0,0,31,35.012375,-106.6728
San Jose,2017,7,16,0,8,8,NA,NA,2017-07-17,0,4,0,0,0,0,0,4,5,0,0,31,35.012375,-106.6728
San Jose,2017,8,20,0,10,10,NA,NA,2017-08-14,0,0,0,0,0,0,2,11,2,0,3,31,35.012375,-106.6728
Sanchez,2017,6,18,0,12,6,NA,NA,2017-06-23,4,0,5,0,3,0,0,21,3,0,3,NA,34.43606,-106.45099
Sanchez,2017,7,32,0,22,10,NA,NA,2017-07-21,46,7,11,0,2,4,0,52,5,0,10,NA,34.43606,-106.45099
Sanchez,2017,8,26,0,14,12,NA,NA,2017-08-28,22,9,8,1,6,0,0,136,0,0,10,NA,34.43606,-106.45099
Sandia,2016,5,5,0,NA,NA,NA,NA,2016-05-20,1,0,0,1,0,1,0,8,0,0,2,32,35.255,-106.5907
Sandia,2016,6,5,0,NA,NA,NA,NA,2016-06-23,0,0,8,0,0,1,1,40,1,0,5,32,35.255,-106.5907
Sandia,2016,7,7,0,NA,NA,NA,NA,2016-07-21,13,34,11,0,0,0,0,73,4,0,1,32,35.255,-106.5907
Sandia,2016,8,38,0,NA,NA,NA,NA,2016-08-19,84,0,9,0,0,0,0,12,0,0,7,32,35.255,-106.5907
Sandia,2017,5,16,0,6,10,10,NA,2017-05-18,3,0,0,0,0,1,0,12,1,0,2,32,35.255,-106.5907
Sandia,2017,6,0,0,0,0,NA,NA,2017-06-19,0,1,1,0,0,0,1,12,4,0,8,32,35.255,-106.5907
Sandia,2017,7,26,0,10,16,NA,NA,2017-07-17,83,37,12,6,1,3,3,52,3,0,23,32,35.255,-106.5907
Sandia,2017,8,6,0,6,0,NA,NA,2017-08-18,30,0,3,0,0,0,0,33,3,0,24,32,35.255,-106.5907
Sandia,2018,5,0,0,0,0,1,NA,2018-05-17,0,0,0,0,1,1,0,3,0,0,0,32,35.255,-106.5907
Sandia,2018,6,10,10,2,8,2,NA,2018-06-22,28,1,7,0,2,2,0,10,3,0,5,32,35.255,-106.5907
Sandia,2018,7,36,0,18,18,14,NA,2018-07-20,25,67,205,10,4,1,0,112,5,0,8,32,35.255,-106.5907
Sandia,2018,8,14,6,14,0,12,NA,2018-08-24,11,0,0,2,6,0,0,5,0,0,7,32,35.255,-106.5907
Sandia,2018,9,10,22,10,0,12,NA,2018-09-19,0,0,0,0,0,0,0,15,2,0,5,32,35.255,-106.5907
Sandia,2019,5,0,0,0,0,1.2,NA,2019-05-23,3,1,0,0,0,0,0,32,0,0,3,32,35.255,-106.5907
Sandia,2019,6,0,0,0,0,0,NA,2019-06-17,0,11,10,0,0,0,0,30,3,0,4,32,35.255,-106.5907
Sandia,2019,7,2.8,0,1.2,1.6,0,NA,2019-07-15,14,2,0,0,0,2,0,10,4,0,1,32,35.255,-106.5907
Sandia,2019,8,3.6,0,1.6,2,0.8,NA,2019-08-23,0,1,0,1,0,0,1,26,2,1,6,32,35.255,-106.5907
Sandia,2019,9,10.4,0.4,1.2,9.2,0.8,NA,2019-09-16,0,0,0,0,0,0,0,16,12,0,23,32,35.255,-106.5907
Sandia,2021,5,0.4,0,0,0.4,4.8,16.8,2021-05-19,3,0,0,0,0,5,1,0,0,0,4,32,35.255,-106.5907
Sandia,2021,6,0,0,0,0,0,54,2021-06-17,0,4,4,0,2,1,0,1,1,0,2,32,35.255,-106.5907
Sandia,2021,7,0.4,0,0,0.4,14.4,30.4,2021-07-23,27,0,0,0,0,0,0,1,0,0,5,32,35.255,-106.5907
Sandia,2021,8,20.4,0,16,4.4,8.8,38,2021-08-18,49,1,8,0,1,0,0,2,3,0,14,32,35.255,-106.5907
Santa Ana,2014,5,NA,NA,NA,NA,NA,NA,2014-05-21,2,0,0,0,0,0,0,0,0,0,0,5,35.34284,-106.5458
Santa Ana,2014,7,5,NA,NA,NA,NA,NA,2014-07-15,20,2,2,0,0,0,0,0,0,0,0,5,35.34284,-106.5458
Santa Ana,2015,5,0,NA,NA,NA,NA,NA,2015-05-18,1,0,0,0,1,0,0,0,0,0,0,5,35.34284,-106.5458
Santa Ana,2015,6,1,NA,NA,NA,NA,NA,2015-06-15,1,4,0,0,0,0,0,23,1,0,0,5,35.34284,-106.5458
Santa Ana,2015,7,5.4,NA,NA,NA,NA,NA,2015-07-20,6,0,0,3,0,0,0,11,2,0,1,5,35.34284,-106.5458
Santa Ana,2015,8,9.4,NA,NA,NA,NA,NA,2015-08-18,0,1,0,1,0,0,0,93,2,0,4,5,35.34284,-106.5458
Santa Ana,2016,5,24,0,NA,NA,NA,NA,2016-05-20,3,0,0,0,0,1,0,0,0,0,0,5,35.34284,-106.5458
Santa Ana,2016,6,24,0,NA,NA,NA,NA,2016-06-23,0,0,1,0,0,0,0,7,2,0,0,5,35.34284,-106.5458
Santa Ana,2016,7,26,0,NA,NA,NA,NA,2016-07-21,9,20,12,6,1,0,0,6,3,0,0,5,35.34284,-106.5458
Santa Ana,2016,8,25,0,NA,NA,NA,NA,2016-08-19,75,7,2,3,1,0,0,21,8,0,2,5,35.34284,-106.5458
Santa Ana,2017,5,0,0,0,0,8,NA,2017-05-14,0,0,0,0,0,0,0,1,3,0,0,5,35.34284,-106.5458
Santa Ana,2017,6,6,0,4,2,NA,NA,2017-06-19,1,0,0,0,0,0,0,5,2,0,5,5,35.34284,-106.5458
Santa Ana,2017,7,6,0,2,4,NA,NA,2017-07-17,18,9,3,4,0,0,0,3,2,0,4,5,35.34284,-106.5458
Santa Ana,2017,8,16,0,16,0,NA,NA,2017-08-18,76,4,2,0,0,1,0,8,3,0,3,5,35.34284,-106.5458
Santo Domingo,2014,6,NA,NA,NA,NA,NA,NA,2014-06-18,11,43,82,3,9,0,1,11,2,0,2,24,35.50989,-106.3896
Santo Domingo,2014,7,35.2,NA,NA,NA,NA,NA,2014-07-16,195,47,22,11,18,0,3,15,12,0,14,24,35.50989,-106.3896
Santo Domingo,2014,8,NA,NA,NA,NA,NA,NA,2014-08-20,38,21,34,2,61,0,19,355,7,0,18,24,35.50989,-106.3896
Santo Domingo,2015,5,1.4,NA,NA,NA,NA,NA,2015-05-18,4,0,0,0,0,11,2,3,4,0,4,24,35.50989,-106.3896
Santo Domingo,2015,6,1,NA,NA,NA,NA,NA,2015-06-15,2,16,0,1,0,7,0,33,0,0,3,24,35.50989,-106.3896
Santo Domingo,2015,7,14,NA,NA,NA,NA,NA,2015-07-20,6,0,0,1,0,0,1,28,5,0,15,24,35.50989,-106.3896
Santo Domingo,2015,8,24,NA,NA,NA,NA,NA,2015-08-18,0,1,2,0,1,0,0,131,8,0,19,24,35.50989,-106.3896
Santo Domingo,2016,5,5,0,NA,NA,NA,NA,2016-05-20,1,0,0,0,0,0,0,3,1,0,7,24,35.50989,-106.3896
Santo Domingo,2016,6,5,0,NA,NA,NA,NA,2016-06-23,0,1,0,0,0,0,0,27,5,0,5,24,35.50989,-106.3896
Santo Domingo,2016,7,12,0,NA,NA,NA,NA,2016-07-21,5,0,0,0,0,0,0,6,13,0,27,24,35.50989,-106.3896
Santo Domingo,2016,8,0,0,NA,NA,NA,NA,2016-08-19,0,0,0,0,3,0,0,60,8,0,38,24,35.50989,-106.3896
Santo Domingo,2017,5,0,0,0,0,0,NA,2017-05-16,6,0,0,0,0,4,0,2,6,0,1,24,35.50989,-106.3896
Santo Domingo,2017,6,4,0,2,2,NA,NA,2017-06-19,0,2,0,1,0,2,0,22,6,0,6,24,35.50989,-106.3896
Santo Domingo,2017,7,20,0,10,10,NA,NA,2017-07-17,94,1,0,9,2,1,0,26,20,0,36,24,35.50989,-106.3896
Santo Domingo,2017,8,14,0,10,4,NA,NA,2017-08-18,1,0,0,0,0,0,0,34,4,0,24,24,35.50989,-106.3896
Santo Domingo,2018,5,0,0,0,0,35,NA,2018-05-18,0,0,0,0,0,6,0,2,3,0,8,24,35.50989,-106.3896
Santo Domingo,2018,6,0,0,0,0,14,NA,2018-06-22,0,1,3,0,0,1,0,3,4,0,5,24,35.50989,-106.3896
Santo Domingo,2018,7,2,0,0,2,32,NA,2018-07-20,6,272,14,5,2,0,0,10,8,0,11,24,35.50989,-106.3896
Santo Domingo,2018,8,58,0,56,2,56,NA,2018-08-20,31,0,1,15,1,0,0,1,1,0,0,24,35.50989,-106.3896
Santo Domingo,2019,5,2,0,0,2,42.4,NA,2019-05-24,1,0,0,0,0,9,0,1,2,0,2,24,35.50989,-106.3896
Santo Domingo,2019,6,1.2,0.4,0.4,0.8,38,NA,2019-06-17,1,18,2,0,0,0,0,6,3,0,0,24,35.50989,-106.3896
Santo Domingo,2019,7,8.4,2,6.4,2,26.8,NA,2019-07-15,14,2,3,1,0,0,0,5,2,0,6,24,35.50989,-106.3896
Santo Domingo,2019,8,16.4,0,11.2,5.2,32.8,NA,2019-08-23,0,3,0,0,2,1,0,74,9,0,16,24,35.50989,-106.3896
Santo Domingo,2022,6,3.6,0,1.2,2,24.4,66,2022-06-30,0,2,5,0,6,1,0,14,7,0,15,24,35.50989,-106.3896
Santo Domingo,2022,7,7.2,0,0.4,6.8,16,8.8,2022-07-21,0,2,0,0,0,0,0,13,6,0,4,24,35.50989,-106.3896
Santo Domingo,2022,8,12.4,0,7.2,5.2,22.4,4.4,2022-08-17,1,5,8,0,0,0,0,36,11,0,4,24,35.50989,-106.3896
Santo Domingo,2023,5,3.6,0,3.2,0.4,22.4,24,2023-05-18,1,0,0,0,0,1,0,1,0,0,9,24,35.50989,-106.3896
Savannah,2014,5,NA,NA,NA,NA,NA,NA,2014-05-22,14,0,0,5,0,1,0,0,0,0,4,6,35.14285294,-106.6819814
Savannah,2016,5,0,0,NA,NA,NA,NA,2016-05-16,0,0,0,0,0,0,0,1,1,0,0,6,35.14285294,-106.6819814
Savannah,2016,6,0,0,NA,NA,NA,NA,2016-06-20,0,2,2,1,0,0,0,23,1,0,0,6,35.14285294,-106.6819814
Savannah,2016,7,9,0,NA,NA,NA,NA,2016-07-18,27,5,1,1,1,0,0,5,2,0,3,6,35.14285294,-106.6819814
Savannah,2016,8,90,0,NA,NA,NA,NA,2016-08-17,2,0,1,0,0,0,0,28,8,0,6,6,35.14285294,-106.6819814
Savannah,2017,5,0,0,0,0,38,NA,2017-05-19,0,0,0,0,0,0,0,3,0,0,0,6,35.14285294,-106.6819814
Savannah,2017,6,16,0,8,8,NA,NA,2017-06-22,0,0,0,0,0,0,0,3,0,0,4,6,35.14285294,-106.6819814
Savannah,2017,7,22,0,12,10,NA,NA,2017-07-22,0,1,0,0,0,0,0,15,2,0,2,6,35.14285294,-106.6819814
Savannah,2017,8,28,0,18,10,NA,NA,2017-08-18,0,0,0,0,0,0,2,29,1,0,9,6,35.14285294,-106.6819814
Savannah,2018,5,0,4,0,0,22,NA,2018-05-15,0,0,0,0,0,0,0,0,0,0,0,6,35.14285294,-106.6819814
Savannah,2018,6,3,16,0,3,23,NA,2018-06-18,0,0,0,0,0,0,0,1,0,0,3,6,35.14285294,-106.6819814
Savannah,2018,7,2,0,0,2,22,NA,2018-07-18,0,0,0,1,0,0,0,10,3,0,6,6,35.14285294,-106.6819814
Savannah,2018,8,10,14,4,6,28,NA,2018-08-21,1,0,0,0,1,0,0,12,0,0,1,6,35.14285294,-106.6819814
Savannah,2019,5,0,10,0,0,23,NA,2019-05-20,0,0,0,0,0,0,0,1,1,0,0,6,35.14285294,-106.6819814
Savannah,2019,6,0.4,6.4,0,0.4,18,NA,2019-06-18,0,0,0,0,0,0,0,18,0,0,1,6,35.14285294,-106.6819814
Savannah,2019,7,4,0.4,2.8,1.2,8.4,NA,2019-07-18,0,0,0,0,0,1,1,35,2,0,8,6,35.14285294,-106.6819814
Savannah,2019,8,8.8,0,6.8,2,6.8,NA,2019-08-21,0,0,0,0,0,0,0,148,5,0,1,6,35.14285294,-106.6819814
Savannah,2020,5,0,0,0,0,30,NA,2020-05-20,0,0,0,0,0,2,0,5,2,0,4,6,35.14285294,-106.6819814
Savannah,2020,6,6.8,0,3.2,3.6,24,NA,2020-06-18,0,2,0,0,0,0,0,11,2,0,3,6,35.14285294,-106.6819814
Savannah,2020,7,8.8,0,3.6,5.2,22,NA,2020-07-23,1,0,0,0,0,0,0,38,2,0,13,6,35.14285294,-106.6819814
Savannah,2020,8,54,0,32,22,38,NA,2020-08-18,0,3,0,0,0,0,1,32,2,0,15,6,35.14285294,-106.6819814
Savannah,2021,5,0,0,0,0,36,12,2021-05-20,0,0,0,0,0,1,0,0,0,0,0,6,35.14285294,-106.6819814
Savannah,2021,6,1.6,0,0,1.6,36,10.8,2021-06-16,0,0,1,0,0,0,0,0,1,0,16,6,35.14285294,-106.6819814
Savannah,2021,7,6.4,0,1.2,5.2,32,12.4,2021-07-20,2,1,0,0,0,0,0,0,0,0,4,6,35.14285294,-106.6819814
Savannah,2021,8,10.4,0,2.8,6.8,16,5.2,2021-08-18,2,1,6,0,0,2,0,11,2,0,10,6,35.14285294,-106.6819814
Savannah,2022,5,1.6,0,0,1.6,22,8.4,2022-05-19,0,0,0,0,0,2,0,18,2,0,8,6,35.14285294,-106.6819814
Savannah,2022,7,5.6,0,2,3.6,22,10.4,2022-07-06,0,0,0,0,0,4,0,8,1,0,2,6,35.14285294,-106.6819814
Savannah,2022,7,5.6,0,2,3.6,22,10.4,2022-07-21,0,0,0,0,0,0,0,17,2,0,2,6,35.14285294,-106.6819814
Savannah,2022,8,12,0,5.2,6.8,24,2.4,2022-08-22,0,1,0,0,0,0,0,29,1,0,11,6,35.14285294,-106.6819814
Savannah,2023,5,0,0,0,0,20,16,2023-05-15,0,0,0,0,0,0,0,5,0,0,6,6,35.14285294,-106.6819814
Savannah,2023,6,4,0,2,2,26,26,2023-06-21,0,0,0,0,0,0,0,12,2,0,0,6,35.14285294,-106.6819814
Savannah,2023,7,4,0,2,2,30,14.8,2023-07-18,0,1,0,0,1,0,0,3,0,0,5,6,35.14285294,-106.6819814
Savannah,2023,8,21.2,0,5.2,16,16,4.8,2023-08-14,0,0,0,0,0,0,0,68,1,0,5,6,35.14285294,-106.6819814
Sevilleta,2014,6,0,NA,NA,NA,NA,NA,2014-06-17,0,0,0,0,0,0,0,4,0,0,1,14,34.25834233,-106.8831845
Sevilleta,2014,7,0,NA,NA,NA,NA,NA,2014-07-16,0,0,0,0,0,0,0,5,3,0,0,14,34.25834233,-106.8831845
Sevilleta,2014,8,NA,NA,NA,NA,NA,NA,2014-08-18,0,0,0,0,0,1,0,4,1,0,0,14,34.25834233,-106.8831845
Sevilleta,2015,5,0,NA,NA,NA,NA,NA,2015-05-19,0,0,0,0,1,0,0,0,1,0,0,14,34.25834233,-106.8831845
Sevilleta,2015,6,1,NA,NA,NA,NA,NA,2015-06-17,0,0,0,0,0,0,0,11,2,0,2,14,34.25834233,-106.8831845
Sevilleta,2015,7,6,NA,NA,NA,NA,NA,2015-07-22,0,0,0,0,0,0,0,2,2,0,1,14,34.25834233,-106.8831845
Sevilleta,2015,8,10,NA,NA,NA,NA,NA,2015-08-17,0,0,0,0,0,1,0,41,2,0,0,14,34.25834233,-106.8831845
Sevilleta,2016,5,0,0,NA,NA,NA,NA,2016-05-16,0,0,0,0,0,0,0,0,2,0,3,14,34.25834233,-106.8831845
Sevilleta,2016,6,0,0,NA,NA,NA,NA,2016-06-22,0,0,1,0,0,0,0,7,3,0,3,14,34.25834233,-106.8831845
Sevilleta,2016,7,80,0,NA,NA,NA,NA,2016-07-20,3,1,68,10,1,0,1,0,1,0,2,14,34.25834233,-106.8831845
Sevilleta,2016,8,100,0,NA,NA,NA,NA,2016-08-17,7,0,0,5,4,0,0,0,1,0,0,14,34.25834233,-106.8831845
Sevilleta,2017,5,2,0,0,2,42,NA,2017-05-15,0,0,0,0,0,0,2,0,1,0,0,14,34.25834233,-106.8831845
Sevilleta,2017,6,46,6,44,2,NA,NA,2017-06-22,0,0,37,8,0,0,3,0,1,0,3,14,34.25834233,-106.8831845
Sevilleta,2017,7,42,0,42,0,NA,NA,2017-07-17,9,1,2,0,3,0,2,2,1,0,2,14,34.25834233,-106.8831845
Sevilleta,2017,8,38,0,38,0,NA,NA,2017-08-14,4,3,0,0,0,0,0,1,0,0,4,14,34.25834233,-106.8831845
Sevilleta,2018,5,0,0,0,0,26,NA,2018-05-17,0,0,0,1,1,0,0,0,0,0,2,14,34.25834233,-106.8831845
Sevilleta,2018,6,0,4,0,0,36,NA,2018-06-21,0,0,1,0,0,0,0,6,0,0,1,14,34.25834233,-106.8831845
Sevilleta,2018,7,4,4,4,0,34,NA,2018-07-17,0,10,40,0,0,0,0,10,1,0,2,14,34.25834233,-106.8831845
Sevilleta,2018,8,74,0,74,0,60,NA,2018-08-23,4,6,1,0,1,0,1,7,0,0,0,14,34.25834233,-106.8831845
Sevilleta,2019,5,0.4,2,0.4,0,48,NA,2019-05-24,0,0,0,0,0,0,0,0,1,0,2,14,34.25834233,-106.8831845
Sevilleta,2019,6,2,2.4,0.8,1.2,38,NA,2019-06-20,0,5,9,0,0,0,0,3,4,0,2,14,34.25834233,-106.8831845
Sevilleta,2019,7,28.8,0,18,10.8,27,NA,2019-07-19,5,122,15,0,0,0,0,6,3,0,0,14,34.25834233,-106.8831845
Sevilleta,2019,8,74,1.6,74,0,30,NA,2019-08-19,0,77,1,4,1,0,2,2,4,0,0,14,34.25834233,-106.8831845
Sevilleta,2020,5,4.8,0,4.8,0,56,NA,2020-05-22,1,12,0,0,0,0,0,1,1,0,1,14,34.25834233,-106.8831845
Sevilleta,2020,6,53.2,0.8,52.4,0.8,68,NA,2020-06-17,1748,25,3,2,1,0,2,3,0,0,0,14,34.25834233,-106.8831845
Sevilleta,2020,7,18,0,10.8,7.2,70,NA,2020-07-24,0,0,1,0,1,2,2,1,2,0,2,14,34.25834233,-106.8831845
Sevilleta,2020,8,2.4,14.8,2,0.4,76,NA,2020-08-24,0,0,0,0,0,0,4,0,0,0,2,14,34.25834233,-106.8831845
Sevilleta,2020,9,2,55,1.5,0.5,52.5,NA,NA,NA,NA,NA,NA,NA,NA,NA,NA,NA,NA,NA,14,34.25834233,-106.8831845
Sevilleta,2021,5,0,0,0,0,50,0.4,2021-05-20,1,0,0,0,0,0,0,1,2,0,0,14,34.25834233,-106.8831845
Sevilleta,2021,6,2.8,0,2,0.8,54,0,2021-06-18,0,0,0,0,0,0,0,0,1,0,0,14,34.25834233,-106.8831845
Sevilleta,2021,7,6.4,0.8,3.2,3.2,44,0.8,2021-07-23,0,0,1,0,0,0,0,1,1,0,4,14,34.25834233,-106.8831845
Sevilleta,2021,8,16,0,5.6,10.4,64,0.4,2021-08-18,7,2,2,0,0,0,0,5,2,0,4,14,34.25834233,-106.8831845
Sevilleta,2021,9,29.2,0,26,3.2,42,0,2021-09-22,1,0,0,0,0,0,0,8,1,0,6,14,34.25834233,-106.8831845
Sevilleta,2022,5,2,0,1.6,0.4,36,4.8,2022-05-17,1,1,0,0,0,0,0,0,2,0,1,14,34.25834233,-106.8831845
Sevilleta,2022,6,93.33333333333333,0,91.66666666666667,1.6666666666666667,27,0,2022-06-24,18,35,0,0,0,0,1,0,2,0,2,14,34.25834233,-106.8831845
Sevilleta,2022,7,30,4.4,28,2,28,0,2022-07-19,1,0,0,0,0,0,0,0,0,0,0,14,34.25834233,-106.8831845
Sevilleta,2022,8,19.2,0,16.4,2.8,40,0,2022-08-26,0,0,1,0,2,2,3,8,4,0,0,14,34.25834233,-106.8831845
Sevilleta,2022,9,16.8,0.4,13.2,3.6,22,0,2022-09-22,0,0,0,0,0,0,0,12,0,0,0,14,34.25834233,-106.8831845
Sevilleta,2023,5,6.4,0,5.2,1.2,32,0.8,2023-05-18,0,0,0,0,0,0,0,13,1,0,1,14,34.25834233,-106.8831845
Sevilleta,2023,6,16,0,3.6,12.4,14.4,0.4,2023-06-20,0,0,0,0,0,0,0,75,4,0,0,14,34.25834233,-106.8831845
Sevilleta,2023,7,8.8,0,5.2,3.6,44,4.4,2023-07-21,0,0,0,0,0,0,0,9,4,0,0,14,34.25834233,-106.8831845
Sevilleta,2023,8,13.6,0.4,5.2,8.4,20.4,2.4,2023-08-16,0,0,0,0,0,0,0,16,2,0,4,14,34.25834233,-106.8831845
Sevilleta,2023,9,15.6,0,8.4,7.2,40,0,2023-09-18,0,0,0,0,0,0,0,1,4,0,6,14,34.25834233,-106.8831845
Sevilleta,2024,5,2,0,2,0,40,8,2024-05-20,0,0,0,0,0,1,0,0,4,0,0,14,34.25834233,-106.8831845
Sevilleta,2024,6,2.4,0,1.6,0.8,28,5.2,2024-06-17,0,0,0,0,0,0,0,2,2,0,0,14,34.25834233,-106.8831845
Sevilleta,2024,7,5.6,0,3.6,2,28,8,2024-07-17,1,4,0,0,0,1,0,1,5,0,1,14,34.25834233,-106.8831845
Sevilleta,2024,8,88.4,1.6,88,0.4,50,0.8,2024-08-21,4,0,0,0,0,0,0,0,0,0,1,14,34.25834233,-106.8831845
Sevilleta,2024,9,38,48.4,38,0,34,0.4,2024-09-16,0,0,0,0,0,0,0,0,0,0,0,14,34.25834233,-106.8831845
Sevilleta,2025,5,1.2,0,1.2,0,40,0,2025-05-19,1,0,0,0,0,0,0,0,1,0,0,14,34.25834233,-106.8831845
Sevilleta,2025,6,2.8,0,2,0.8,24,0.4,2025-06-17,0,0,1,0,0,0,0,3,1,0,1,14,34.25834233,-106.8831845
Sevilleta,2025,7,3.6,0,2,1.6,20.4,0.8,2025-07-18,0,2,0,0,0,0,0,2,0,0,2,14,34.25834233,-106.8831845
Sevilleta,2025,8,7.2,0,5.2,2,18.4,6.4,2025-08-22,1,0,0,0,0,0,0,5,1,0,1,14,34.25834233,-106.8831845
Sevilleta,2025,9,16,4.8,8.8,7.2,14.4,0,2025-09-19,0,1,0,0,0,0,0,3,0,0,0,14,34.25834233,-106.8831845
State Land Office,2015,5,1.4,NA,NA,NA,NA,NA,2015-05-20,0,0,0,1,0,1,1,3,8,0,0,30,34.96785,-106.6856
State Land Office,2015,6,3,NA,NA,NA,NA,NA,2015-06-22,2,13,9,1,0,1,1,13,1,0,2,30,34.96785,-106.6856
State Land Office,2015,7,14,NA,NA,NA,NA,NA,2015-07-15,91,14,6,8,5,0,2,9,7,0,3,30,34.96785,-106.6856
State Land Office,2015,8,85,5,NA,NA,NA,NA,2015-08-21,92,3,5,15,7,6,3,79,2,0,1,30,34.96785,-106.6856
State Land Office,2016,5,5,0,NA,NA,NA,NA,2016-05-19,1,0,0,0,0,2,0,1,1,0,0,30,34.96785,-106.6856
State Land Office,2016,6,14,0,NA,NA,NA,NA,2016-06-24,0,2,0,0,0,0,0,3,0,0,3,30,34.96785,-106.6856
State Land Office,2016,7,16,2,NA,NA,NA,NA,2016-07-22,10,4,3,9,0,2,0,83,3,0,9,30,34.96785,-106.6856
State Land Office,2016,8,11,0,NA,NA,NA,NA,2016-08-16,2,3,0,3,1,0,0,151,6,0,8,30,34.96785,-106.6856
State Land Office,2017,5,14,0,6,8,4,NA,2017-05-17,4,0,0,1,2,0,0,7,2,0,6,30,34.96785,-106.6856
State Land Office,2017,6,20,0,10,10,NA,NA,2017-06-19,1,0,1,0,2,0,0,4,0,0,3,30,34.96785,-106.6856
State Land Office,2017,7,26,0,16,10,NA,NA,2017-07-17,46,9,27,2,0,1,0,54,2,0,2,30,34.96785,-106.6856
State Land Office,2017,8,38,0,30,8,NA,NA,2017-08-14,24,25,15,9,5,0,0,79,4,0,8,30,34.96785,-106.6856
Valencia Cleared,2014,5,NA,NA,NA,NA,NA,NA,2014-05-20,2,0,0,0,0,4,0,1,1,0,0,15,34.64863444,-106.7391728
Valencia Cleared,2014,6,NA,NA,NA,NA,NA,NA,2014-06-17,2,0,0,0,2,3,0,12,5,0,0,15,34.64863444,-106.7391728
Valencia Cleared,2014,7,NA,NA,NA,NA,NA,NA,2014-07-15,2,0,0,0,1,0,0,0,1,0,2,15,34.64863444,-106.7391728
Valencia Cleared,2014,8,0.2,NA,NA,NA,NA,NA,2014-08-19,2,5,3,0,1,2,4,17,4,0,1,15,34.64863444,-106.7391728
Valencia Cleared,2015,5,9,NA,NA,NA,NA,NA,2015-05-20,0,0,0,0,2,9,2,2,0,0,0,15,34.64863444,-106.7391728
Valencia Cleared,2015,6,17,NA,NA,NA,NA,NA,2015-06-16,2,6,0,0,11,10,1,18,1,0,0,15,34.64863444,-106.7391728
Valencia Cleared,2015,7,31,NA,NA,NA,NA,NA,2015-07-21,30,1,1,2,48,0,3,30,4,0,0,15,34.64863444,-106.7391728
Valencia Cleared,2015,8,74,NA,NA,NA,NA,NA,2015-08-18,8,3,6,3,12,0,0,59,4,0,7,15,34.64863444,-106.7391728
Valencia Cleared,2016,5,3,0,NA,NA,NA,NA,2016-05-17,4,0,0,0,5,11,2,4,2,0,0,15,34.64863444,-106.7391728
Valencia Cleared,2016,6,7,0,NA,NA,NA,NA,2016-06-21,0,6,29,0,3,12,0,82,2,0,1,15,34.64863444,-106.7391728
Valencia Cleared,2016,7,10,0,NA,NA,NA,NA,2016-07-19,10,88,49,7,6,0,4,45,3,0,3,15,34.64863444,-106.7391728
Valencia Cleared,2016,8,81,0,NA,NA,NA,NA,2016-08-15,87,1,0,1,9,1,3,136,0,0,2,15,34.64863444,-106.7391728
Valencia Cleared,2017,5,0,0,0,0,16,NA,2017-05-16,5,0,0,1,2,2,1,1,3,0,8,15,34.64863444,-106.7391728
Valencia Cleared,2017,6,20,0,18,2,NA,NA,2017-06-21,0,0,12,2,1,1,5,3,1,0,3,15,34.64863444,-106.7391728
Valencia Cleared,2017,7,30,0,26,4,NA,NA,2017-07-19,17,32,5,3,7,0,4,10,3,0,3,15,34.64863444,-106.7391728
Valencia Cleared,2017,8,72,0,64,8,NA,NA,2017-08-17,95,2,3,2,7,1,8,22,1,0,3,15,34.64863444,-106.7391728
Valencia Cleared,2018,5,2,0,0,2,14,NA,2018-05-17,0,2,0,0,0,15,2,10,2,0,2,15,34.64863444,-106.7391728
Valencia Cleared,2018,6,0,20,0,0,8,NA,2018-06-20,3,1,0,0,3,1,10,6,0,0,6,15,34.64863444,-106.7391728
Valencia Cleared,2018,7,6,0,6,0,16,NA,2018-07-19,11,86,140,6,11,0,8,92,3,0,8,15,34.64863444,-106.7391728
Valencia Cleared,2018,8,34,0,34,0,28,NA,2018-08-25,27,5,0,0,6,0,4,17,1,0,0,15,34.64863444,-106.7391728
Valencia Cleared,2019,5,0,2,0,0,18,NA,2019-05-24,0,0,0,0,4,15,6,6,1,0,0,15,34.64863444,-106.7391728
Valencia Cleared,2019,6,0.4,0.4,0.4,0,8.8,NA,2019-06-19,0,0,11,0,0,0,0,81,3,0,6,15,34.64863444,-106.7391728
Valencia Cleared,2019,7,1.2,0.8,0.8,0.4,8,NA,2019-07-16,2,0,0,0,1,2,1,87,5,0,0,15,34.64863444,-106.7391728
Valencia Cleared,2019,8,16,0,8.8,7.2,12.4,NA,2019-08-20,2,3,2,0,5,0,6,748,6,0,8,15,34.64863444,-106.7391728
Valencia Cleared,2020,5,2,0,0,2,10,NA,2020-05-19,0,0,0,0,2,7,6,1,3,0,0,15,34.64863444,-106.7391728
Valencia Cleared,2020,6,16.4,0,8.4,8,14,NA,2020-06-16,0,2,3,0,10,1,6,2,1,0,4,15,34.64863444,-106.7391728
Valencia Cleared,2020,7,32,0,16,16,12,NA,2020-07-21,10,9,40,2,8,0,2,11,5,1,14,15,34.64863444,-106.7391728
Valencia Cleared,2020,8,30,4,12,20,14,NA,2020-08-18,6,1,0,0,4,0,4,9,2,0,8,15,34.64863444,-106.7391728
Valencia Cleared,2021,5,0,0,0,0,24.4,8.8,2021-05-18,0,0,0,0,0,31,56,0,3,0,1,15,34.64863444,-106.7391728
Valencia Cleared,2021,6,1.2,0,0.4,0.8,7.2,58,2021-06-15,0,0,10,0,1,1,2,8,4,0,3,15,34.64863444,-106.7391728
Valencia Cleared,2021,7,23.6,2,20,3.6,20.8,20.4,2021-07-20,11,255,65,0,2,0,0,5,3,0,8,15,34.64863444,-106.7391728
Valencia Cleared,2021,8,78.8,2.8,78,0.8,20.8,4.8,2021-08-17,114,27,10,0,2,0,4,2,3,0,1,15,34.64863444,-106.7391728
Valencia Cleared,2022,5,4.8,0,3.6,1.2,18.8,12.8,2022-05-18,2,0,0,1,0,6,13,4,1,0,9,15,34.64863444,-106.7391728
Valencia Cleared,2022,6,10.4,10,6.8,3.6,14.4,18.8,2022-06-21,1,8,4,0,7,2,18,125,6,0,15,15,34.64863444,-106.7391728
Valencia Cleared,2022,7,22.8,4,6.8,16,24.4,20.4,2022-07-19,2,10,10,0,1,0,2,162,6,0,3,15,34.64863444,-106.7391728
Valencia Cleared,2022,8,40.4,0.4,20,20.4,15.2,14.4,2022-08-16,1,2,1,0,6,0,1,775,2,0,41,15,34.64863444,-106.7391728
Valencia Cleared,2023,5,7.2,0,2.8,4.4,18.4,6.8,2023-05-16,0,0,0,0,2,26,6,2,15,0,14,15,34.64863444,-106.7391728
Valencia Cleared,2023,6,7.2,3.2,2,5.2,14.4,44,2023-06-20,0,0,0,0,11,4,5,9,9,0,28,15,34.64863444,-106.7391728
Valencia Cleared,2023,7,4,0.4,1.2,2.8,18,36.4,2023-07-18,0,0,0,0,2,0,8,6,8,0,6,15,34.64863444,-106.7391728
Valencia Cleared,2023,8,6.4,2.8,3.2,3.2,20,26,2023-08-15,3,0,1,0,1,0,2,47,5,1,13,15,34.64863444,-106.7391728
Valencia Cleared,2024,5,2.4,0,1.6,0.8,20,30.4,2024-05-21,0,0,0,0,4,28,3,47,2,0,1,15,34.64863444,-106.7391728
Valencia Cleared,2024,6,9.6,0,0.8,8.8,13.2,48,2024-06-18,0,0,0,0,2,6,4,47,5,1,0,15,34.64863444,-106.7391728
Valencia Cleared,2024,7,18.4,6.8,8.4,10,20,26,2024-07-16,0,0,3,0,1,0,0,71,10,0,10,15,34.64863444,-106.7391728
Valencia Cleared,2024,8,32,0,20,12,18.4,18,2024-08-20,19,0,0,0,6,0,3,79,4,0,25,15,34.64863444,-106.7391728
Valencia Cleared,2025,5,9.2,0,8.4,0.8,14.8,20.8,2025-05-20,0,0,0,0,1,8,1,0,1,0,1,15,34.64863444,-106.7391728
Valencia Cleared,2025,6,2,0,1.6,0.4,10.8,62,2025-06-17,0,0,0,0,0,0,0,5,3,0,2,15,34.64863444,-106.7391728
Valencia Cleared,2025,7,34,2.8,18,16,16.8,32,2025-07-15,6,1,0,0,3,0,0,11,7,1,12,15,34.64863444,-106.7391728
Valencia Cleared,2025,8,8.8,12.4,3.6,5.2,2,50,2025-08-20,33,0,0,0,0,0,0,22,0,0,7,15,34.64863444,-106.7391728
Valencia Forest,2014,5,NA,NA,NA,NA,NA,NA,2014-05-20,0,0,0,0,0,1,0,0,1,0,0,16,34.64716225,-106.738482
Valencia Forest,2016,5,1,0,NA,NA,NA,NA,2016-05-17,5,0,0,0,0,10,1,1,3,0,1,16,34.64716225,-106.738482
Valencia Forest,2016,6,8,0,NA,NA,NA,NA,2016-06-21,3,2,20,1,3,4,2,10,2,0,0,16,34.64716225,-106.738482
Valencia Forest,2016,7,17,0,NA,NA,NA,NA,2016-07-19,40,26,39,5,7,2,4,35,6,0,0,16,34.64716225,-106.738482
Valencia Forest,2016,8,76,0,NA,NA,NA,NA,2016-08-15,204,0,5,0,13,0,1,141,5,0,2,16,34.64716225,-106.738482
Valencia Forest,2017,5,2,0,0,2,14,NA,2017-05-16,0,0,0,0,1,2,4,1,0,0,0,16,34.64716225,-106.738482
Valencia Forest,2017,6,10,0,8,2,NA,NA,2017-06-21,0,31,6,1,1,2,3,5,0,0,3,16,34.64716225,-106.738482
Valencia Forest,2017,7,36,0,30,6,NA,NA,2017-07-19,36,42,48,17,11,1,11,51,3,0,4,16,34.64716225,-106.738482
Valencia Forest,2017,8,74,0,74,0,NA,NA,2017-08-17,187,0,3,0,5,0,2,41,11,0,0,16,34.64716225,-106.738482
