Year,Site number,Site name,Annual sum of canopy precipitation mm,Annual sum of open precipitation mm,Annual sum of precipitation mm
1997,1,Alameda,254.89999999999998,296.59999999999997,291.99999999999994
1997,2,Rio Grande Nature Center,163.40000000000003,243.7,216.25
1997,3,Los Lunas,66.8,46.800000000000004,56.8
1998,1,Alameda,141.2,188.39999999999998,164.8
1998,2,Rio Grande Nature Center,179.70000000000002,182.29999999999998,181
1998,3,Los Lunas,229.79999999999998,299.2,264.5
1998,4,Belen,165.6,191.79999999999998,182.89999999999998
1999,1,Alameda,173.4,188.3,194.79999999999998
1999,2,Rio Grande Nature Center,201.6,223.70000000000002,212.64999999999998
1999,3,Los Lunas,56.3,80.7,68.5
1999,4,Belen,166.7,176.29999999999998,171.5
1999,5,Santa Ana,83.8,105.2,94.5
2000,1,Alameda,169.4,177.8,173.6
2000,2,Rio Grande Nature Center,152.2,177.70000000000002,185.75
2000,3,Los Lunas,148.60000000000002,193,182.20000000000002
2000,4,Belen,226.29999999999998,269.8,248.05
2000,5,Santa Ana,124.7,166.59999999999997,146.54999999999998
2000,6,Savannah,183.70000000000002,247.39999999999998,215.55
2000,7,Lemitar,30,64,47
2001,1,Alameda,76.39999999999999,117.29999999999998,96.85000000000001
2001,2,Rio Grande Nature Center,85.7,118.29999999999998,102.00000000000001
2001,3,Los Lunas,77.5,137.7,107.60000000000001
2001,4,Belen,134.1,118,126.05000000000001
2001,5,Santa Ana,129.2,156.29999999999998,142.75
2001,6,Savannah,112.99999999999999,173.8,143.4
2001,7,Lemitar,97.00000000000001,119.7,108.35000000000002
2002,1,Alameda,92.4,105.8,103.60000000000001
2002,2,Rio Grande Nature Center,160,134.5,163.25
2002,3,Los Lunas,127.5,236.8,182.15
2002,4,Belen,104.3,171.1,138.7
2002,5,Santa Ana,86.8,127.3,107.05000000000001
2002,6,Savannah,107.19999999999999,174.1,141.75
2002,7,Lemitar,136,210,173
2002,8,Hispanic Cultural Center,66.69999999999999,76.7,83.2
2002,9,Ohkay Owingeh,122.89999999999999,199.5,164.25
2002,10,Diversion,32.5,26.5,29.5
2002,11,Calabacillas,25.3,31.5,28.4
2002,12,Minnow,1.5,6.5,4
2003,1,Alameda,94.30000000000001,135.5,114.89999999999999
2003,2,Rio Grande Nature Center,66.9,89.89999999999999,78.39999999999999
2003,3,Los Lunas,74.8,154.4,114.60000000000001
2003,4,Belen,125.6,173.79999999999998,149.70000000000002
2003,5,Santa Ana,64.7,87.5,76.1
2003,6,Savannah,74.4,76.5,86.44999999999999
2003,7,Lemitar,56.3,107,81.65
2003,8,Hispanic Cultural Center,67.5,149.50000000000003,108.49999999999999
2003,9,Ohkay Owingeh,75.8,174.6,125.20000000000002
2003,10,Diversion,85,127.80000000000001,106.4
2003,11,Calabacillas,56.49999999999999,101.2,92
2003,12,Minnow,67,189.3,128.14999999999998
2003,13,Harrison,80.7,96.2,88.45
2003,14,Sevilleta,40.9,53.2,47.05
2003,15,Valencia Cleared,68.4,133.6,101
2003,16,Valencia Forest,102.5,135.2,118.85
2004,1,Alameda,252.5,278.2,265.35
2004,2,Rio Grande Nature Center,223.9,232.6,239.5
2004,3,Los Lunas,175.79999999999998,208.5,192.14999999999998
2004,4,Belen,232.7,293.00000000000006,262.84999999999997
2004,5,Santa Ana,0,0,0
2004,6,Savannah,136.9,239.3,188.1
2004,7,Lemitar,200.2,271.7,235.95
2004,8,Hispanic Cultural Center,203.9,276.8,275.7
2004,9,Ohkay Owingeh,115.4,174.2,144.8
2004,10,Diversion,209.3,304.3,282.95
2004,11,Calabacillas,193.3,223.29999999999998,220.04999999999998
2004,12,Minnow,183.70000000000002,230.2,206.95000000000002
2004,13,Harrison,203.79999999999998,323.7,278.75
2004,14,Sevilleta,159.8,207.7,192.5
2004,15,Valencia Cleared,200.2,272.9,236.55
2004,16,Valencia Forest,252.6,251.9,285.25
2004,17,Montano,102.4,128.8,115.6
2004,18,Reynolds Cleared,73,98,85.5
2004,19,Reynolds Forest,60,73,71.25
2004,20,Route 66,0,0,0
2005,1,Alameda,137.5,157.4,148.35000000000002
2005,2,Rio Grande Nature Center,201.2,192.4,202.3
2005,3,Los Lunas,157.1,180,189.29999999999998
2005,4,Belen,143.2,126.2,153.99999999999997
2005,5,Santa Ana,0,0,0
2005,6,Savannah,121.9,217.7,169.79999999999998
2005,7,Lemitar,157.6,221.3,190.95
2005,8,Hispanic Cultural Center,139.2,137.6,173.9
2005,9,Ohkay Owingeh,235.5,265.4,271.45
2005,10,Diversion,171.8,220.20000000000002,196
2005,11,Calabacillas,141.40000000000003,154,173.4
2005,12,Minnow,127.5,192.20000000000002,172.34999999999997
2005,13,Harrison,169.39999999999998,233.8,217.35
2005,14,Sevilleta,149.8,156,161.2
2005,15,Valencia Cleared,95.3,124.9,141.85
2005,16,Valencia Forest,242.6,141.9,242.25
2005,17,Montano,134.2,226.8,180.50000000000003
2005,18,Reynolds Cleared,153.2,218.8,186
2005,19,Reynolds Forest,115.7,142.5,148.85
2005,20,Route 66,169.4,238.29999999999998,203.85000000000002
2005,21,Badger,0,0,0
2005,22,Bobcat,0,0,0
2006,1,Alameda,264.3,254,276.15000000000003
2006,2,Rio Grande Nature Center,191.29999999999998,229,210.15
2006,3,Los Lunas,139.1,208.20000000000002,173.65
2006,4,Belen,264.2,315.8,290
2006,5,Santa Ana,0,0,0
2006,6,Savannah,112.8,234.7,173.75
2006,7,Lemitar,309.59999999999997,380.9,345.25000000000006
2006,8,Hispanic Cultural Center,189.8,206.8,198.3
2006,9,Ohkay Owingeh,172.7,250.1,211.4
2006,10,Diversion,210.5,295.3,274.9
2006,11,Calabacillas,212.7,289.7,252.2
2006,12,Minnow,154.4,240.7,197.55
2006,13,Harrison,225.09999999999997,251.79999999999995,238.84999999999997
2006,14,Sevilleta,192.5,130.6,208.4
2006,15,Valencia Cleared,184.8,316.3,285.05
2006,16,Valencia Forest,291.8,324.9,308.35
2006,17,Montano,160.8,270,232.10000000000002
2006,18,Reynolds Cleared,221.4,294.59999999999997,258
2006,19,Reynolds Forest,217.4,298.7,261.55
2006,20,Route 66,81.30000000000001,137.10000000000002,109.20000000000002
2006,21,Badger,0,0,0
2006,22,Bobcat,0,1.1,0.55
2007,1,Alameda,226,235.4,230.70000000000002
2007,2,Rio Grande Nature Center,171.2,171.89999999999998,171.54999999999998
2007,3,Los Lunas,141.5,201.3,171.4
2007,4,Belen,189.7,203.7,196.7
2007,5,Santa Ana,26,25.2,25.6
2007,6,Savannah,159,216,197.5
2007,7,Lemitar,189.5,254,221.75
2007,8,Hispanic Cultural Center,162.4,211.2,201.3
2007,9,Ohkay Owingeh,190.5,273.4,231.95000000000002
2007,10,Diversion,193,241.5,217.25
2007,11,Calabacillas,200.7,235.1,217.89999999999998
2007,12,Minnow,190.4,259.29999999999995,224.85
2007,13,Harrison,212.4,322,280.95
2007,14,Sevilleta,115.8,195.9,162.4
2007,15,Valencia Cleared,137.5,182.6,166.55
2007,16,Valencia Forest,160.5,210.8,185.65
2007,17,Montano,224.4,228.5,226.45
2007,18,Reynolds Cleared,137.4,199.6,168.5
2007,19,Reynolds Forest,132.4,199.6,166
2007,20,Route 66,160.6,229.8,195.2
2007,21,Badger,177.3,260,218.65
2007,22,Bobcat,170.60000000000002,271.7,221.15
2007,23,BioPark,148.2,209.8,179
2008,1,Alameda,146.7,163.9,155.3
2008,2,Rio Grande Nature Center,141.8,167.2,154.5
2008,3,Los Lunas,121,174.5,147.75
2008,4,Belen,127.60000000000001,209.8,194.70000000000002
2008,5,Santa Ana,55.7,89.8,72.75
2008,6,Savannah,104.5,185.8,147.15
2008,7,Lemitar,119.89999999999999,194.7,157.3
2008,8,Hispanic Cultural Center,126,163.7,145.95
2008,9,Ohkay Owingeh,140.1,171.8,155.95000000000002
2008,10,Diversion,140.4,153,153.7
2008,11,Calabacillas,121.9,157.3,142.1
2008,12,Minnow,84.5,150.8,117.65
2008,13,Harrison,165,214,192.5
2008,14,Sevilleta,142.8,192.8,167.8
2008,15,Valencia Cleared,141.4,200.1,170.75
2008,16,Valencia Forest,160.5,204.10000000000002,184.20000000000002
2008,17,Montano,132.7,198,165.35
2008,18,Reynolds Cleared,226.7,292.50000000000006,259.6
2008,19,Reynolds Forest,227.3,19.9,227.85
2008,20,Route 66,106.5,160.3,137.15
2008,21,Badger,97.2,162.5,129.85
2008,22,Bobcat,100.8,170.5,135.65
2008,23,BioPark,122,159.9,145.2
2008,24,Santo Domingo,170.3,143.8,183.45000000000002
2008,25,Crawford,0,0,0
2009,1,Alameda,169.5,203,186.25
2009,2,Rio Grande Nature Center,100,98,115
2009,3,Los Lunas,134.5,206.5,170.5
2009,4,Belen,93,137.7,115.35
2009,5,Santa Ana,89.3,78.4,92.35
2009,6,Savannah,123,201.3,162.15
2009,7,Lemitar,96.8,163,129.9
2009,8,Hispanic Cultural Center,137,234,185.5
2009,9,Ohkay Owingeh,258.1,297.5,277.8
2009,10,Diversion,123.5,185,154.25
2009,11,Calabacillas,114.5,172.6,143.55
2009,12,Minnow,95,180.5,137.75
2009,13,Harrison,85.3,202.29999999999998,182.04999999999998
2009,14,Sevilleta,62.8,149.8,119.8
2009,15,Valencia Cleared,108.7,171.2,139.95000000000002
2009,16,Valencia Forest,116.7,181.3,177
2009,17,Montano,73.1,193,136.3
2009,18,Reynolds Cleared,85.8,150.4,120.10000000000001
2009,19,Reynolds Forest,121.1,171.60000000000002,147
2009,20,Route 66,74,168,131
2009,21,Badger,75.9,146.2,111.05
2009,22,Bobcat,111.3,216.2,163.75
2009,23,BioPark,119.5,187.5,153.5
2009,24,Santo Domingo,141.9,223,182.45
2009,25,Crawford,0,0,0
2010,1,Alameda,198.5,196.5,207
2010,2,Rio Grande Nature Center,171.8,196.2,184
2010,3,Los Lunas,162.8,217.8,190.3
2010,4,Belen,158.60000000000002,151,154.8
2010,5,Santa Ana,198,213.3,206.4
2010,6,Savannah,138.9,230.3,184.6
2010,7,Lemitar,125.5,151.5,162.5
2010,8,Hispanic Cultural Center,175.7,233.39999999999998,204.55
2010,9,Ohkay Owingeh,143.4,253.8,241.6
2010,10,Diversion,128.5,212.6,170.55
2010,11,Calabacillas,106,188.1,179.05
2010,12,Minnow,123.9,195.89999999999998,159.89999999999998
2010,13,Harrison,110.5,211.5,171.25
2010,14,Sevilleta,112,128.5,129.75
2010,15,Valencia Cleared,130.89999999999998,165.5,167.85000000000002
2010,16,Valencia Forest,199.89999999999998,190.7,195.3
2010,17,Montano,103.4,220.3,174.1
2010,18,Reynolds Cleared,111.2,188.7,149.95000000000002
2010,19,Reynolds Forest,115.3,183.8,166.20000000000002
2010,20,Route 66,123.8,247.8,185.8
2010,21,Badger,126.89999999999999,154.5,159.7
2010,22,Bobcat,176.1,276.7,226.4
2010,23,BioPark,210.8,302,256.4
2010,24,Santo Domingo,293.7,357.5,325.6
2010,25,Crawford,0,0,0
2011,1,Alameda,102.1,118.5,110.30000000000001
2011,2,Rio Grande Nature Center,119.5,152.8,136.15
2011,3,Los Lunas,150.5,183.5,167
2011,4,Belen,130,157,143.5
2011,5,Santa Ana,124.6,165.9,145.25
2011,6,Savannah,85.5,106,109.75
2011,7,Lemitar,119,110.5,141.6
2011,8,Hispanic Cultural Center,101,159.1,143.3
2011,9,Ohkay Owingeh,141.3,182,162.15
2011,10,Diversion,57.5,116.7,87.1
2011,11,Calabacillas,83.8,115.5,99.65
2011,12,Minnow,60,12.6,63.05
2011,13,Harrison,81.2,142.1,111.65
2011,14,Sevilleta,58.3,95.8,104.3
2011,15,Valencia Cleared,94.5,100.8,133.65
2011,16,Valencia Forest,134.9,159,158.7
2011,17,Montano,57.2,166.1,129.65
2011,18,Reynolds Cleared,78,138.1,108.05
2011,19,Reynolds Forest,114,151.3,132.65
2011,20,Route 66,69,138,103.5
2011,21,Badger,59.3,103.1,81.19999999999999
2011,22,Bobcat,44.3,43.3,58.3
2011,23,BioPark,102.9,142.7,122.80000000000001
2011,24,Santo Domingo,97.5,153,125.25
2011,25,Crawford,98,107.8,102.9
2011,26,Mesilla,102.5,140.5,121.5
2012,1,Alameda,70.8,92,82.15
2012,2,Rio Grande Nature Center,71.5,95.5,83.5
2012,3,Los Lunas,93,131.1,112.05
2012,4,Belen,158.8,159.7,159.25
2012,5,Santa Ana,88.4,113.5,100.94999999999999
2012,6,Savannah,84,50.6,93.3
2012,7,Lemitar,84.5,119.7,106.6
2012,8,Hispanic Cultural Center,73.6,122.1,97.85000000000001
2012,9,Ohkay Owingeh,65.8,138.7,129.25
2012,10,Diversion,55.5,75.8,71.65
2012,11,Calabacillas,59.099999999999994,65.8,71.7
2012,12,Minnow,42.6,52.7,59
2012,13,Harrison,65.8,120.1,95.1
2012,14,Sevilleta,56.8,87.5,75.65
2012,15,Valencia Cleared,120,138.7,140.1
2012,16,Valencia Forest,169.5,193,181.25
2012,17,Montano,51.5,151.5,118
2012,18,Reynolds Cleared,95.8,151,123.4
2012,19,Reynolds Forest,109.5,156.5,143.25
2012,20,Route 66,44.89999999999999,94.9,69.9
2012,21,Badger,62.5,107,84.75
2012,22,Bobcat,49.099999999999994,89.2,69.15
2012,23,BioPark,69.3,105.2,87.75000000000001
2012,24,Santo Domingo,46.099999999999994,77.8,61.949999999999996
2012,25,Crawford,130.2,165.8,148
2012,26,Mesilla,95.4,119.5,107.45
2012,27,Bosque Farm,32,0,32
2013,1,Alameda,204.3,234.8,220.3
2013,2,Rio Grande Nature Center,154.60000000000002,164.3,160.10000000000002
2013,3,Los Lunas,177.2,244.9,216.8
2013,4,Belen,237,258.8,259.4
2013,5,Santa Ana,195.7,249.3,222.5
2013,6,Savannah,124.6,157.2,150.4
2013,7,Lemitar,179.8,92,191.9
2013,8,Hispanic Cultural Center,137.8,259.8,240.3
2013,9,Ohkay Owingeh,129.6,229.9,233.25
2013,10,Diversion,168.60000000000002,239.6,204.85
2013,11,Calabacillas,188.5,246.6,217.55
2013,12,Minnow,163,256.7,209.85000000000002
2013,13,Harrison,133.7,252.3,229
2013,14,Sevilleta,170.6,199.2,184.9
2013,15,Valencia Cleared,176.1,242.3,212.70000000000002
2013,16,Valencia Forest,248.8,254.3,253.05
2013,17,Montano,101,194,157
2013,18,Reynolds Cleared,113.3,147.3,143.3
2013,19,Reynolds Forest,75,212.9,202.45000000000002
2013,20,Route 66,72.8,235.8,205.8
2013,21,Badger,183.5,229.7,206.6
2013,22,Bobcat,160.7,231.10000000000002,195.9
2013,23,BioPark,194.8,257.1,225.95
2013,24,Santo Domingo,267.1,377.3,322.7
2013,25,Crawford,214.29999999999998,265.2,239.75
2013,26,Mesilla,20.1,19.5,19.8
2013,27,Bosque Farm,111.5,168.5,142.25
2014,1,Alameda,95.5,134.8,122.9
2014,2,Rio Grande Nature Center,119.8,139.8,133.55
2014,3,Los Lunas,121,141.1,131.05
2014,4,Belen,150.1,214.3,196.5
2014,5,Santa Ana,139.8,183.5,161.65
2014,6,Savannah,66.9,189.1,128
2014,7,Lemitar,125.6,198.6,162.10000000000002
2014,8,Hispanic Cultural Center,151,191.6,171.3
2014,9,Ohkay Owingeh,227,240.3,233.65
2014,10,Diversion,61,151.5,106.25
2014,11,Calabacillas,90,159.3,124.65
2014,12,Minnow,63,133.7,104.35000000000001
2014,13,Harrison,163.5,221.8,192.65
2014,14,Sevilleta,30.8,60.8,82.45
2014,15,Valencia Cleared,143.8,204.60000000000002,178.7
2014,16,Valencia Forest,231.2,225,228.5
2014,17,Montano,75.3,186,130.65
2014,18,Reynolds Cleared,100.3,203,151.65
2014,19,Reynolds Forest,147.6,210.2,178.9
2014,20,Route 66,58.7,175.5,136.1
2014,21,Badger,79.5,115.1,97.3
2014,22,Bobcat,65.2,138,111.35
2014,23,BioPark,123.2,174,148.6
2014,24,Santo Domingo,108.3,181.3,144.8
2014,25,Crawford,182.5,229.5,206
2014,26,Mesilla,167.6,213.39999999999998,190.5
2014,27,Bosque Farm,62.2,120.1,95
2014,28,Valle de Oro,0,0,0
2014,29,Albuquerque Overbank Project,0,0,0
2014,30,State Land Office,100,147,123.5
2015,1,Alameda,280.5,315.8,298.15
2015,2,Rio Grande Nature Center,272.3,303,287.65
2015,3,Los Lunas,102.3,193,176.15
2015,4,Belen,190.2,305.4,251.3
2015,5,Santa Ana,257,356.5,306.75
2015,6,Savannah,133.5,353,284.75
2015,7,Lemitar,162,247.5,204.75
2015,8,Hispanic Cultural Center,184.1,111.1,204.6
2015,9,Ohkay Owingeh,351.5,318.3,348.9
2015,10,Diversion,187.3,330.6,258.95
2015,11,Calabacillas,178.3,320.3,258.05
2015,12,Minnow,177.9,286,231.95
2015,13,Harrison,174,304.9,251.45
2015,14,Sevilleta,149.3,211,183.65
2015,15,Valencia Cleared,202.5,192.5,216
2015,16,Valencia Forest,252.4,310.20000000000005,281.29999999999995
2015,17,Montano,156,339,247.5
2015,18,Reynolds Cleared,166,292.5,229.25
2015,19,Reynolds Forest,217.7,320.5,287.6
2015,20,Route 66,118.7,306.2,212.45
2015,21,Badger,166,294.5,230.25
2015,22,Bobcat,151.9,277.5,223.7
2015,23,BioPark,214.5,293.2,253.85
2015,24,Santo Domingo,179.7,286.5,234.45
2015,25,Crawford,252.6,308,280.3
2015,26,Mesilla,57.7,116.39999999999999,87.05000000000001
2015,27,Bosque Farm,0,0,0
2015,28,Valle de Oro,0,149.7,149.7
2015,29,Albuquerque Overbank Project,149.9,280.2,215.05
2015,30,State Land Office,230.3,311.1,270.7
2015,31,San Jose,0,0,0
2016,1,Alameda,103,114,130.5
2016,2,Rio Grande Nature Center,123.8,112.5,134.4
2016,3,Los Lunas,86.3,120.5,103.4
2016,4,Belen,99.8,161.5,130.65
2016,5,Santa Ana,91.1,110,127.6
2016,6,Savannah,57.3,160.6,115.45
2016,7,Lemitar,188,242.5,215.25
2016,8,Hispanic Cultural Center,117,32.5,123.75
2016,9,Ohkay Owingeh,0,0,0
2016,10,Diversion,84.4,156,140.8
2016,11,Calabacillas,86,158.5,134.5
2016,12,Minnow,70.2,168.6,119.64999999999999
2016,13,Harrison,93.4,118.1,125.05
2016,14,Sevilleta,148,203.5,175.75
2016,15,Valencia Cleared,81.6,92.5,95.05
2016,16,Valencia Forest,73.3,178.5,141.65
2016,17,Montano,73,165.3,122.65
2016,18,Reynolds Cleared,71.8,146.6,112.95
2016,19,Reynolds Forest,94.5,88.5,110.25
2016,20,Route 66,64.8,145.1,105.69999999999999
2016,21,Badger,85.3,136.5,118.65
2016,22,Bobcat,71,122,112.75
2016,23,BioPark,122.5,163.1,147.6
2016,24,Santo Domingo,43,105,80.5
2016,25,Crawford,52,175.2,163.95
2016,26,Mesilla,72.4,117.5,108.14999999999999
2016,27,Bosque Farm,0,0,0
2016,28,Valle de Oro,0,101,101
2016,29,Albuquerque Overbank Project,55.5,178.8,123.15
2016,30,State Land Office,124.3,158,147.15
2016,31,San Jose,131.7,171.1,151.4
2016,32,Sandia,54.5,145.5,131
2017,1,Alameda,117.3,176,159.65
2017,2,Rio Grande Nature Center,176.39999999999998,106.8,178.14999999999998
2017,3,Los Lunas,119.69999999999999,230.8,209.15000000000003
2017,4,Belen,200.7,223.9,224.8
2017,5,Santa Ana,137.1,131.3,157.7
2017,6,Savannah,87.5,196.3,146.4
2017,7,Lemitar,136.5,201.8,169.15
2017,8,Hispanic Cultural Center,152,108.9,151.95
2017,9,Ohkay Owingeh,0,0,0
2017,10,Diversion,71,123,98
2017,11,Calabacillas,42.400000000000006,121,113.44999999999999
2017,12,Minnow,73,158.3,117.15
2017,13,Harrison,125.60000000000001,67.3,127.9
2017,14,Sevilleta,114.69999999999999,160.2,137.45
2017,15,Valencia Cleared,161.7,0,161.7
2017,16,Valencia Forest,176.2,303.7,239.95
2017,17,Montano,85,160.5,133.25
2017,18,Reynolds Cleared,149.1,244.1,218.60000000000002
2017,19,Reynolds Forest,213.5,196.79999999999998,238.14999999999998
2017,20,Route 66,82.1,165.3,123.7
2017,21,Badger,72.9,144.6,108.75
2017,22,Bobcat,74.1,156.9,124
2017,23,BioPark,133,195.4,164.2
2017,24,Santo Domingo,235,208,241.5
2017,25,Crawford,262.3,297.2,280.40000000000003
2017,26,Mesilla,108.8,174.5,141.65
2017,27,Bosque Farm,0,0,0
2017,28,Valle de Oro,2.8,154.4,157.2
2017,29,Albuquerque Overbank Project,122.6,154,149.05
2017,30,State Land Office,114.2,183.3,163.70000000000002
2017,31,San Jose,153,214,183.5
2017,32,Sandia,104.5,163.1,144.2
2018,1,Alameda,107.55,169.34,138.44500000000002
2018,2,Rio Grande Nature Center,129.03,166.47,152.88500000000002
2018,3,Los Lunas,61.129999999999995,87.5,83.49499999999999
2018,4,Belen,91.69,97,94.345
2018,5,Santa Ana,122.77,211.14000000000001,166.955
2018,6,Savannah,58.96000000000001,84.81,88.35000000000001
2018,7,Lemitar,94.00999999999999,70.56,103.34
2018,8,Hispanic Cultural Center,7.36,72.91,64.88499999999999
2018,9,Ohkay Owingeh,0,0,0
2018,10,Diversion,51.5,178.14000000000001,175.82
2018,11,Calabacillas,162.70000000000002,104,169.49
2018,12,Minnow,102.58000000000001,224.43,163.505
2018,13,Harrison,83.34,110.9,110.38499999999999
2018,14,Sevilleta,50.7,162.13,155.16500000000002
2018,15,Valencia Cleared,147.74,131,177.22
2018,16,Valencia Forest,115.28,234.68,174.98
2018,17,Montano,66.6,141.32,116.78999999999999
2018,18,Reynolds Cleared,95.66,205.07999999999998,158.405
2018,19,Reynolds Forest,151.07,184.82,170.94
2018,20,Route 66,53.68,163.53000000000003,109.675
2018,21,Badger,128.66,217.91,173.28500000000003
2018,22,Bobcat,121.77,120.22,151.14499999999998
2018,23,BioPark,127.61999999999999,109,147.26999999999998
2018,24,Santo Domingo,64.24,193.36,145.945
2018,25,Crawford,55,112.85,83.925
2018,26,Mesilla,52.1,106.5,79.3
2018,27,Bosque Farm,0,0,0
2018,28,Valle de Oro,0,0,0
2018,29,Albuquerque Overbank Project,43.940000000000005,103,76.475
2018,30,State Land Office,95,107.95,108.71
2018,31,San Jose,68.75,42.4,66.695
2018,32,Sandia,94.41,165.61,131.01
2018,33,Bosque del Apache,143.81,242.09,192.95
2019,1,Alameda,172,236.5,207.35
2019,2,Rio Grande Nature Center,164.9,102.5,159.7
2019,3,Los Lunas,76,173.3,154.55
2019,4,Belen,147.9,191.7,241.8
2019,5,Santa Ana,171,243.60000000000002,207.3
2019,6,Savannah,90.7,175.5,133.1
2019,7,Lemitar,151,167,162.5
2019,8,Hispanic Cultural Center,158.2,228.8,193.5
2019,9,Ohkay Owingeh,0,0,0
2019,10,Diversion,125.1,220.5,186.55
2019,11,Calabacillas,156.5,244,200.25
2019,12,Minnow,94,263.3,215.65
2019,13,Harrison,122.8,167.8,153.3
2019,14,Sevilleta,105.8,157.5,143.15
2019,15,Valencia Cleared,158,230.1,197.85
2019,16,Valencia Forest,156.3,177.5,184.4
2019,17,Montano,62.9,221.2,162.55
2019,18,Reynolds Cleared,139.3,243,191.15
2019,19,Reynolds Forest,182.3,237.3,211.8
2019,20,Route 66,98.4,203.8,159.85
2019,21,Badger,178.5,186.4,182.45
2019,22,Bobcat,90.5,192.9,149.1
2019,23,BioPark,146,199.1,179.35
2019,24,Santo Domingo,91.3,108,155.05
2019,25,Crawford,135.2,240.3,214.25
2019,26,Mesilla,89.8,125,120.9
2019,27,Bosque Farm,0,0,0
2019,28,Valle de Oro,0,0,0
2019,29,Albuquerque Overbank Project,92.6,180.3,136.45000000000002
2019,30,State Land Office,183,224,203.5
2019,31,San Jose,138.5,179.8,159.15
2019,32,Sandia,121,171,154.5
2019,33,Bosque del Apache,131.8,84.3,142.55
2019,34,River Realignment,136.3,108,130.8
2020,1,Alameda,94.1,99,108.55
2020,2,Rio Grande Nature Center,102.1,115.3,108.7
2020,3,Los Lunas,58.8,131,106.4
2020,4,Belen,143.5,108.3,131.65
2020,5,Santa Ana,63.9,44,70.4
2020,6,Savannah,53.5,175.5,121.5
2020,7,Lemitar,151.3,176.8,164.05
2020,8,Hispanic Cultural Center,112,105.9,116.45
2020,10,Diversion,60.5,131.6,96.05
2020,11,Calabacillas,78.8,124.5,101.65
2020,12,Minnow,74,89,92.5
2020,13,Harrison,111.8,175.5,143.65
2020,14,Sevilleta,71.5,156.8,122.15
2020,15,Valencia Cleared,87.6,110.3,110.75
2020,16,Valencia Forest,84.2,143,115.19999999999999
2020,17,Montano,83.5,243.2,163.35
2020,18,Reynolds Cleared,81.5,140.5,111
2020,19,Reynolds Forest,74.5,145,134
2020,20,Route 66,65.8,136.5,101.15
2020,21,Badger,67,113.3,90.15
2020,22,Bobcat,63.5,123.8,102.15
2020,23,BioPark,102,139.5,122.75
2020,24,Santo Domingo,13.5,0,13.5
2020,25,Crawford,130.6,179,154.79999999999998
2020,26,Mesilla,109,191,150
2020,27,Bosque Farm,0,0,0
2020,28,Valle de Oro,0,0,0
2020,29,Albuquerque Overbank Project,69.89999999999999,175.5,128.95000000000002
2020,30,State Land Office,112.3,142.3,127.30000000000001
2020,31,San Jose,123,174.5,148.75
2020,32,Sandia,33,41.5,37.25
2020,33,Bosque del Apache,128.5,87,140.75
2020,34,River Realignment,123.4,157.4,140.4
2021,1,Alameda,112.1,148.6,130.35
2021,2,Rio Grande Nature Center,139.9,153.3,146.6
2021,3,Los Lunas,31.8,99.8,65.80000000000001
2021,4,Belen,193.6,165.4,179.5
2021,5,Santa Ana,64.1,117.3,90.7
2021,6,Savannah,33.5,206,138.5
2021,7,Lemitar,161.6,214,187.8
2021,8,Hispanic Cultural Center,83.3,75,93.4
2021,10,Diversion,135.3,157.9,148.85
2021,11,Calabacillas,76.8,151.5,118.15
2021,12,Minnow,85,155.5,120.25
2021,13,Harrison,77.1,109.69999999999999,93.4
2021,14,Sevilleta,141.4,178.6,196
2021,15,Valencia Cleared,139.8,175.2,157.5
2021,16,Valencia Forest,83.3,146.5,128.4
2021,17,Montano,86,161.5,128.75
2021,18,Reynolds Cleared,104.1,157.10000000000002,130.60000000000002
2021,19,Reynolds Forest,126,161.6,143.79999999999998
2021,20,Route 66,76,162,119
2021,21,Badger,109.8,161.8,135.8
2021,22,Bobcat,92.8,164.3,131.55
2021,23,BioPark,119.1,60.8,108.85000000000001
2021,24,Santo Domingo,0,0,0
2021,25,Crawford,144.79999999999998,174.8,159.79999999999998
2021,26,Mesilla,81.5,167,124.5
2021,27,Bosque Farm,0,0,0
2021,28,Valle de Oro,0,0,0
2021,29,Albuquerque Overbank Project,67.6,115.8,91.7
2021,30,State Land Office,81.6,123.9,105.75
2021,31,San Jose,57,105.7,87.35
2021,32,Sandia,68.2,110.3,89.25
2021,33,Bosque del Apache,35,25.5,41
2021,34,River Realignment,192.5,40.5,191.5
2022,1,Alameda,149.5,207.5,178.5
2022,2,Rio Grande Nature Center,171.5,162,177.25
2022,3,Los Lunas,135.5,218.5,184
2022,4,Belen,125.30000000000001,195.89999999999998,161.85
2022,5,Santa Ana,145.3,260,230.15
2022,6,Savannah,154.4,260.5,207.45
2022,7,Lemitar,210.8,306.5,259.65
2022,8,Hispanic Cultural Center,0,77,77
2022,10,Diversion,94.5,166.3,151.4
2022,11,Calabacillas,130,154.5,142.25
2022,12,Minnow,105.19999999999999,156.8,131
2022,13,Harrison,107,209.3,158.15
2022,14,Sevilleta,186.7,291.5,239.1
2022,15,Valencia Cleared,159.7,219.8,211.75
2022,16,Valencia Forest,165.7,275.3,221.25
2022,17,Montano,114.5,223.5,169
2022,18,Reynolds Cleared,107.5,214,160.75
2022,19,Reynolds Forest,183.5,239.8,211.65
2022,20,Route 66,111.5,202,156.75
2022,21,Badger,106.5,204,155.25
2022,22,Bobcat,105.8,174.5,153.4
2022,23,BioPark,150,175.8,174.4
2022,24,Santo Domingo,129,208,168.5
2022,25,Crawford,214,235.5,237.75
2022,26,Mesilla,75,155,115
2022,27,Bosque Farm,0,0,0
2022,28,Valle de Oro,0,47.5,47.5
2022,29,Albuquerque Overbank Project,96.1,223.5,159.8
2022,30,State Land Office,140,117.5,153.25
2022,31,San Jose,112.2,203.3,166.5
2022,32,Sandia,133.5,199.5,172.5
2022,33,Bosque del Apache,106.3,87.3,121.8
2022,34,River Realignment,0,10,10
2023,1,Alameda,81.1,116,98.55
2023,2,Rio Grande Nature Center,138.1,150.5,144.3
2023,3,Los Lunas,67,128.8,101.9
2023,4,Belen,63.7,90.5,77.1
2023,5,Santa Ana,91.8,141,121.4
2023,6,Savannah,86.5,146.8,128.15
2023,7,Lemitar,120,151.5,137
2023,8,Hispanic Cultural Center,17,35,52
2023,10,Diversion,48.5,91.3,76.9
2023,11,Calabacillas,77,106,98
2023,12,Minnow,55.9,107.6,82.5
2023,13,Harrison,52.4,110.8,83.1
2023,14,Sevilleta,101.5,159.5,134.75
2023,15,Valencia Cleared,78,140.5,109.25
2023,16,Valencia Forest,55.5,95.7,77.6
2023,17,Montano,76.6,172.5,124.55
2023,18,Reynolds Cleared,30,52.5,57.25
2023,19,Reynolds Forest,128.5,151,139.75
2023,20,Route 66,66.8,126.8,97.3
2023,21,Badger,68.3,115,91.65
2023,22,Bobcat,35.5,67,51.25
2023,23,BioPark,100.5,100.5,107.25
2023,24,Santo Domingo,28,63,45.5
2023,25,Crawford,101.3,122.4,117.35000000000001
2023,26,Mesilla,70.5,146.5,108.5
2023,27,Bosque Farm,0,0,0
2023,28,Valle de Oro,0,85,85
2023,29,Albuquerque Overbank Project,41.5,123.5,82.5
2023,30,State Land Office,88.5,114.8,101.9
2023,31,San Jose,55.3,96.3,80.05
2023,32,Sandia,31.5,128,104.75
2023,33,Bosque del Apache,57.099999999999994,124.3,148.20000000000002
2023,34,River Realignment,12,140,152
2024,1,Alameda,11,13.5,12.25
2024,2,Rio Grande Nature Center,10,0,10
2024,3,Los Lunas,6.5,13,9.75
2024,4,Belen,16.5,20,18.25
2024,5,Santa Ana,8,14,11
2024,6,Savannah,0,0,0
2024,7,Lemitar,0,17,17
2024,8,Hispanic Cultural Center,0,0,0
2024,10,Diversion,0,16,16
2024,11,Calabacillas,8,14,11
2024,12,Minnow,7.5,13,10.25
2024,13,Harrison,19.5,22,20.75
2024,14,Sevilleta,13.5,22,17.75
2024,15,Valencia Cleared,14,27.5,20.75
2024,16,Valencia Forest,0,0,0
2024,17,Montano,0,0,0
2024,18,Reynolds Cleared,12,17,14.5
2024,19,Reynolds Forest,15,17,16
2024,20,Route 66,3.5,12,7.75
2024,21,Badger,8,11,9.5
2024,22,Bobcat,0,0,0
2024,23,BioPark,11,0,11
2024,24,Santo Domingo,0,0,0
2024,25,Crawford,20,18.5,19.25
2024,26,Mesilla,4.5,10,7.25
2024,27,Bosque Farm,0,0,0
2024,28,Valle de Oro,0,18,18
2024,29,Albuquerque Overbank Project,6.5,17,11.75
2024,30,State Land Office,15,19,17
2024,31,San Jose,15,21.5,18.25
2024,32,Sandia,6,13,9.5
2024,33,Bosque del Apache,0,0,0
2024,34,River Realignment,0,23.5,23.5
