"Site number","Site name","Latitude","Longitude","Year","Annual cottonwood leaf litterfall g m2","Annual willow leaf litterfall g m2","Annual russian olive leaf litterfall g m2","Annual saltcedar leaf litterfall g m2","Annual elm leaf litterfall g m2","Annual tree willow leaf litterfall g m2","Annual coyote leaf litterfall g m2","Annual baccharis willoe leaf litterfall g m2","Annual new mexico olive leaf litterfall g m2","Annual indigo bush leaf litterfall g m2","Annual woodfall g m2","Annual cottonwood reproductive litterfall g m2","Annual willow reproductive litterfall g m2","Annual russian olive reproductive litterfall g m2","Annual elm reproductive litterfall g m2","Annual saltcedar reproductive litterfall g m2","Annual total reproductive litterfall g m2","Annual total willow g m2","Annual total litterfall g m2"
1,"Alameda",35.1880598884,-106.646949118,1997,181.55,0.33,2.33,0.42,22.05,0,0,0,52.52,0,170,0,0,0,0,0,3.99,0.05,60.11
1,"Alameda",35.1880598884,-106.646949118,1998,163.01,1.95,0.46,0.13,12.87,0,0,0,49.45,0,109.42,0,0,0,0,0,9.57,0.25,54.16
1,"Alameda",35.1880598884,-106.646949118,1999,282.23,2.9,4.58,0.7,12.88,0,0,0,34.4,0,172.87,0,0,0,0,0,5.64,0.41,73.5
1,"Alameda",35.1880598884,-106.646949118,2000,275.12,4.78,4.06,0.52,22.74,0,0,0,29.24,0,135.24,0,0,0,0,0,6.71,0.65,69.78
1,"Alameda",35.1880598884,-106.646949118,2001,230.65,1.69,2.55,0.24,17.26,0,0,0,22.38,0,167.54,0,0,0,0,0,8.98,0.21,67.62
1,"Alameda",35.1880598884,-106.646949118,2002,185.65,0.1,28.16,0.1,13.61,0,0,0,7.68,0,136.78,0,0,0,0,0,11.63,0,61.32
1,"Alameda",35.1880598884,-106.646949118,2003,233.75,0.99,0.37,0.24,18.41,0,0,0,49.49,0,124.1,0,0,0,0,0,10.92,0.12,67.99
1,"Alameda",35.1880598884,-106.646949118,2004,221.21,1.14,0.08,0.19,10.42,0,0,0,50.45,0,153.5,0,0,0,0,0,8.95,0.14,66.64
1,"Alameda",35.1880598884,-106.646949118,2005,222.28,2.39,0.34,0.5,11.39,0,0,0,47.3,0,43.07,0,0,0,0,0,9.81,0.31,52.62
1,"Alameda",35.1880598884,-106.646949118,2006,214.24,0.46,0.42,1.64,9.41,0,0,0,42.9,0,291.44,0,0,0,0,0,15.57,0.15,89.25
1,"Alameda",35.1880598884,-106.646949118,2007,210.14,0.89,0.03,0.02,10.25,0,0,0,53.01,0,258.45,67.01,0.01,0,0,0,9.26,0.2,81.05
1,"Alameda",35.1880598884,-106.646949118,2008,237.16,6.48,6.69,0.05,6.94,0,0,0,36.34,0,137.3,32.97,0.86,0.24,0,0,5.4,0.83,67.08
1,"Alameda",35.1880598884,-106.646949118,2009,261.58,11.03,0.12,0.1,12.19,0,0,0,13.88,0,309.93,41.07,0,0.03,0,0,6.13,1.43,89.67
1,"Alameda",35.1880598884,-106.646949118,2010,208.44,0.13,0.08,0.39,10.26,0,0,0,36.74,0,371.18,67.06,0.39,0,0,0.01,9.91,0.33,94.58
1,"Alameda",35.1880598884,-106.646949118,2011,296.95,4.27,0.03,0.87,10.3,0,0,0,45.83,0.01,117.79,65.38,1.92,0,0,0,8.78,0.55,72.77
1,"Alameda",35.1880598884,-106.646949118,2012,214.23,4.98,0.04,0.31,11.94,0,0,0,48.23,0.01,107.7,21.2,0.01,0.02,0,0.01,3.29,0.64,54.88
1,"Alameda",35.1880598884,-106.646949118,2013,235.27,5.52,0.09,0.1,5.71,0,0,0,56.13,0,163.37,29.93,0.92,0.4,0,0,4.14,0.71,66.11
1,"Alameda",35.1880598884,-106.646949118,2014,193.92,7.4,1.78,0.23,17.24,0,0,0,83.3,0,130.66,42.72,1.86,0,0,0.01,7.4,1.04,71.85
1,"Alameda",35.1880598884,-106.646949118,2015,262.5,7.78,0.03,3.17,25.13,0,0,0,87.56,0,100.75,59.6,1.79,0.03,0,0,11.05,1.03,76.64
1,"Alameda",35.1880598884,-106.646949118,2016,237.81,23.41,0.03,0.06,16.39,0,0,0,57.25,0,52.97,54.62,0.73,0.47,0.08,0.01,0.67,3.04,60.56
1,"Alameda",35.1880598884,-106.646949118,2017,136.84,9.73,4.6,0.05,15.26,0,0,0,74.9,0,40.25,49.18,0.12,0.65,1.52,0.15,0.67,1.25,45.55
1,"Alameda",35.1880598884,-106.646949118,2018,227.64,5.42,0.05,0.4,11.8,0,0,0,62.82,3.89,53.97,57.94,0.01,1.14,1.58,0,8.09,0.73,58.63
1,"Alameda",35.1880598884,-106.646949118,2019,214.51,7.49,0.33,0.61,16.09,0,0,0,79.45,0.02,2398.29,27.79,3.99,0.25,0.29,0.01,4.39,0.97,359.32
1,"Alameda",35.1880598884,-106.646949118,2020,281.23,7.77,0.12,0.33,18.57,0,0,0,70.78,0.18,28.07,35.81,5.96,0.11,1.98,0.01,5.15,1,61
1,"Alameda",35.1880598884,-106.646949118,2021,231.22,11.44,0.07,0.24,19.11,0,0,0,91.21,0.08,78.5,42.46,12.85,0.04,0.7,0,6.99,1.48,65.12
1,"Alameda",35.1880598884,-106.646949118,2022,266.29,8.91,1.24,0.7,24.06,0,0,0,73.41,0.01,72.5,26.5,14.73,1.56,3.34,0.1,7.32,1.15,67.19
1,"Alameda",35.1880598884,-106.646949118,2023,230.57,10.5,0.24,0.91,19.31,10.5,0.03,0,57.61,0,193.68,31.71,8.84,0.44,1.15,0.19,5.2,1.23,74.47
1,"Alameda",35.1880598884,-106.646949118,2024,247.76,0,0.09,0.48,25.41,7.06,0.26,0.31,86.66,0.09,91.34,33.89,3.79,0.9,2.56,0.01,6.25,0.94,69.1
2,"Rio Grande Nature Center",35.1267624154,-106.688450012,1997,169.74,0.01,9.27,0.09,0.18,0,0,0,0,0,45.05,0,0,0,0,0,1.92,0,31.81
2,"Rio Grande Nature Center",35.1267624154,-106.688450012,1998,141.29,0.03,21.24,0.03,1.99,0,0,0,0.04,0,263.22,0,0,0,0,0,3.56,0,62.5
2,"Rio Grande Nature Center",35.1267624154,-106.688450012,1999,269.26,0.37,8.74,3.21,1.25,0,0,0,0,0,175.65,0,0,0,0,0,1.83,0.04,62.2
2,"Rio Grande Nature Center",35.1267624154,-106.688450012,2000,217.25,0.63,5.32,0.37,0.08,0,0,0,0.09,0,52.57,0,0,0,0,0,2.03,0.08,39.33
2,"Rio Grande Nature Center",35.1267624154,-106.688450012,2001,273.04,0.04,6.16,1.18,0.01,0,0,0,0.25,0,80.09,0,0,0,0,0,4.11,0,52.03
2,"Rio Grande Nature Center",35.1267624154,-106.688450012,2002,186.91,1.19,1.73,0.03,0,0,0,0,1.36,0,112.72,0,0,0,0,0,2.21,0.15,47.12
2,"Rio Grande Nature Center",35.1267624154,-106.688450012,2003,149.95,3.39,26.12,0,0.02,0,0,0,0,0,33.44,0,0,0,0,0,3.11,0.44,31.68
2,"Rio Grande Nature Center",35.1267624154,-106.688450012,2004,161.85,0.09,0.02,0.11,0,0,0,0,0,0,90.57,0,0,0,0,0,5.34,0.01,38.26
2,"Rio Grande Nature Center",35.1267624154,-106.688450012,2005,179.88,0.08,0,0.01,0,0,0,0,0,0,16.8,0,0,0,0,0,5.88,0.01,32.05
2,"Rio Grande Nature Center",35.1267624154,-106.688450012,2006,185.33,0.04,0.21,1.28,0,0,0,0,0,0,40.23,0,0,0,0,0,4.17,0,34.37
2,"Rio Grande Nature Center",35.1267624154,-106.688450012,2007,152.02,0.17,0.01,0.01,0.28,0,0,0,0,0,28.54,11.52,0,0.02,0,0,3.21,0.02,29.04
2,"Rio Grande Nature Center",35.1267624154,-106.688450012,2008,177.62,0,0.08,0.01,0,0,0,0,0,0,86.06,15.87,0.09,0,0,0,2.19,0,39.53
2,"Rio Grande Nature Center",35.1267624154,-106.688450012,2009,176.08,0,0,0,0,0,0,0,0,0,17.88,27.42,0.01,0,0,0,3.57,0,29.32
2,"Rio Grande Nature Center",35.1267624154,-106.688450012,2010,209.52,0,0.01,0,0,0,0,0,0,0,30.24,29.43,0,0.62,0,0,4.28,0,37.33
2,"Rio Grande Nature Center",35.1267624154,-106.688450012,2011,237.83,0,0.05,0.05,0.02,0,0,0,0,0,180.06,20.65,0,0,0,0.01,2.97,0,58.27
2,"Rio Grande Nature Center",35.1267624154,-106.688450012,2012,219.89,0,0,0.01,0,0,0,0,0,0,23,11.58,0,0,0,0,2.03,0,34.53
2,"Rio Grande Nature Center",35.1267624154,-106.688450012,2013,236.88,0.02,0,0.04,0.03,0,0,0,0,0,69.6,11.44,0.01,0.15,0,0,1.54,0,42.56
2,"Rio Grande Nature Center",35.1267624154,-106.688450012,2014,169.81,0.02,0.01,0.02,0.01,0,0,0,0,0,35.08,6.17,0,0.01,0,0,0.9,0,29.14
2,"Rio Grande Nature Center",35.1267624154,-106.688450012,2015,154.46,0.11,0.01,0.01,0.01,0,0,0,0,0,26.25,13.44,0.02,0,0,0,2.23,0.01,26.85
2,"Rio Grande Nature Center",35.1267624154,-106.688450012,2016,163.45,0.01,0.03,0.01,0.18,0,0,0,0.01,0,184.12,19.79,0,0.01,0.01,0,0.55,0,50.04
2,"Rio Grande Nature Center",35.1267624154,-106.688450012,2017,128.47,0.02,0,0.02,0.01,0,0,0,0,0,89.82,13.79,0.01,0.1,0.04,0,2.07,0,32.7
2,"Rio Grande Nature Center",35.1267624154,-106.688450012,2018,153.44,0.01,0.04,0.02,0.01,0,0,0,0,0.01,36.6,10.34,0.01,0.01,0.03,0,2,0,27.76
2,"Rio Grande Nature Center",35.1267624154,-106.688450012,2019,116.35,0,0.07,0.02,0.18,0,0,0,0.16,0,158.83,12.1,0,0.79,0.01,0.31,3.36,0,40.41
2,"Rio Grande Nature Center",35.1267624154,-106.688450012,2020,122.32,0.01,0.02,0.07,0.56,0,0,0,0.33,0.01,7.31,7.92,0.08,0.34,0.04,0.04,1.72,0,22.21
2,"Rio Grande Nature Center",35.1267624154,-106.688450012,2021,102.04,0,0.03,0.14,0.09,0,0,0,0.01,0,27.78,8.51,0,0.02,0,0.01,1.17,0,18.65
2,"Rio Grande Nature Center",35.1267624154,-106.688450012,2022,109.95,0.14,0.02,0.23,0.96,0,0,0,0.1,0,63.88,7.01,0.01,0.85,0.09,0.01,1.42,0.01,25.73
2,"Rio Grande Nature Center",35.1267624154,-106.688450012,2023,102.65,0,0.03,0.29,0.2,0,0,0,0.09,0,25.68,13.25,0,0.02,0.04,0.08,2.9,0,20.59
2,"Rio Grande Nature Center",35.1267624154,-106.688450012,2024,48.48,0,0.11,0.13,0.02,0,0,0,0.15,0,96.2,9.22,0.04,0.34,0.02,0,1.66,0,21.42
3,"Los Lunas",34.8123850767529,-106.714471968474,1997,156.15,18.34,3.29,0.02,2.92,0,0,0,0.55,0,16.68,0,0,0,0,0,0.08,2.38,27.82
3,"Los Lunas",34.8123850767529,-106.714471968474,1998,186.41,23.35,3.26,0,1.32,0,0,0,1.32,0,243.26,0,0,0,0,0,9.03,3.04,71.97
3,"Los Lunas",34.8123850767529,-106.714471968474,1999,294.84,22.74,2.9,0.02,1.52,0,0,0,1.2,0,135.88,0,0,0,0,0,2.93,2.94,65.85
3,"Los Lunas",34.8123850767529,-106.714471968474,2000,235.14,13.46,1.1,0.01,3.95,0,0,0,0.14,0,105.46,0,0,0,0,0,7.9,2.38,60.86
3,"Los Lunas",34.8123850767529,-106.714471968474,2001,377.91,25.87,2.87,0,7.62,0,0,0,0.16,0.01,56.17,0,0,0,0,0,5.73,3.38,70.69
3,"Los Lunas",34.8123850767529,-106.714471968474,2002,168.14,21.85,0.73,0.03,0.21,0,0,0,0.37,0,45.64,0,0,0,0,0,9.14,3.01,43.64
3,"Los Lunas",34.8123850767529,-106.714471968474,2003,368.64,38.16,5.19,0.01,8.62,0,0,0,0.09,0.06,83.89,0,0,0,0,0,10.63,4.98,80.2
3,"Los Lunas",34.8123850767529,-106.714471968474,2004,277.36,26.85,2.49,0.52,7.51,0,0,0,0,0.41,48.98,0,0,0,0,0,6.48,3.53,60.91
3,"Los Lunas",34.8123850767529,-106.714471968474,2005,281.56,30.18,13.25,0.01,12.4,0,0,0,2.32,0.23,86.98,0,0,0,0,0,7.2,3.94,67.27
3,"Los Lunas",34.8123850767529,-106.714471968474,2006,341.67,25.39,11,0,10.89,0,0,0,0.09,0.17,270.67,0,0,0,0,0,13.16,3.3,101.75
3,"Los Lunas",34.8123850767529,-106.714471968474,2007,308.77,30.5,20.38,0.01,20.63,0,0,0,0.02,0.01,281.22,47.88,1.42,2.57,0,0.02,7.39,3.97,97.58
3,"Los Lunas",34.8123850767529,-106.714471968474,2008,296.69,22.48,11.96,0.31,12.79,0,0,0,0,0.34,39.95,65.68,2.48,1.12,0,0,9.28,3.27,62.03
3,"Los Lunas",34.8123850767529,-106.714471968474,2009,247.28,25.98,19.33,0.1,16.04,0,0,0,0.02,0.33,62.68,72.76,1.36,0.98,0,0,10.13,3.4,63.19
3,"Los Lunas",34.8123850767529,-106.714471968474,2010,282.43,22.04,24.18,0.03,26,0,0,0,0.01,0.19,55.47,72.36,3.4,7.31,0,0,11.22,2.86,68.34
3,"Los Lunas",34.8123850767529,-106.714471968474,2011,321.6,24.54,20.25,0.04,22.94,0,0,0,0.01,4.75,35.2,62.25,1.94,8.11,0,0.15,9.6,3.68,69.28
3,"Los Lunas",34.8123850767529,-106.714471968474,2012,279.59,24.17,20.57,0.05,32.71,0,0,0,0,0.02,38.11,41.82,0.58,3.3,0,0.01,7.49,3.14,63.43
3,"Los Lunas",34.8123850767529,-106.714471968474,2013,300.24,17.27,14.41,0.02,34.59,0,0,0,5.98,0.25,112.1,54.07,1.94,3.03,0,0,7.81,2.29,73.31
3,"Los Lunas",34.8123850767529,-106.714471968474,2014,282.76,21.86,13.75,0,38.26,0,0,0,0.22,0.38,371.36,47.51,1.89,6.33,0,0,7.35,2.83,107.46
3,"Los Lunas",34.8123850767529,-106.714471968474,2015,329.78,21.54,20.43,0,38.17,0,0,0,0,0.04,22.58,37.94,1,5.14,0,0,6.24,2.81,65.57
3,"Los Lunas",34.8123850767529,-106.714471968474,2016,227.14,14.77,19.69,0.01,48.42,0,0,0,0.12,0,40.64,69.79,0.56,2.8,0.35,0,1.78,2.42,59.4
3,"Los Lunas",34.8123850767529,-106.714471968474,2017,246.74,21.34,12.27,0.26,45.39,0,0,0,0.11,0.01,51.47,19.48,0.14,2.2,0.21,0,1.15,3.11,56.5
3,"Los Lunas",34.8123850767529,-106.714471968474,2018,300.7,13.35,15.14,0.01,45.15,0,0,0,2.73,0.47,63.59,45.97,0.6,5.24,0.06,0,6.86,1.73,69.85
3,"Los Lunas",34.8123850767529,-106.714471968474,2019,422.67,25.6,16.2,0.01,44.97,0,0,0,0.01,0.26,561.89,13.25,0.04,0.19,0.25,0,1.79,3.32,145.61
3,"Los Lunas",34.8123850767529,-106.714471968474,2020,381.87,22.16,28.65,0.04,66.12,0,0,0,0.37,0.11,106.9,71.76,1.72,4.19,1.2,0.01,10.34,2.89,94.25
3,"Los Lunas",34.8123850767529,-106.714471968474,2021,373.64,23.57,30.12,0.04,64.67,0,0,0,0.34,0.03,73.69,72.56,0.83,3.7,0.59,0,10.51,3.07,89.52
3,"Los Lunas",34.8123850767529,-106.714471968474,2022,466.57,25.34,29.44,0.1,52.58,0,0,0,0.03,0.36,55.04,47.84,0.98,7.52,0.69,0.01,8.42,3.3,95.95
3,"Los Lunas",34.8123850767529,-106.714471968474,2023,259.56,5.15,16.38,0.04,57.34,5.15,19.17,0.15,0.26,0.16,75.37,6.52,0.18,3.13,0.31,0,1.27,3.23,62.36
3,"Los Lunas",34.8123850767529,-106.714471968474,2024,349.45,0,33.32,0.06,76.26,3.01,16.52,0,0.06,0.4,86.77,67.4,1.72,4.45,1.97,0,10.95,2.52,94.1
4,"Belen",34.6481124155284,-106.737727748983,1998,39.22,62.2,92.63,0,0,0,0,0,0,0,15.35,0,0,0,0,0,2.41,8.08,29.78
4,"Belen",34.6481124155284,-106.737727748983,1999,66.25,47.21,108.48,0.01,0.01,0,0,0,0,0,18.69,0,0,0,0,0,2.74,6.14,34.63
4,"Belen",34.6481124155284,-106.737727748983,2000,72.72,39.18,108.08,0,0,0,0,0,0.78,0,15.1,0,0,0,0,0,6.53,5.07,38.33
4,"Belen",34.6481124155284,-106.737727748983,2001,63.16,16.55,70.05,9.47,0,0,0,0,0.01,0,9.11,0,0,0,0,0,3.6,2.14,26.05
4,"Belen",34.6481124155284,-106.737727748983,2002,99.7,19.78,71.87,0.2,0,0,0,0,0,0,12.12,0,0,0,0,0,3.48,2.55,31.14
4,"Belen",34.6481124155284,-106.737727748983,2003,135.91,16.54,73.12,0,0.02,0,0,0,0.5,0,23.88,0,0,0,0,0,4.86,2.15,38.11
4,"Belen",34.6481124155284,-106.737727748983,2004,180.48,18.14,61.62,0,0,0,0,0,0,0,19.95,0,0,0,0,0,5.2,2.33,42.04
4,"Belen",34.6481124155284,-106.737727748983,2005,208.34,53.06,75.95,0.01,0,0,0,0,0,0,17.86,0,0,0,0,0,9.21,6.88,55.79
4,"Belen",34.6481124155284,-106.737727748983,2006,198.69,10.79,89.96,0.16,0,0,0,0,0,0,23.37,0,0,0,0,0,11.37,1.4,54.51
4,"Belen",34.6481124155284,-106.737727748983,2007,172.99,2.4,94.74,0,0,0,0,0,0,0,20.56,28.53,0.4,28.97,0,0,7.78,0.3,46.48
4,"Belen",34.6481124155284,-106.737727748983,2008,278.52,6.2,78.71,0.03,0,0,0,0,0,0,66.43,16.2,2.08,79.86,0,0.02,12.77,0.93,70.35
4,"Belen",34.6481124155284,-106.737727748983,2009,245.33,4.06,66.8,0,0.01,0,0,0,0.02,0,57.14,16.96,0.32,13.02,0,0.15,4.06,0.52,53.47
4,"Belen",34.6481124155284,-106.737727748983,2010,173.48,5.97,51.77,0.02,0.08,0,0,0,0,0.01,25.5,41.9,0.33,11.92,0,0,7.07,0.76,41.34
4,"Belen",34.6481124155284,-106.737727748983,2011,182.25,7.13,40.79,0.03,0,0,0,0,0,0.01,26.86,36.32,0.88,4.03,0,1,5.9,0.91,40.03
4,"Belen",34.6481124155284,-106.737727748983,2012,159.06,7.74,45.31,0.02,0,0,0,0,0,0,16.63,16.78,0.46,17.48,0,0,4.54,0.99,34.89
4,"Belen",34.6481124155284,-106.737727748983,2013,219.15,6.39,46.91,0,0.01,0,0,0,0,0,19.7,30.83,0.47,5.84,0,0,4.9,0.82,43.82
4,"Belen",34.6481124155284,-106.737727748983,2014,186.15,5.38,55.08,0.02,0.02,0,0,0,0,0.02,587.47,38.63,1.02,14.79,0,0,7.13,0.69,117.91
4,"Belen",34.6481124155284,-106.737727748983,2015,228.13,0.72,61.5,0,0,0,0,0,0,0,22.2,24.31,0.01,14.68,0,0,5.07,0.08,46.74
4,"Belen",34.6481124155284,-106.737727748983,2016,140.72,1.42,60.08,0.46,0.01,0,0,0,0,0,205.35,42.12,0,16.14,0,0,2.41,0.17,61.81
4,"Belen",34.6481124155284,-106.737727748983,2017,183.69,0.13,53.58,0,0.01,0,0,0,0.02,0,19.91,15.98,0.01,17.62,0.17,0,2.42,0.02,39.86
4,"Belen",34.6481124155284,-106.737727748983,2018,232.35,0.53,46.55,0,0.02,0,0,0,0.01,0,43.94,27.79,0,9.11,0,0,4.87,0.19,48.99
4,"Belen",34.6481124155284,-106.737727748983,2019,248.41,0.29,37,0,0,0,0,0,0,0.01,325.32,35.89,2.07,11.22,0.04,0,6.43,0.07,87.57
4,"Belen",34.6481124155284,-106.737727748983,2020,326.95,0.39,35.55,0.01,0.03,0,0,0,0.01,0,40.26,53.83,0.02,8.35,0.04,0.01,7.77,0.04,62.59
4,"Belen",34.6481124155284,-106.737727748983,2021,187.88,0.2,31.48,0.03,0,0,0,0,0,0,21.95,70.8,0.02,4.49,0,0,9.62,0.09,42.28
4,"Belen",34.6481124155284,-106.737727748983,2022,300.59,0.14,22.88,0,0.01,0,0,0,0,0,599.23,44.16,0,5.21,0.03,0,6.64,0.1,127.5
4,"Belen",34.6481124155284,-106.737727748983,2023,304.35,0,23.53,0,0.01,0,0.09,0.67,0,0,75.28,47.22,0,1.97,0.03,0,6.6,0.01,60.5
4,"Belen",34.6481124155284,-106.737727748983,2024,101.38,0,12.8,0.02,0.1,0,0.02,0.16,0,0,32.49,54.56,0.94,1.18,0.04,0,7.36,0,28.19
5,"Santa Ana",35.34284,-106.5458,1999,358.89,0,0,0.31,0.01,0,0,0,0,0,61.71,0,0,0,0,0,0.54,0,55.55
5,"Santa Ana",35.34284,-106.5458,2000,747.5,0,0.33,0,0,0,0,0,0,0,280.57,0,0,0,0,0,4.48,0,140.07
5,"Santa Ana",35.34284,-106.5458,2001,1065.46,0.02,0.02,1.23,0,0,0,0,0.02,0,258.85,0,0,0,0,0,4,0,179.77
5,"Santa Ana",35.34284,-106.5458,2002,848.34,0,0.01,0,0,0,0,0,0,0,60.6,0,0,0,0,0,4.62,0,123.28
5,"Santa Ana",35.34284,-106.5458,2003,715.91,0,0.01,0.03,0,0,0,0,0,0,77.14,0,0,0,0,0,6.54,0,110.2
5,"Santa Ana",35.34284,-106.5458,2004,537.82,0.01,0,0,0,0,0,0,0,0,29.97,0,0,0,0,0,2.75,0,77.37
5,"Santa Ana",35.34284,-106.5458,2005,1046.93,1.2,0,0.02,0,0,0,0,0,0,105.29,0,0,0,0,0,10.42,0.16,161.54
5,"Santa Ana",35.34284,-106.5458,2006,281.92,0,0.08,0,0,0,0,0,0,0,149.86,0,0,0,0,0,7.02,0,62.53
5,"Santa Ana",35.34284,-106.5458,2007,150.34,0,0,0,0,0,0,0,0.01,0,56.05,30.85,0,0,0,0,4.01,0,31.25
5,"Santa Ana",35.34284,-106.5458,2008,386.66,0,0,0,0,0,0,0,0,0,52.53,48.34,0,0,0,0,7.69,0,67.35
5,"Santa Ana",35.34284,-106.5458,2009,370.35,0.01,0.01,0.01,0,0,0,0,0.03,0,158.12,42.76,0.02,0,0,0,5.9,0,75.73
5,"Santa Ana",35.34284,-106.5458,2010,487.58,0.02,0,0.43,0,0,0,0,0.08,0.01,115.74,45.36,9.48,0,0,0,7.53,0,90.5
5,"Santa Ana",35.34284,-106.5458,2011,569.8,0.02,0,0.93,0.01,0,0,0,0.2,0,122.53,41.45,0.01,0,0,0,6.11,0,98.75
5,"Santa Ana",35.34284,-106.5458,2012,330.03,0.01,0,0,0.02,0,0,0,0.01,0,70.04,20.75,0,0,0,0,4.09,0,56.83
5,"Santa Ana",35.34284,-106.5458,2013,246.25,0.16,0,0.02,0,0,0,0,0,0,82.33,19.36,0,0,0,0,2.55,0.02,46.31
5,"Santa Ana",35.34284,-106.5458,2014,123.9,0.02,0.02,0,0.02,0,0,0,0.02,0,113.71,5.19,0,0,0,0,2.09,0,35.2
5,"Santa Ana",35.34284,-106.5458,2015,153.39,0.01,0,0.01,0.01,0,0,0,0.1,0.01,1131.21,14.01,0,0,0,0,4.21,0,173.28
5,"Santa Ana",35.34284,-106.5458,2016,261.41,0.29,0,0,0,0,0,0,0.09,0,2329.31,30.25,0.1,0,0,0.01,3.01,0.03,345.45
5,"Santa Ana",35.34284,-106.5458,2017,193.17,0.01,0.08,0,0,0,0,0,0.27,0,200.11,29.18,0,0.01,0.02,0,2.04,0,57.2
5,"Santa Ana",35.34284,-106.5458,2018,250.37,0,0,0.01,0,0,0,0,0.01,0.23,218.24,32.32,0,0.01,0.01,0.01,4.54,0,66.44
5,"Santa Ana",35.34284,-106.5458,2019,155.34,0.4,0.32,0,0,0,0,0,0.03,0,343.52,20.41,0,0.03,0,0,5.33,0.05,71.21
5,"Santa Ana",35.34284,-106.5458,2020,219.15,0.03,0.02,0,0,0,0,0,0.15,0,16.49,0.04,4.31,0,0,0,0.6,0,31.69
5,"Santa Ana",35.34284,-106.5458,2021,184.14,0,0.01,0.01,0,0,0,0,0.04,0.01,82.05,31.95,0,0.02,0,0,4.19,0,39.54
5,"Santa Ana",35.34284,-106.5458,2022,141.79,0,0.02,0.01,0,0,0,0,1.22,0,66.16,15.7,0,0,0.02,0,2.39,0,30.22
5,"Santa Ana",35.34284,-106.5458,2023,211.85,0,0.02,0,0,0,0,0,1.78,0,353.4,9.82,0,0,0.01,0,2.46,0,77.19
5,"Santa Ana",35.34284,-106.5458,2024,260.68,0,0,0,0,0,0.15,0,1.65,0,333.89,23.8,0,0,0,0,3.95,0.02,84.83
6,"Savannah",35.1428674147,-106.681982289,2000,88.49,5.98,32,3.71,0.34,0,0,0,0.01,0.09,176.39,0,0,0,0,0,3.53,0.77,44.9
6,"Savannah",35.1428674147,-106.681982289,2001,62.86,0.07,25.25,5.16,0.16,0,0,0,0.01,0,36.78,0,0,0,0,0,1.64,0.01,20.63
6,"Savannah",35.1428674147,-106.681982289,2002,74.34,0,14.05,5.45,0,0,0,0,0.38,0,26.92,0,0,0,0,0,1.65,0,18.93
6,"Savannah",35.1428674147,-106.681982289,2003,77.59,0.15,32.55,0.84,0,0,0,0,0.31,0,95.58,0,0,0,0,0,1.05,0.02,28.83
6,"Savannah",35.1428674147,-106.681982289,2004,55.91,0,44.46,5.64,0.1,0,0,0,0.01,0,15.06,0,0,0,0,0,2.11,0,20.18
6,"Savannah",35.1428674147,-106.681982289,2005,72.63,0.01,55.36,13.05,0,0,0,0,4.64,0,11.3,0,0,0,0,0,4.79,0,46.87
6,"Savannah",35.1428674147,-106.681982289,2006,84.02,14.23,33.5,36.09,1.23,0,0,0,0.7,0,97.56,0,0,0,0,0,3.76,1.85,46.88
6,"Savannah",35.1428674147,-106.681982289,2007,71.83,1.82,34.2,4.67,0.01,0,0,0,0.02,0.01,40.56,7.59,0,1.78,0,1.26,2,0.23,24.5
6,"Savannah",35.1428674147,-106.681982289,2008,86.7,7.26,24.17,13.5,0.48,0,0,0,0.02,0.54,24.42,19.56,0.02,3.94,0,0.02,3.97,0.96,26.97
6,"Savannah",35.1428674147,-106.681982289,2009,91.06,4.73,40.17,22.91,1.01,0,0,0,0,0,25.51,8.87,0,0.32,0,0.08,1.67,0.61,30.47
6,"Savannah",35.1428674147,-106.681982289,2010,70.81,5.22,24.56,10.94,0.18,0,0,0,1.16,0,12.47,13.64,0.02,0.28,0,0,2.01,0.68,24.25
6,"Savannah",35.1428674147,-106.681982289,2011,96.19,0.06,33.67,10.85,0.01,0,0,0,0,0.01,24.6,6.02,0.01,1.2,0,0.57,1.01,0,25.56
6,"Savannah",35.1428674147,-106.681982289,2012,106.4,3.68,54.36,21.36,0,0,0,0,0.16,0.08,14.27,8.1,0,2.27,0,0.02,1.36,0.47,30.1
6,"Savannah",35.1428674147,-106.681982289,2013,136.51,0.12,41.21,23,0.02,0,0,0,0,0.1,20.39,8.75,0,1.28,0,2.21,1.71,0.01,34.76
6,"Savannah",35.1428674147,-106.681982289,2014,98.81,1.64,36.3,18.55,0.02,0,0,0,0.13,0,40.99,10.2,0.11,2.82,0,0.55,2.12,0.26,29.46
6,"Savannah",35.1428674147,-106.681982289,2015,103.32,0.12,49.66,23.22,0.09,0,0,0,0.25,0,18.02,6.7,0.01,4.2,0,0.87,3.34,0.01,34.5
6,"Savannah",35.1428674147,-106.681982289,2016,80.29,8.76,55.66,19.07,0,0,0,0,0.12,0,16.83,10.57,0.02,3.53,0.01,0.11,1.94,1.34,30.49
6,"Savannah",35.1428674147,-106.681982289,2017,94.02,2.58,63.71,31.18,0.01,0,0,0,0.02,0,25.51,4.2,0.27,4.07,0,0,2.37,0.33,34.05
6,"Savannah",35.1428674147,-106.681982289,2018,105.75,1.05,67.67,36.51,0,0,0,0,0.01,0.01,26.93,8.42,0,3.88,0,0.55,2.21,0.13,36.54
6,"Savannah",35.1428674147,-106.681982289,2019,129.93,3.97,81.89,41.01,0.02,0,0,0,0.04,0.16,57.48,12.63,0.03,8.77,0,14.96,6.32,0.51,53.43
6,"Savannah",35.1428674147,-106.681982289,2020,135.37,4.12,87.55,42.16,0.01,0,0,0,0.03,0.08,42.56,8.7,0.94,6.41,0,2.88,2.64,0.58,45.9
6,"Savannah",35.1428674147,-106.681982289,2021,101.53,2.14,101.91,42.14,0.02,0,0,0,0.41,0.58,65.52,16.81,0.33,7.1,0.01,0.8,3.81,0.27,48.5
6,"Savannah",35.1428674147,-106.681982289,2022,110.38,0.07,64.7,42.77,0.1,0,0,0,0.75,0.01,24.44,5.42,0.02,5.27,0.18,3.83,1.95,0.07,39.22
6,"Savannah",35.1428674147,-106.681982289,2023,114.39,0.03,74.34,48.44,0.01,0.03,0.38,0,0.17,0.02,24.29,9.01,0.12,7.11,0.01,9.16,4.44,0.04,43.6
6,"Savannah",35.1428674147,-106.681982289,2024,26.98,0,8.44,3.81,0,0.01,0.01,0,0,0,11.82,2.63,0,0.24,0,0,0.42,0,8.4
7,"Lemitar",34.1670457032,-106.889953039,2000,10.86,0,0,18.49,0,0,0,0,0,0,4.39,0,0,0,0,0,0.01,0,4.54
7,"Lemitar",34.1670457032,-106.889953039,2001,24.37,0.01,0,18.72,0,0,0,0,0,0,11.77,0,0,0,0,0,0.3,0,7.63
7,"Lemitar",34.1670457032,-106.889953039,2002,20.16,0,0,11.01,0,0,0,0,0,0,5.02,0,0,0,0,0,0.88,0,6.35
7,"Lemitar",34.1670457032,-106.889953039,2003,5.14,0,0.08,0.66,0,0,0,0,0,0,2.17,0,0,0,0,0,0.16,0,1.36
7,"Lemitar",34.1670457032,-106.889953039,2004,19.39,0,0.31,13.5,0,0,0,0,0,0,0.19,0,0,0,0,0,0.01,0,4.39
7,"Lemitar",34.1670457032,-106.889953039,2005,20.83,0,0,21.98,0,0,0,0,0,0,3.3,0,0,0,0,0,0.58,0,6.74
7,"Lemitar",34.1670457032,-106.889953039,2006,22.92,0.01,0.02,20.24,0,0,0,0,0,0,29.57,0,0,0,0,0,0.41,0,10.15
7,"Lemitar",34.1670457032,-106.889953039,2007,24.16,0,0,28.57,0,0,0,0,0,0,22.1,1.82,0,0,0,0,0.81,0,11.06
7,"Lemitar",34.1670457032,-106.889953039,2008,15.1,0.02,0.02,13.57,0,0,0,0,0,0,15.62,2.76,0,0.38,0,2.65,0.98,0,7.65
7,"Lemitar",34.1670457032,-106.889953039,2009,27.73,0.15,0.01,11.63,0,0,0,0,0,0,6.87,1.89,0,0,0,0.38,0.43,0.02,11.12
7,"Lemitar",34.1670457032,-106.889953039,2010,25.81,0,1.18,26.28,0,0,0,0,0,0,1.37,2.3,0.01,3.96,0,0.03,0.83,0,9.47
7,"Lemitar",34.1670457032,-106.889953039,2011,7.39,0,0.01,9.29,0,0,0,0,0,0,3.41,2.7,0,0,0,0.52,1.56,0,4.88
7,"Lemitar",34.1670457032,-106.889953039,2012,13.71,0.01,0,23.08,0,0,0,0,0,0,34.08,0.47,0,0,0,0.48,0.4,0,10.51
7,"Lemitar",34.1670457032,-106.889953039,2013,11.98,0,0,20.34,0,0,0,0,0,0,4.07,1.86,0,0.31,0,0,0.97,0,6.33
7,"Lemitar",34.1670457032,-106.889953039,2014,13.67,0.01,0,20.53,0.01,0,0,0,0,0,2.85,0.65,0,0,0,0.49,0.17,0,6.98
7,"Lemitar",34.1670457032,-106.889953039,2015,8.03,0.01,0.02,26.94,0,0,0,0,0,0,25.42,0.5,0,0,0,0.01,0.1,0,8.43
7,"Lemitar",34.1670457032,-106.889953039,2016,3.67,0,0.01,20.86,0,0,0,0,0,0,4.33,0.54,0.02,0,0.01,0.24,0.05,0,4.4
7,"Lemitar",34.1670457032,-106.889953039,2017,4.43,0.03,0.01,15.59,0,0,0,0,0,3.37,893.52,0.53,0,1.71,0,0.01,0.25,0,120.03
7,"Lemitar",34.1670457032,-106.889953039,2018,11.44,0,0,16.56,0,0,0,0,0.01,0.15,8.39,1.34,0,0.04,0.01,0.16,0.3,0,5.99
7,"Lemitar",34.1670457032,-106.889953039,2019,9.18,0.01,0.01,6.99,0,0,0,0,0.1,0,15.17,0.63,0.01,0.21,0.02,0,0.14,0,5.05
7,"Lemitar",34.1670457032,-106.889953039,2020,4.67,0,0.01,17.47,0.01,0,0,0,0.03,0,3.82,0.6,0,0.1,0,0.04,0.29,0,4.16
7,"Lemitar",34.1670457032,-106.889953039,2021,5.16,0.02,0.01,15.23,0,0,0,0,0.55,0,20.3,0.24,0.1,0,0,0.04,0.68,0,7.33
7,"Lemitar",34.1670457032,-106.889953039,2022,4.64,0.02,0.01,13.95,0.01,0,0,0,0.01,0,37.01,1.53,0.01,0.02,0,0.02,1.36,0,14.48
7,"Lemitar",34.1670457032,-106.889953039,2023,4.92,0,0.01,19.57,0,0,0,0,0.03,0,9.93,0.53,0.01,0.1,0,0.31,1.72,0,7.84
7,"Lemitar",34.1670457032,-106.889953039,2024,2.1,0,0.02,1.63,0,0.01,0,0,0.01,0,83.71,1.23,0,0.09,0.01,0,0.45,0,13.77
8,"Hispanic Cultural Center",35.0688083802,-106.65807622,2002,287.86,14.87,13.68,0,1.11,0,0,0,0.01,0,323.06,0,0,0,0,0,12.93,2.98,99.96
8,"Hispanic Cultural Center",35.0688083802,-106.65807622,2003,914.59,8.02,44.89,1.33,32.42,0,0,0,2.83,2.08,210.56,0,0,0,0,0,13.56,1.16,174.87
8,"Hispanic Cultural Center",35.0688083802,-106.65807622,2004,547.43,6.91,23.59,0,1.32,0,0,0,0.22,0,95.41,0,0,0,0,0,8.94,0.89,99.95
8,"Hispanic Cultural Center",35.0688083802,-106.65807622,2005,368.04,14.01,0.01,0,17.96,0,0,0,1.24,0,99.54,0,0,0,0,0,7.13,1.82,76.11
8,"Hispanic Cultural Center",35.0688083802,-106.65807622,2006,456.64,20.84,0.02,0,60.53,0,0,0,0.18,7.62,101.56,0,0,0,0,0,18.44,2.7,106.05
8,"Hispanic Cultural Center",35.0688083802,-106.65807622,2007,370.9,15.15,0,0.26,21.55,0,0,0,0,0,91.82,74.21,0.46,0.17,0,0,12.71,1.96,81.68
8,"Hispanic Cultural Center",35.0688083802,-106.65807622,2008,388.89,10.33,0.1,1.69,1.97,0,0,0,0,0,42.46,96.4,8.57,0,0,0.53,14.67,1.33,78.26
8,"Hispanic Cultural Center",35.0688083802,-106.65807622,2009,602.93,13.11,0.02,0,8.81,0,0,0,0,0.31,106.55,51.84,0,0,0,0,9.38,1.69,106.77
8,"Hispanic Cultural Center",35.0688083802,-106.65807622,2010,654.74,7.71,0.3,0,0.7,0,0,0,0,0,71.96,58.06,2.83,0,0,0,9.44,0.99,109.29
8,"Hispanic Cultural Center",35.0688083802,-106.65807622,2011,758.06,14.93,0.09,0.01,2.99,0,0,0,0.03,0.11,111.33,83.66,0.31,0.01,0,0,13.89,1.94,136.7
8,"Hispanic Cultural Center",35.0688083802,-106.65807622,2012,371.43,15.65,2.74,0,3.33,0,0,0,0,0,41.62,86,0.01,0.11,0,0,11.8,2.03,71.08
8,"Hispanic Cultural Center",35.0688083802,-106.65807622,2013,363.83,10.25,0.06,0.01,0.48,0,0,0,0.23,0.85,353.04,80.13,0.12,0,0,7.08,12.04,1.31,110.07
8,"Hispanic Cultural Center",35.0688083802,-106.65807622,2014,267.27,20.66,0.01,0,6.62,0,0,0,0.01,0,56.12,55.57,0.2,0,0,0,7.61,2.69,58.96
8,"Hispanic Cultural Center",35.0688083802,-106.65807622,2015,371.95,14.98,0.23,0,11.14,0,0,0,0.02,0.48,49.78,64.91,0.99,0.01,0,0,8.93,1.99,71.28
8,"Hispanic Cultural Center",35.0688083802,-106.65807622,2016,359.72,7.08,0.22,0,19.14,0,0,0,0.17,0.01,109.99,107.52,0.01,0.01,0.09,0,0.48,0.92,81.71
8,"Hispanic Cultural Center",35.0688083802,-106.65807622,2017,301.02,7.65,0.59,0,16.26,0,0,0,0.26,0.23,69.33,47.73,0.65,0.01,1.03,0,1.06,1.33,61.23
8,"Hispanic Cultural Center",35.0688083802,-106.65807622,2018,356.74,10.55,0.3,0.01,21.18,0,0,0,1.05,0.11,373.85,53.41,0.02,0.93,0.48,0,6.91,1.36,112.72
8,"Hispanic Cultural Center",35.0688083802,-106.65807622,2019,267.68,14.57,1.05,0.01,43.03,0,0,0,0.81,0.47,81.98,62.95,2.07,0,0.55,0,9.56,1.9,67.81
8,"Hispanic Cultural Center",35.0688083802,-106.65807622,2020,288.22,16.25,1.31,0.02,36.21,0,0,0,1.25,0.38,379.34,72.36,2.14,0.34,1.81,0.01,9.77,2.09,109.16
8,"Hispanic Cultural Center",35.0688083802,-106.65807622,2021,275.06,16.33,0.79,0.07,41.49,0,0,0,2.61,0.02,1369.13,79.31,2.6,1.92,0.03,0,10.13,2.17,237.61
8,"Hispanic Cultural Center",35.0688083802,-106.65807622,2022,122.44,0.16,0.08,0,0.16,0,0,0,0,0,0.08,0.08,0,0,0,0,0,0.02,16.7
8,"Hispanic Cultural Center",35.0688083802,-106.65807622,2023,274.79,0,0,0.08,2.31,0,0,0,0,0,8.09,35.63,0,0,0.93,0,0.52,0.02,44.5
8,"Hispanic Cultural Center",35.0688083802,-106.65807622,2024,21.62,0,0,0,0.08,0.08,0,0,0,0.08,2.77,0.08,0,0,0.08,0,0.01,0,3.45
9,"Ohkay Owingeh",36.0618,-106.0761,2002,121.02,0.03,0.16,0,0.16,0,0,0,0.12,0,184.83,0,0,0,0,0,1.86,0,42.78
9,"Ohkay Owingeh",36.0618,-106.0761,2003,206.95,0.6,0.08,0,0.18,0,0,0,0.01,0,25.87,0,0,0,0,0,11.79,0.07,43.85
9,"Ohkay Owingeh",36.0618,-106.0761,2004,122.29,3.79,0.72,0,0.08,0,0,0,0,0,33.59,0,0,0,0,0,7.4,0.49,30.2
9,"Ohkay Owingeh",36.0618,-106.0761,2005,116.3,7.62,3.71,0.02,0,0,0,0,0,0,44.4,0,0,0,0,0,11.82,0.98,38.41
9,"Ohkay Owingeh",36.0618,-106.0761,2006,85.46,18.4,3.06,0,0.23,0,0,0,0,0,47.58,0,0,0,0,0,4.94,2.39,30.98
9,"Ohkay Owingeh",36.0618,-106.0761,2007,105.41,19.8,0.57,0,0.36,0,0,0,4.09,0.23,74.36,19.01,5.81,0.01,0,0,4.15,2.57,36.15
9,"Ohkay Owingeh",36.0618,-106.0761,2008,129.39,16.85,3.09,2.33,0.03,0,0,0,0.01,0,334.42,19.56,4.42,0.01,0,0.02,3.69,2.19,72.41
9,"Ohkay Owingeh",36.0618,-106.0761,2009,108.37,23.79,0.06,0.02,0.59,0,0,0,14.34,0,44.1,15.95,1.36,0,0,0.02,3.61,3.49,36.13
9,"Ohkay Owingeh",36.0618,-106.0761,2010,33.75,2.01,0.02,1.69,0.01,0,0,0,0,0,25.23,9.74,0.01,0,0,0,7.03,0.25,23.68
9,"Ohkay Owingeh",36.0618,-106.0761,2011,16.24,8.98,0.04,0,0,0,0,0,0.17,0,27.8,5.12,1.33,0,0,0,6.01,1.16,21.14
9,"Ohkay Owingeh",36.0618,-106.0761,2012,17.53,15.23,0.37,0.02,0,0,0,0,0.31,0.01,48.49,8.22,1.94,0,0,0,4.17,1.98,23.93
9,"Ohkay Owingeh",36.0618,-106.0761,2013,13.62,22,0.49,0,1.93,0,0,0,7.2,0.01,544.39,3.37,2.01,0.01,0,0.01,1.32,2.84,85.57
9,"Ohkay Owingeh",36.0618,-106.0761,2014,11.64,24,1.3,0.09,0.76,0,0,0,0.79,4.86,177.56,2.47,3.78,0,0,0,2.11,3.1,67.84
9,"Ohkay Owingeh",36.0618,-106.0761,2015,8.18,37.73,1.11,0.04,5.07,0,0,0,0.17,0.02,12.86,2.53,9.12,0.01,0,0,3,4.93,21.97
10,"Diversion",35.1916189224,-106.643382687,2003,103.35,7.93,4.62,3.32,49.94,0,0,0,0.25,0.02,109.47,0,0,0,0,0,3.48,1.16,40.76
10,"Diversion",35.1916189224,-106.643382687,2004,52.55,3.31,11.7,3.71,22.96,0,0,0,0,0,29.27,0,0,0,0,0,2.48,0.41,19.24
10,"Diversion",35.1916189224,-106.643382687,2005,117.66,7.76,8.38,6.86,71.78,0,0,0,0.01,0.9,126.28,0,0,0,0,0,2.33,1.01,47.58
10,"Diversion",35.1916189224,-106.643382687,2006,80.57,8.79,6.59,20.88,34.81,0,0,0,5.94,0,159.83,0,0,0,0,0,3.56,1.13,46.07
10,"Diversion",35.1916189224,-106.643382687,2007,124.84,16.51,5.55,7.01,51.85,0,0,0,5.78,0,81.39,17.18,0.12,0,0,0,2.33,2.13,44.44
10,"Diversion",35.1916189224,-106.643382687,2008,134.4,25.27,2,8.55,46.1,0,0,0,0.02,0,96.51,9.15,0.19,1.99,0,3.78,2.31,3.28,50.42
10,"Diversion",35.1916189224,-106.643382687,2009,90.63,28.23,7.77,0.95,53.97,0,0,0,0.64,0,65.5,25.48,0.56,0.01,0,0,3.86,3.65,38.98
10,"Diversion",35.1916189224,-106.643382687,2010,122.99,10.14,3.13,2.87,47.43,0,0,0,0.48,0,176.78,18.45,0.02,0.32,0,0.23,3.37,1.29,54.08
10,"Diversion",35.1916189224,-106.643382687,2011,92.51,7.94,4.57,2.35,46.06,0,0,0,0.32,0.08,91.52,3.2,0.52,4.7,0,0.03,2.15,1.05,36.64
10,"Diversion",35.1916189224,-106.643382687,2012,58.87,9.9,13.58,6.19,62.7,0,0,0,0.01,0.08,149.9,6.93,1.59,0.9,0,0.08,2.07,1.27,44.06
10,"Diversion",35.1916189224,-106.643382687,2013,79.73,10.51,15.6,9.67,42.34,0,0,0,0.05,0,104.72,2.84,1.8,4.15,0,0.14,2.21,1.36,39.86
10,"Diversion",35.1916189224,-106.643382687,2014,55.53,14.29,13.01,5.6,49.56,0,0,0,0.09,0,64.66,9.8,1.21,2.2,0,0.7,2.8,1.84,33.09
10,"Diversion",35.1916189224,-106.643382687,2015,83.1,22.43,24.1,6.14,74.36,0,0,0,0.17,0.01,103.67,21.06,2.83,7.43,0,0.69,5.84,2.89,49.26
10,"Diversion",35.1916189224,-106.643382687,2016,57.92,25.66,27.11,5.93,96.47,0,0,0,0.44,0.02,441.18,17.51,3.28,7.2,0.12,0.57,2.58,3.38,93.06
10,"Diversion",35.1916189224,-106.643382687,2017,82.92,27.15,19.28,11.37,106.3,0,0,0,0.34,0.01,149.02,20.55,4.41,3.28,2.9,0.02,1.83,3.94,58.87
10,"Diversion",35.1916189224,-106.643382687,2018,68.99,23.25,12.94,15.66,68.55,0,0,0,0.73,0.21,130.78,15.79,1.85,8.2,9.08,0,5.26,3,54.59
10,"Diversion",35.1916189224,-106.643382687,2019,146.59,42.57,33.34,16.99,159.18,0,0,0,1.39,0.16,66.29,8.62,2.53,3.55,2.08,1.47,4.06,5.52,67.74
10,"Diversion",35.1916189224,-106.643382687,2020,209.79,18.4,18.67,12.93,102.75,0,0,0,2.63,0.05,121.93,26.25,4.99,8.16,9.59,1.41,6.5,2.36,72.82
10,"Diversion",35.1916189224,-106.643382687,2021,171.99,34.9,18.68,14.33,133.42,0,0,0,1.66,0.14,161.33,29.92,2.98,3.82,0.75,0.03,5,4.53,77.29
10,"Diversion",35.1916189224,-106.643382687,2022,191.27,17.49,20.38,14.25,88.15,0,0,0,6.8,0.08,114.8,10.65,2.31,2.89,2.52,1.67,3.33,2.27,65.45
10,"Diversion",35.1916189224,-106.643382687,2023,205.14,5.58,15.87,14.61,128.66,5.58,14.76,0.01,0.81,0.01,166.34,16.6,1.8,14.45,3.29,5.28,4.87,4.68,82.71
10,"Diversion",35.1916189224,-106.643382687,2024,279.52,0,14.2,15.17,155.69,13.25,10.08,0,3.03,0.13,463.22,29.02,2.53,2.45,4.57,3.39,5.42,2.79,135.16
11,"Calabacillas",35.1946222612,-106.646350963,2003,387.71,5.38,15.23,10.62,40.07,0,0,0,12.41,0.02,76.75,0,0,0,0,0,5.58,0.69,77.85
11,"Calabacillas",35.1946222612,-106.646350963,2004,374.56,10.09,18.19,11.47,51.91,0,0,0,5.4,0,116.83,0,0,0,0,0,10.45,1.31,87.97
11,"Calabacillas",35.1946222612,-106.646350963,2005,451.81,8.99,2.36,0.52,10.44,0,0,0,17.83,0,171.82,0,0,0,0,0,5.42,1.16,92.67
11,"Calabacillas",35.1946222612,-106.646350963,2006,491.56,6.24,0.67,0.14,17.29,0,0,0,13.74,0,147.17,0,0,0,0,0,11.37,0.79,101.37
11,"Calabacillas",35.1946222612,-106.646350963,2007,255.92,37.47,1.94,0.24,10.59,0,0,0,2.85,0.01,201.66,35.93,0.02,1.01,0,0.01,5.91,4.88,76.89
11,"Calabacillas",35.1946222612,-106.646350963,2008,230.87,9.45,1.59,0.06,32.4,0,0,0,26.34,0.02,58.37,36.64,1.82,0.56,0,0,5.16,1.22,53.52
11,"Calabacillas",35.1946222612,-106.646350963,2009,340.97,5.44,1.43,0.18,26.58,0,0,0,20.59,0,28.67,92.85,1.33,1.32,0,0,12.92,0.69,69.18
11,"Calabacillas",35.1946222612,-106.646350963,2010,436.63,4.13,1.8,0.23,10.35,0,0,0,29.4,0.03,28.33,72.34,1.25,0.04,0,0.48,10.4,0.52,78.79
11,"Calabacillas",35.1946222612,-106.646350963,2011,383.31,3.49,1.02,0.26,9.64,0,0,0,17.51,0.02,338.69,80.95,0.93,0.4,0,0.01,11.13,0.43,112.99
11,"Calabacillas",35.1946222612,-106.646350963,2012,646.85,6.16,0.8,0.09,23.68,0,0,0,21.47,0.08,85.11,46.09,0.01,0.86,0,0,6.22,0.79,109.35
11,"Calabacillas",35.1946222612,-106.646350963,2013,568.32,5.63,0.72,0.1,21.34,0,0,0,9.81,0,92.63,40.51,1.78,0.3,0,0,7.61,0.72,100.6
11,"Calabacillas",35.1946222612,-106.646350963,2014,379.45,16.39,0.34,0.85,36.6,0,0,0,18.35,0.03,24.62,39.34,0,1.48,0,0.01,5.89,2.15,74.64
11,"Calabacillas",35.1946222612,-106.646350963,2015,315.39,5.71,1.47,0.31,31.02,0,0,0,18.63,0.24,50.14,53.5,0.12,0.63,0,0.02,9.57,0.73,66.69
11,"Calabacillas",35.1946222612,-106.646350963,2016,457.08,5.23,1.85,0.3,30.7,0,0,0,22.52,0,48.14,84.85,1.11,0.18,0.15,0.01,0.84,0.67,88.07
11,"Calabacillas",35.1946222612,-106.646350963,2017,201.95,14.2,5.3,0.12,23.61,0,0,0,10.73,0,24.76,68.47,0,0.17,0.35,0,0.77,1.84,47.46
11,"Calabacillas",35.1946222612,-106.646350963,2018,216.92,5.09,2.36,1.12,25.14,0,0,0,11.18,13.2,36,61.72,0.02,0.06,0.35,0,7.84,0.66,48.43
11,"Calabacillas",35.1946222612,-106.646350963,2019,261.61,8.54,2.21,0.52,48.53,0,0,0,27.09,0,38.04,45.1,0.11,0.17,0.15,0.03,6.4,1.1,62.58
11,"Calabacillas",35.1946222612,-106.646350963,2020,277.9,9.61,2.24,0.41,28.51,0,0,0,24.44,0.46,32.55,46.58,3.85,0.91,1.57,0.77,7.71,1.24,59.84
11,"Calabacillas",35.1946222612,-106.646350963,2021,164.26,4.76,1.94,0.73,29.43,0,0,0,28.86,0.1,65.58,73.23,4.58,0.44,0.43,0.01,10.19,0.67,49.54
11,"Calabacillas",35.1946222612,-106.646350963,2022,147.6,3.85,2.36,0.6,24.48,0,0,0,24.87,0,38.03,39.76,2.47,0.79,1.44,0,5.62,0.5,38.39
11,"Calabacillas",35.1946222612,-106.646350963,2023,185.18,3.75,2.7,0.07,1.91,3.75,0.01,0,30.63,0.01,129.85,44.54,2.39,0.1,0.07,0.08,6.22,0.48,54.25
11,"Calabacillas",35.1946222612,-106.646350963,2024,81.24,0,0.27,0.03,0.02,0,0,0,0.04,0,20.07,0.69,0.01,0.11,0.02,0,0.12,0,14.11
12,"Minnow",35.1972256042,-106.644122231,2006,148.54,3.98,1.2,0,0.16,0,0,0,0,0.02,44.17,0,0,0,0,0,0.03,0.52,26.97
12,"Minnow",35.1972256042,-106.644122231,2007,271.45,4.87,6.16,0.01,0.1,0,0,0,0.03,1,48.59,32.26,0.03,0.18,0,0,4.43,0.62,48.97
12,"Minnow",35.1972256042,-106.644122231,2008,330.02,6,6.28,0.01,0,0,0,0,0.01,0.01,139.45,76.29,0.18,0.17,0,0,10.17,0.76,80.98
12,"Minnow",35.1972256042,-106.644122231,2009,466.2,5.61,16.87,0.07,0.02,0,0,0,0.09,0,81.85,74.63,0.06,1.7,0,0,10.39,0.72,90.49
12,"Minnow",35.1972256042,-106.644122231,2010,703.93,6.09,22.87,0.05,0.41,0,0,0,0,0.11,68.17,80.5,0.04,9.08,0,0.01,12.79,0.77,125.01
12,"Minnow",35.1972256042,-106.644122231,2011,576.57,5.43,6.9,1.89,0.12,0,0,0,0,0.02,245.61,95.39,0.44,0.61,0,0.02,12.87,0.71,128.27
12,"Minnow",35.1972256042,-106.644122231,2012,452.11,7.67,13.81,0.07,0.27,0,0,0,0.02,0.01,175.27,45.01,0,2.92,0,0,8.43,0.98,94.21
12,"Minnow",35.1972256042,-106.644122231,2013,825.57,4.53,3.46,0.22,0.02,0,0,0,0.01,0,189.23,49.32,0.02,2.15,0,0,11.81,0.58,149.64
12,"Minnow",35.1972256042,-106.644122231,2014,392.76,9.46,11.33,2.12,0.46,0,0,0,0.03,1.79,109.03,68,0.1,0.49,0,0.01,9.07,1.21,87.35
12,"Minnow",35.1972256042,-106.644122231,2015,402.7,2.04,20.42,0.45,1.7,0,0,0,0.02,0,89.18,70.33,0,0.28,0,0,9.31,0.25,79.18
12,"Minnow",35.1972256042,-106.644122231,2016,587.18,4.4,27.71,0.68,4.24,0,0,0,0,0,96.83,92.4,0.01,11.17,0.01,0.01,1.9,0.55,113.48
12,"Minnow",35.1972256042,-106.644122231,2017,297.18,5.54,13.52,0.61,12.59,0,0,0,0.04,0,86.26,84.99,0.01,11.72,0.24,0.01,2.63,1.72,71.08
12,"Minnow",35.1972256042,-106.644122231,2018,274.96,4.03,12.71,0.57,6.17,0,0,0,0.02,0,90.56,59.83,0.04,9.71,0.01,0.01,9.13,0.51,62.67
12,"Minnow",35.1972256042,-106.644122231,2019,320.68,3.31,25.93,1.15,11.78,0,0,0,0.03,0,814.86,40.39,0.33,9.6,0.1,0.04,6.63,0.42,161.64
12,"Minnow",35.1972256042,-106.644122231,2020,244.86,4.3,21.97,1.28,10.12,0,0,0,0.01,0,51.8,64.45,0.03,9.93,0.18,0.03,9.87,0.55,55.25
12,"Minnow",35.1972256042,-106.644122231,2021,264.67,2.81,26.57,0.64,8.92,0,0,0,0.02,0.02,185.08,83.17,0.28,5.99,0.17,0,11.66,0.35,77.39
12,"Minnow",35.1972256042,-106.644122231,2022,241.34,2.9,15.36,1.67,8.4,0,0,0,0.03,0,47.29,52.27,0.07,6.76,0.89,0.01,7.54,0.37,51.69
12,"Minnow",35.1972256042,-106.644122231,2023,240.03,0.67,38.28,0.64,11.73,0.67,0.02,0,0.05,0.02,60.72,123.64,0.05,11.74,0.14,0.24,17.77,0.24,66.37
12,"Minnow",35.1972256042,-106.644122231,2024,221.16,0,16.62,1.45,9.16,6.31,0.02,0,0.11,0.02,52.47,96.68,1.43,1.49,0.63,0.01,13.08,0.81,54.74
13,"Harrison",35.0150622305,-106.673722917,2003,6.93,55.3,8.02,0.77,0,0,0,0,0,0,22.46,0,0,0,0,0,1.04,7.19,14.37
13,"Harrison",35.0150622305,-106.673722917,2004,4.64,55.4,5.07,5.64,0.87,0,0,0,0,0,27.2,0,0,0,0,0,1.49,7.62,15.41
13,"Harrison",35.0150622305,-106.673722917,2005,10.03,67.69,8.37,5.41,0.01,0,0,0,0,0.24,14.29,0,0,0,0,0,0.1,9,14.42
13,"Harrison",35.0150622305,-106.673722917,2006,18.27,93.07,8.56,4.27,0.35,0,0,0,0,0,10.89,0,0,0,0,0,2.19,12.1,20.83
13,"Harrison",35.0150622305,-106.673722917,2007,29.21,107.55,34.45,5.43,0.57,0,0,0,0,0,25.48,0.12,7.68,4.5,0,0,2.05,14.22,30.37
13,"Harrison",35.0150622305,-106.673722917,2008,33.2,72.59,31.02,3.28,1.29,0,0,0,0.08,0,28.97,10.57,0.02,3.63,0,0.55,2.64,10.21,27.43
13,"Harrison",35.0150622305,-106.673722917,2009,27.97,71.25,44.06,4.94,0.44,0,0,0,0,0,21.96,2.09,9.44,25.54,0,3.66,5.95,9.37,31.04
13,"Harrison",35.0150622305,-106.673722917,2010,46.48,76.51,40,5.4,2,0,0,0,0,0,22.76,2.16,7.91,14.9,0,0.92,3.54,9.96,30.71
13,"Harrison",35.0150622305,-106.673722917,2011,52.96,51.97,63.38,4.26,1.42,0,0,0,0,0,24.11,3.19,10.74,34.3,0,0.4,6.45,7.7,34.47
13,"Harrison",35.0150622305,-106.673722917,2012,55.45,30.47,32.32,0.82,2.31,0,0,0,0,0.01,11.2,6.01,0.12,17.85,0,0,3.6,4.03,22.1
13,"Harrison",35.0150622305,-106.673722917,2013,95.21,27,31.45,3.47,1.08,0,0,0,0.01,0.01,68.18,2.68,0.58,13.76,0,0.02,3.14,3.81,34.56
13,"Harrison",35.0150622305,-106.673722917,2014,168.11,34.83,52.37,0.24,2.41,0,0,0,0,0,48.83,11.31,1.03,9.58,0,0.01,3.49,4.87,45.41
13,"Harrison",35.0150622305,-106.673722917,2015,206.62,35.61,82.12,0.39,5.69,0,0,0,0.03,0,20.77,12.51,9.64,14.75,0,0.38,5.18,4.62,53.09
13,"Harrison",35.0150622305,-106.673722917,2016,128.18,33.8,92.41,0.16,5.8,0,0,0,0.01,0,17.14,32.18,4.37,30.47,0,0,4.6,4.67,47.5
13,"Harrison",35.0150622305,-106.673722917,2017,183.09,26.63,62.53,0.05,5.85,0,0,0,0.02,0,66.81,7.21,0.84,9.23,1.03,0,1.82,4.9,51.09
13,"Harrison",35.0150622305,-106.673722917,2018,193.4,21.43,69.06,0.53,10.5,0,0,0,1.73,0.01,49.77,29.85,2.21,16.57,0.55,0.01,6.6,3.14,56.58
13,"Harrison",35.0150622305,-106.673722917,2019,218.7,34.01,65.2,0.21,9.42,0,0,0,0.01,0.01,36.06,31.86,0.26,7.19,0.02,0,5.19,4.44,54.67
13,"Harrison",35.0150622305,-106.673722917,2020,236.32,18.53,57.4,0.6,8.11,0,0,0,0.01,0,27.74,48.95,4.41,10.66,0.08,0,8.37,2.42,56.92
13,"Harrison",35.0150622305,-106.673722917,2021,192.76,19.39,84.7,0.61,8.23,0,0,0,0.24,0.08,22.94,42.6,2.71,14.53,0,0,7.76,2.52,53.59
13,"Harrison",35.0150622305,-106.673722917,2022,257.74,11.72,72.61,0.21,23.83,0,0,0,1.85,0.01,46.52,28.2,1.6,20.79,0.07,0,6.3,1.54,62.52
13,"Harrison",35.0150622305,-106.673722917,2023,287.76,17.08,72.29,0.67,18.05,17.08,5.03,0.01,0,0.02,87.6,36.82,0.8,9.43,0.12,0.04,5.25,2.93,74.05
13,"Harrison",35.0150622305,-106.673722917,2024,223.77,0,51.13,0.32,15.74,0.01,11.42,0,0.7,0,42.03,61.53,0.7,7.43,1.1,0.01,9.28,1.45,58.04
14,"Sevilleta",34.2586573236,-106.883372761,2003,118.34,4.32,27.74,38.14,0,0,0,0,0,0.12,20.85,0,0,0,0,0,0.16,0.57,27.58
14,"Sevilleta",34.2586573236,-106.883372761,2004,163.98,1.85,44.47,35.54,0,0,0,0,0.62,0.05,50.4,0,0,0,0,0,2.88,0.23,42.12
14,"Sevilleta",34.2586573236,-106.883372761,2005,201.73,2.94,51.62,47.84,0,0,0,0,0,0.01,38.38,0,0,0,0,0,4.28,0.38,50.23
14,"Sevilleta",34.2586573236,-106.883372761,2006,180.27,3.18,77.66,37.66,0,0,0,0,0,0.59,47.53,0,0,0,0,0,4.07,0.41,50.26
14,"Sevilleta",34.2586573236,-106.883372761,2007,242.92,2.68,94.02,46.76,0,0,0,0,0,0.16,65.79,28.28,0.11,7.41,0,1.96,5.18,0.35,65.75
14,"Sevilleta",34.2586573236,-106.883372761,2008,333.48,9.2,51.07,68.48,0,0,0,0,0,0.65,55.68,10.93,0.06,4.27,0,5.04,2.86,1.42,72.15
14,"Sevilleta",34.2586573236,-106.883372761,2009,160.6,0.81,53.38,56.46,0,0,0,0,0.01,0.08,41.91,40.46,0,9.25,0,0.62,6.56,0.1,48.59
14,"Sevilleta",34.2586573236,-106.883372761,2010,297.89,0.84,89.33,67.92,0,0,0,0,0.02,0.26,64.25,37.36,0.12,16.7,0,11.31,8.56,0.09,77.85
14,"Sevilleta",34.2586573236,-106.883372761,2011,213.05,0.74,35.32,44.72,0.01,0,0,0,0.09,0,52.39,31,0.01,2.87,0,2,4.85,0.23,51.77
14,"Sevilleta",34.2586573236,-106.883372761,2012,220.05,0.27,32.29,99.1,0.08,0,0,0,0.62,0,47.96,15.98,0,0.42,0,2.27,2.43,0.03,55.56
14,"Sevilleta",34.2586573236,-106.883372761,2013,220.18,1.43,23.93,78.28,0.01,0,0,0,0,0.01,20.53,10.14,0,1.5,0,2.72,1.98,0.18,48.04
14,"Sevilleta",34.2586573236,-106.883372761,2014,222.18,4.09,21.53,132.89,0,0,0,0,2,0.06,62.53,8.6,0.02,0.03,0,3.7,2.07,0.52,64.14
14,"Sevilleta",34.2586573236,-106.883372761,2015,302.47,0.47,31.77,127.19,0.08,0,0,0,0.02,0.01,43.5,11.8,0.18,0.14,0,7.81,2.58,0.05,69.47
14,"Sevilleta",34.2586573236,-106.883372761,2016,197.22,3.44,16.19,135.83,0.16,0,0,0,0.2,0,68.25,35.76,0.01,0.3,0,0.07,0.05,0.6,61.12
14,"Sevilleta",34.2586573236,-106.883372761,2017,212.34,5.74,21.74,79.47,0,0,0,0,0.26,0,1179.15,31.91,0.01,0.07,0,0.02,0.06,0.77,201.19
14,"Sevilleta",34.2586573236,-106.883372761,2018,256.68,0.19,31.9,117.56,0.01,0,0,0,0.18,0,100.18,41.34,0.01,1.55,0,0.02,5.83,0.07,67.37
14,"Sevilleta",34.2586573236,-106.883372761,2019,240.65,0.37,29.81,77.04,0,0,0,0,2.25,0.01,103.73,30.86,0.06,0.47,0,17.73,6.39,0.04,68.47
14,"Sevilleta",34.2586573236,-106.883372761,2020,201.71,0.73,25.5,83.77,0,0,0,0,5.94,1.86,812.57,25.03,0.01,2.02,0.01,0,3.51,0.09,152.84
14,"Sevilleta",34.2586573236,-106.883372761,2021,241.14,0.24,37.23,59.9,1.39,0,0,0,6.48,0.02,96.42,31.08,0.05,3.06,0,2.23,4.78,0.02,63.46
14,"Sevilleta",34.2586573236,-106.883372761,2022,226.88,0.05,39.88,45.38,0,0,0,0,8.18,0.02,55.83,25.74,0.08,2.23,0.02,0.02,3.91,0,53.48
14,"Sevilleta",34.2586573236,-106.883372761,2023,241.63,0.02,49.77,66.53,0,0.02,0,0,7.17,0,67.93,50.38,0.01,2,0.03,1.81,7.37,0,65.19
14,"Sevilleta",34.2586573236,-106.883372761,2024,235.81,0,42.32,70.8,0,0.1,0.26,0,9.35,0,210.04,61.18,0,7.34,0.02,2.95,9.49,0.04,85.82
15,"Valencia Cleared",34.6486505386211,-106.739180486447,2003,34.32,0.06,2.76,5.21,2.25,0,0,0,0,0,5.54,0,0,0,0,0,0,0,6.68
15,"Valencia Cleared",34.6486505386211,-106.739180486447,2004,76.17,7.37,11.47,1.18,0,0,0,0,0,0.02,48.96,0,0,0,0,0,6.76,0.95,27.09
15,"Valencia Cleared",34.6486505386211,-106.739180486447,2005,56.14,5.78,13.03,7.49,0.01,0,0,0,0,0,18.35,0,0,0,0,0,5.86,0.74,52.32
15,"Valencia Cleared",34.6486505386211,-106.739180486447,2006,88.52,10.29,19.16,9.71,0,0,0,0,0.08,0.01,86.08,0,0,0,0,0,8.74,1.32,45.77
15,"Valencia Cleared",34.6486505386211,-106.739180486447,2007,73.36,15.74,22.17,9.52,0.01,0,0,0,0,0,24.85,25.28,3.11,0.97,0,0.11,5.99,2.11,28.59
15,"Valencia Cleared",34.6486505386211,-106.739180486447,2008,106.12,9.92,1.74,0.93,0.01,0,0,0,0,0,290.06,29.63,1.94,0.1,0,2.69,6.79,1.28,71.82
15,"Valencia Cleared",34.6486505386211,-106.739180486447,2009,105.16,11,1.6,9.69,0.09,0,0,0,0.25,0,13.86,10.3,2.04,0.02,0,0.01,3.62,1.42,26.74
15,"Valencia Cleared",34.6486505386211,-106.739180486447,2010,53.34,3.9,2.86,17.8,0,0,0,0,0,0.01,18.85,28.93,3.73,0.29,0,0.71,8.91,0.99,136.42
15,"Valencia Cleared",34.6486505386211,-106.739180486447,2011,117.17,6.98,7.26,44.46,0.24,0,0,0,0.31,0.03,137.12,40.38,2.38,0.69,0,4.01,17.31,0.89,63.94
15,"Valencia Cleared",34.6486505386211,-106.739180486447,2012,135.68,17.8,0.9,2.39,0.01,0,0,0,0.55,0,44.98,24.96,2.29,0.01,0,0,5.16,2.3,39.02
15,"Valencia Cleared",34.6486505386211,-106.739180486447,2013,119.16,21.9,0.5,0.05,0.02,0,0,0,0,0,99.28,38.37,1.9,0.04,0,0.02,7.58,2.83,44.28
15,"Valencia Cleared",34.6486505386211,-106.739180486447,2014,101.61,23.62,0.59,0.36,0.01,0,0,0,0.19,0,20.58,43.96,8.6,0.01,0,0.01,7.9,3.06,45.54
15,"Valencia Cleared",34.6486505386211,-106.739180486447,2015,93.33,20.57,1.07,9.36,0.01,0,0,0,0.01,0,308.48,17.82,5.81,0.03,0,0.15,4.7,2.78,68.68
15,"Valencia Cleared",34.6486505386211,-106.739180486447,2016,46.66,22.34,1.28,13.34,3.43,0,0,0,9.65,0.15,38.7,36.89,1.06,0.19,0,0.02,0.96,2.89,29.09
15,"Valencia Cleared",34.6486505386211,-106.739180486447,2017,64.81,17.27,2.93,11.61,12.56,0,0,0,13.78,0,22.43,15.22,0.72,0.49,0.01,1.92,1.2,2.22,29.48
15,"Valencia Cleared",34.6486505386211,-106.739180486447,2018,94.27,10.51,10.91,22.28,7.31,0,0,0,8.65,1.87,19.5,41.28,2.59,1.14,0.05,0.01,8.48,1.35,42.49
15,"Valencia Cleared",34.6486505386211,-106.739180486447,2019,107.62,19.21,12.14,31.03,0.81,0,0,0,1.11,0,24.65,17.86,1.06,1.9,0.05,4.02,5.68,2.66,46.17
15,"Valencia Cleared",34.6486505386211,-106.739180486447,2020,127.23,20.34,14.27,25.59,0.17,0,0,0,4.7,0.01,38.82,25.36,3.65,11.1,0.27,0.01,5.9,5.05,46.14
15,"Valencia Cleared",34.6486505386211,-106.739180486447,2021,129,25.46,25.84,28.94,0.01,0,0,0,5.35,0.03,34.41,40.87,2.44,13.77,0,1.95,8.44,3.3,51.14
15,"Valencia Cleared",34.6486505386211,-106.739180486447,2022,133.45,31.17,16.54,31.19,0.52,0,0,0,0,0.22,23.28,37.47,2.29,9.84,0.08,4.22,7.38,4.04,50.19
15,"Valencia Cleared",34.6486505386211,-106.739180486447,2023,117.93,14.48,22.07,39.62,0.18,14.48,4.35,0,0.55,0.01,43.87,38.16,3.63,4.96,0.07,7.7,7.28,2.43,54.14
15,"Valencia Cleared",34.6486505386211,-106.739180486447,2024,68.69,0,27.03,28.83,0.01,14.91,11.57,0,0.4,0,29.54,36.51,1.59,6.24,0.06,1.23,8.99,3.42,48.79
16,"Valencia Forest",34.6472147233729,-106.738922864063,2003,113.98,4.23,23.65,137.74,0,0,0,0,0,0,9.15,0,0,0,0,0,0.02,0.55,37.85
16,"Valencia Forest",34.6472147233729,-106.738922864063,2004,130.66,0.95,52.53,220.78,0,0,0,0,1.05,0.01,127.68,0,0,0,0,0,11.34,0.12,82.23
16,"Valencia Forest",34.6472147233729,-106.738922864063,2005,176.35,1.07,59.13,186.02,0,0,0,0,0,0.01,143.17,0,0,0,0,0,12.02,0.13,86.72
16,"Valencia Forest",34.6472147233729,-106.738922864063,2006,191.16,0.5,49.88,188.9,0,0,0,0,0,0,239.07,0,0,0,0,0,14.4,0.05,102.76
16,"Valencia Forest",34.6472147233729,-106.738922864063,2007,19.78,0.07,22.56,88.21,0,0,0,0,0,0,53.94,2.52,0,0.79,0,14.96,2.76,0,30
16,"Valencia Forest",34.6472147233729,-106.738922864063,2008,18.42,0,60.99,23.1,0,0,0,0,0,0,598.59,3.55,0.01,6.34,0,1.44,5.8,0,103.77
16,"Valencia Forest",34.6472147233729,-106.738922864063,2009,6.56,2.44,5.22,0.14,0.01,0,0,0,0,0,137.36,0.29,0,0.17,0,1.59,5.71,0.31,34.19
16,"Valencia Forest",34.6472147233729,-106.738922864063,2010,4.23,1.77,0.1,0.02,0,0,0,0,0,0,773.69,0.68,0.01,0.32,0,0,11.06,0.22,125.64
16,"Valencia Forest",34.6472147233729,-106.738922864063,2011,4.43,0.28,0.03,0.04,0,0,0,0,0,0,10.13,0.54,0.02,0.01,0,0,24.02,0.03,44.66
16,"Valencia Forest",34.6472147233729,-106.738922864063,2012,14.65,0.29,0.13,0.03,0,0,0,0,0,0,11.99,2.74,0.01,0.1,0,0.02,3.84,0.03,16.35
16,"Valencia Forest",34.6472147233729,-106.738922864063,2013,13.7,0.95,0.02,0.03,0,0,0,0,0,0,7.46,0.31,0.47,0.01,0,0,11.61,0.11,56.77
16,"Valencia Forest",34.6472147233729,-106.738922864063,2014,6.17,9.15,0.06,5.5,0,0,0,0,0,0,8.62,1.69,19.69,0.01,0,0,3.35,1.19,8.75
16,"Valencia Forest",34.6472147233729,-106.738922864063,2015,16.2,7.7,5.31,0.01,0.26,0,0,0,0,0,4.64,2.27,0.1,0.01,0,0,5.51,0.99,16.1
16,"Valencia Forest",34.6472147233729,-106.738922864063,2016,14.52,9.1,7.97,0.02,0.08,0,0,0,0,0,1.85,5.82,1.29,1.3,0,0,1.17,1.17,16.77
16,"Valencia Forest",34.6472147233729,-106.738922864063,2017,22.27,24.88,8.44,0.01,0.12,0,0,0,0.02,0,7.61,2.8,0.07,1.19,0,0.23,2.12,3.22,27.52
16,"Valencia Forest",34.6472147233729,-106.738922864063,2018,43.23,8.93,8.66,0.54,0.01,0,0,0,0.03,0,11.87,3.12,0.63,3.5,0,0,5.83,1.19,20.2
16,"Valencia Forest",34.6472147233729,-106.738922864063,2019,37.32,8.37,11.03,0.12,0.01,0,0,0,0,0,6.14,2.3,0,3.46,0,0.01,4.26,1.29,26.95
16,"Valencia Forest",34.6472147233729,-106.738922864063,2020,33.58,10.83,11.95,0.12,0.08,0,0,0,0.02,0,11.42,10.25,0.35,4.85,0.96,0,4.72,1.39,18.45
16,"Valencia Forest",34.6472147233729,-106.738922864063,2021,39.55,11.3,14.74,0.29,0.01,0,0,0,0,0.09,12.42,21.55,2.27,5.27,0,0,5.07,1.45,25.21
16,"Valencia Forest",34.6472147233729,-106.738922864063,2022,50.02,10.22,19.2,0.17,8.01,0,0,0,0.08,0,32.4,11.83,2.07,5.87,0.02,0,10.71,1.31,29.34
16,"Valencia Forest",34.6472147233729,-106.738922864063,2023,72.87,7.9,15.58,0.14,0.27,7.9,1.58,0,0.01,0,26.33,11.12,4.22,4.37,0.03,0.02,6.25,1.26,29.56
16,"Valencia Forest",34.6472147233729,-106.738922864063,2024,54.82,0,18.18,0.15,0.26,9.65,5.27,0.01,0,0,48.17,16.73,0.03,3.08,0.03,0,9.11,1.92,39.47
17,"Montano",35.1452628545,-106.680332705,2004,30.67,0,9.62,0.01,0,0,0,0,0,0,15.86,0,0,0,0,0,3.15,0,11.26
17,"Montano",35.1452628545,-106.680332705,2005,28.58,0.01,25.7,0.32,0,0,0,0,0,0,232.83,0,0,0,0,0,2.75,0,51.75
17,"Montano",35.1452628545,-106.680332705,2006,24.93,2.51,11.92,1.35,0.02,0,0,0,1.22,0,238,0,0,0,0,0,2.51,0.36,49.18
17,"Montano",35.1452628545,-106.680332705,2007,48.57,2.55,1.74,0.02,0.1,0,0,0,0,0,16.15,12.15,0.01,0.01,0,0,2.19,0.46,13.2
17,"Montano",35.1452628545,-106.680332705,2008,35.9,5.38,6.39,5.6,0.1,0,0,0,2.31,0,698.04,13.39,0.01,0.01,0,0.03,2.71,0.69,110.2
17,"Montano",35.1452628545,-106.680332705,2009,65.27,14.13,25.89,0.05,0.19,0,0,0,0.8,0,102.82,43.96,2.4,0.16,0,0.96,7.09,1.84,44.09
17,"Montano",35.1452628545,-106.680332705,2010,39,4.2,29.01,0.25,0.18,0,0,0,10.23,0,43.64,21.51,1.96,0.09,0,0.02,4.51,0.59,26.25
17,"Montano",35.1452628545,-106.680332705,2011,65.01,27.61,30.55,8.58,0.01,0,0,0,2.46,0,150.36,10.49,0.77,11.64,0,0.02,5.5,3.59,46.22
17,"Montano",35.1452628545,-106.680332705,2012,86.63,6.13,73.08,0.01,0.01,0,0,0,0,0.23,47.53,13.49,5.79,0.8,0,0,4.63,0.8,35.19
17,"Montano",35.1452628545,-106.680332705,2013,71.68,9.48,40.61,0.83,0.32,0,0,0,1.52,0,123.13,11.53,0.02,2.78,0,1.39,2.87,1.23,40.33
17,"Montano",35.1452628545,-106.680332705,2014,85.71,16.4,47.62,0.02,0.08,0,0,0,0.08,0,85.65,15.46,6.78,2.14,0,0.09,4.6,2.15,39.08
17,"Montano",35.1452628545,-106.680332705,2015,80,26.75,44.42,0.04,0,0,0,0,1.4,0,82.91,17.63,4.16,3.92,0,0,4.01,3.47,37.62
17,"Montano",35.1452628545,-106.680332705,2016,69.33,20.07,58.02,6.63,0,0,0,0,0.03,0.01,147.55,31.65,2.18,4.74,0,0,1.47,2.63,49.01
17,"Montano",35.1452628545,-106.680332705,2017,81.14,39.68,42.96,0.04,0.03,0,0,0,0.61,0,44.87,16.79,0.09,7.62,0,0.01,1.29,5.15,34.39
17,"Montano",35.1452628545,-106.680332705,2018,119.89,15.05,66.63,3.29,0.02,0,0,0,0.49,0.16,64.9,38.25,0.03,3.28,0.01,0,5.96,1.99,44.94
17,"Montano",35.1452628545,-106.680332705,2019,156.54,22.04,59.95,0.19,0.02,0,0,0,0.32,0.03,96.78,28.71,3.78,4.3,0.01,0,8.67,2.96,61.96
17,"Montano",35.1452628545,-106.680332705,2020,149.56,21.02,51.51,0.36,0.01,0,0,0,0.71,0.24,51.53,32.74,8.09,5.71,0,0.23,6.88,2.71,46.08
17,"Montano",35.1452628545,-106.680332705,2021,70.47,11.8,45.87,0.18,0,0,0,0,0.68,0.09,64.34,58.56,2.81,3.14,0,0.01,8.68,1.52,36.92
17,"Montano",35.1452628545,-106.680332705,2022,122.8,11.71,36.56,0.16,0,0,0,0,0.66,0.02,30.9,20.12,1.26,3.95,0.02,0.01,3.95,1.51,32.8
17,"Montano",35.1452628545,-106.680332705,2023,152,7.36,56.77,0.17,0,7.36,0,0,0.47,0,27.19,33.31,1.84,5.32,0,0.01,6.87,1.01,42.3
17,"Montano",35.1452628545,-106.680332705,2024,85.89,0,29.05,0.67,0.02,4.98,0.24,0.02,0.15,0,36.38,36.67,4.87,5.93,0.01,0,6.42,0.66,30.12
18,"Reynolds Cleared",34.6567454384498,-106.738602216398,2004,197.08,0.73,0.56,3.2,0,0,0,0,0,0,55.67,0,0,0,0,0,0.04,0.09,33.87
18,"Reynolds Cleared",34.6567454384498,-106.738602216398,2005,322.38,1.51,0.65,3.5,0,0,0,0,0,0,35.67,0,0,0,0,0,1.63,0.19,50.44
18,"Reynolds Cleared",34.6567454384498,-106.738602216398,2006,207.81,0.8,0.3,8.11,0,0,0,0,0,0,49.95,0,0,0,0,0,4.56,0.1,40.72
18,"Reynolds Cleared",34.6567454384498,-106.738602216398,2007,119.6,1.18,0.1,4.15,0.03,0,0,0,0,0,28.96,19.48,0,0.02,0,0,2.71,0.15,27.06
18,"Reynolds Cleared",34.6567454384498,-106.738602216398,2008,255.08,0.82,0.01,12.77,0.01,0,0,0,0,0,153.24,17.76,0.05,0,0,0.01,5.82,0.1,66.22
18,"Reynolds Cleared",34.6567454384498,-106.738602216398,2009,337.49,2.71,0.09,12.58,0.01,0,0,0,0.01,0,73.08,5.83,2.31,0,0,0,1.43,0.35,57.93
18,"Reynolds Cleared",34.6567454384498,-106.738602216398,2010,235.99,0.84,0.1,11.26,0,0,0,0,0,0,31.99,31.25,0.03,0.02,0,0,6.35,0.1,46.06
18,"Reynolds Cleared",34.6567454384498,-106.738602216398,2011,428.23,0.48,0.11,6.55,0,0,0,0,0.02,0.05,69.35,21.35,0.32,0.09,0,0.31,3.57,0.05,75.27
18,"Reynolds Cleared",34.6567454384498,-106.738602216398,2012,268.25,0.78,0.18,1.54,0,0,0,0,1.65,0.01,133.89,16.84,0.23,0.1,0,0.04,2.88,0.1,58.41
18,"Reynolds Cleared",34.6567454384498,-106.738602216398,2013,323.74,0.89,0.01,0.25,0,0,0,0,0.01,0.08,31.4,24.75,0,0,0,0,3.85,0.11,55.56
18,"Reynolds Cleared",34.6567454384498,-106.738602216398,2014,342.97,3.75,0.11,2.73,0.01,0,0,0,0.24,0,13.91,41.23,0.64,0,0,0,5.94,0.48,56.35
18,"Reynolds Cleared",34.6567454384498,-106.738602216398,2015,454.96,0.81,0.02,4.96,0.01,0,0,0,7.47,0,35.24,18.84,0.39,0.01,0,0.01,3.13,0.1,71.18
18,"Reynolds Cleared",34.6567454384498,-106.738602216398,2016,308.75,13.39,0.95,7.19,0.08,0,0,0,0.02,0.01,189.25,56.98,0.34,0.58,0,0,0.65,1.79,80.92
18,"Reynolds Cleared",34.6567454384498,-106.738602216398,2017,375.81,8.69,0.04,2.54,0.05,0,0,0,0.2,0,88.23,8.03,0.12,0.02,0,0.02,1.34,1.12,68.2
18,"Reynolds Cleared",34.6567454384498,-106.738602216398,2018,324.19,0.82,0.62,7.35,0.18,0,0,0,12.87,0,94.73,25.27,0,0.09,0.01,0.01,4.14,0.1,72.28
18,"Reynolds Cleared",34.6567454384498,-106.738602216398,2019,264,0.14,0.48,8.2,0.02,0,0,0,2.12,0,45.33,17.15,0.02,0.05,0.03,0.65,2.7,0.01,49.11
18,"Reynolds Cleared",34.6567454384498,-106.738602216398,2020,551.44,0.92,0.55,16.28,0.36,0,0,0,19.28,0,39.23,54.84,0.16,0.02,0.05,0.08,7.8,0.1,92.27
18,"Reynolds Cleared",34.6567454384498,-106.738602216398,2021,616.69,0.99,0.41,13.7,0.59,0,0,0,6.26,0,40.09,45.42,0.03,0.01,0.01,0.03,6.94,0.12,99.95
18,"Reynolds Cleared",34.6567454384498,-106.738602216398,2022,306.11,0.42,0.53,15,0.41,0,0,0,16.08,2.08,40.42,27.37,0.01,0.01,0,0.09,4.63,0.05,58.33
18,"Reynolds Cleared",34.6567454384498,-106.738602216398,2023,408.66,0.8,0.61,22.75,2.77,0.8,0.59,0.01,30.72,1.06,187.38,42.02,0.1,0.03,0.06,1.14,7.52,0.13,102.55
18,"Reynolds Cleared",34.6567454384498,-106.738602216398,2024,138.82,0,0.01,3.09,0,0.1,0,0,0.02,0,55.71,0.42,0,0.01,0.01,0,0.13,0.01,27.53
19,"Reynolds Forest",34.6576114622675,-106.739436295579,2004,256.51,4.13,10.81,136.91,0.01,0,0,0,0,0,173.75,0,0,0,0,0,2.13,0.54,78.32
19,"Reynolds Forest",34.6576114622675,-106.739436295579,2005,293.07,14.46,21.72,167.63,0,0,0,0,0.01,0,211.13,0,0,0,0,0,7.75,2.09,101.56
19,"Reynolds Forest",34.6576114622675,-106.739436295579,2006,228.71,7.86,8.14,111.85,0,0,0,0,0,0,107.27,0,0,0,0,0,14.57,1.01,76.1
19,"Reynolds Forest",34.6576114622675,-106.739436295579,2007,324.19,8.6,21.2,157.22,0,0,0,0,0,0,176.67,64.4,0.4,0.14,0,9.6,10.52,1.11,103.19
19,"Reynolds Forest",34.6576114622675,-106.739436295579,2008,472.64,15.87,34.01,271.11,0,0,0,0,0,0.01,488.17,65.08,0.24,0.03,0,0.89,9.1,2.06,177.86
19,"Reynolds Forest",34.6576114622675,-106.739436295579,2009,424.69,4.22,21.49,152.52,0.04,0,0,0,1,0,86.16,20.21,0.02,0.13,0,11.3,5.27,0.54,97.2
19,"Reynolds Forest",34.6576114622675,-106.739436295579,2010,397.19,2.33,14.91,116.85,0,0,0,0,0.08,0.02,104.7,99.91,7.17,0.89,0,2.8,14.42,0.32,98.54
19,"Reynolds Forest",34.6576114622675,-106.739436295579,2011,443.98,3.71,12.3,85.22,0,0,0,0,0.01,0.09,77.64,83.32,0.18,0.02,0,2.75,11.33,0.46,93.51
19,"Reynolds Forest",34.6576114622675,-106.739436295579,2012,499.52,1.7,3.62,33.76,0,0,0,0,0.01,0,243.55,57.64,0.32,0,0,0,7.54,0.21,110.3
19,"Reynolds Forest",34.6576114622675,-106.739436295579,2013,548.2,2.16,0.56,21.44,0,0,0,0,0,0.09,476.86,70.09,0.16,0.01,0,0,9.12,0.3,146.08
19,"Reynolds Forest",34.6576114622675,-106.739436295579,2014,344.21,3.75,0.47,19.02,0.01,0,0,0,0.02,0.02,22.07,70.92,0.12,0,0,0.01,9.8,0.47,62.72
19,"Reynolds Forest",34.6576114622675,-106.739436295579,2015,522.04,1.73,0.35,17.61,0.23,0,0,0,0.01,0,317.15,61.63,0,0,0,2.31,10.09,0.21,127.33
19,"Reynolds Forest",34.6576114622675,-106.739436295579,2016,398.93,0.79,0.34,28.5,0.01,0,0,0,0.04,0,63.83,112.17,1.09,0.02,0.01,2.32,1.27,0.12,82.39
19,"Reynolds Forest",34.6576114622675,-106.739436295579,2017,398.32,0.36,0.49,15.81,0.01,0,0,0,0,0,189.85,30.8,0.03,0.01,0.01,0.56,0.69,0.03,85.31
19,"Reynolds Forest",34.6576114622675,-106.739436295579,2018,502.94,3.6,1.89,15.36,0,0,0,0,0.01,0.01,129.36,89.31,0.01,0.05,0.01,0.01,11.86,0.46,102.59
19,"Reynolds Forest",34.6576114622675,-106.739436295579,2019,650.28,1.98,1.79,31.23,0.01,0,0,0,0.03,0.09,149.62,71.46,0.02,0.02,0.03,0.52,10.11,0.27,120.83
19,"Reynolds Forest",34.6576114622675,-106.739436295579,2020,519.14,2.92,1.66,35.88,0.02,0,0,0,0.04,0.02,409.75,70.74,0.4,0.05,0.26,1.57,10.11,0.4,137.73
19,"Reynolds Forest",34.6576114622675,-106.739436295579,2021,524.98,2.48,2.98,33.32,0.01,0,0,0,0,0,49.82,112.39,0.07,0.08,0.03,1.06,15.26,0.3,98.53
19,"Reynolds Forest",34.6576114622675,-106.739436295579,2022,526.61,0.7,0.39,37.42,0.01,0,0,0,0,0.01,81.1,23.49,0.01,0.24,0,0.02,5.22,0.08,91.83
19,"Reynolds Forest",34.6576114622675,-106.739436295579,2023,328.32,0.63,3.44,28.2,0.04,0.63,0,0,0.01,0.01,8951.75,38.8,0.01,0,0.03,0.03,10.38,0.3,1229.75
19,"Reynolds Forest",34.6576114622675,-106.739436295579,2024,69.61,0,4.77,19.13,0,2.39,0,21.48,0.01,0.02,1464.07,26.5,0.04,4.61,0.03,0.01,11.61,0.3,227.86
20,"Route 66",35.1006512603,-106.691932797,2005,118.35,11.56,12.14,8.07,42.35,0,0,0,11.54,0.11,317.19,0,0,0,0,0,4.16,1.65,74.32
20,"Route 66",35.1006512603,-106.691932797,2006,91.05,21.6,14.38,5.15,49.49,0,0,0,0.18,0,83.78,0,0,0,0,0,13.28,2.8,52.36
20,"Route 66",35.1006512603,-106.691932797,2007,97.04,18.52,21.38,0.16,40.13,0,0,0,0,0,449.61,19.62,3.11,5.13,0,0.02,5.68,2.4,91.28
20,"Route 66",35.1006512603,-106.691932797,2008,159.84,14.16,25.06,2.74,44.9,0,0,0,0,0.09,188.7,37.07,0.04,18.37,0,0,7.48,1.86,68.79
20,"Route 66",35.1006512603,-106.691932797,2009,145.61,24.33,64.11,2.59,74.59,0,0,0,2.49,0,117.65,39.03,0.35,21.5,0,0.19,9.35,3.16,71.45
20,"Route 66",35.1006512603,-106.691932797,2010,201.19,23.69,68,4.7,72.38,0,0,0,0.15,0,30.3,53.32,0,59.46,0,0.01,18.34,3.06,74.79
20,"Route 66",35.1006512603,-106.691932797,2011,271.63,26.78,39.92,5.99,82.77,0,0,0,0,0.11,120.9,40.42,4.14,23.37,0,0.56,9.96,3.51,86.79
20,"Route 66",35.1006512603,-106.691932797,2012,186.49,22.5,57.21,13.85,109.52,0,0,0,0,0,119.26,36.38,2.8,42.86,0,0.01,16.39,2.91,89.33
20,"Route 66",35.1006512603,-106.691932797,2013,208.55,27.48,55.45,4.47,101.47,0,0,0,0.01,0.01,334.66,20.21,6.23,22.44,0,0,7.4,4.07,107.85
20,"Route 66",35.1006512603,-106.691932797,2014,171.18,22.12,46.15,7.66,102.79,0,0,0,0.8,0.4,38.33,33.3,4.31,37.09,0,0.26,11.1,2.86,74.2
20,"Route 66",35.1006512603,-106.691932797,2015,205.51,21.9,79.76,7.82,127.41,0,0,0,0,0.01,116.92,40.4,1.9,25.49,0,0.62,13.43,2.83,90.31
20,"Route 66",35.1006512603,-106.691932797,2016,270.95,20.03,63.76,13.3,128.56,0,0,0,0.16,0,278.25,63.71,0.17,29.56,0.48,0.02,8.27,3.02,124.94
20,"Route 66",35.1006512603,-106.691932797,2017,242.19,16.96,74.49,23.83,145.23,0,0,0,1.86,0.01,447.88,34.27,0.19,33.66,18.44,0,7.14,2.23,140.18
20,"Route 66",35.1006512603,-106.691932797,2018,224.05,10.2,43.6,17.2,105.29,0,0,0,4.61,0.19,185.26,68.97,1.69,23.92,10.83,0.1,17.44,1.34,105.61
20,"Route 66",35.1006512603,-106.691932797,2019,234.64,13.43,97.68,15.13,95.15,0,0,0,0.01,0,56.24,21.47,0.74,51.33,3.99,1.53,10.75,1.72,84.1
20,"Route 66",35.1006512603,-106.691932797,2020,352.89,14.43,84.53,13.56,109.98,0,0,0,0,0,2095.68,57.73,0.81,20.56,10.19,0.02,11.76,1.96,364.02
20,"Route 66",35.1006512603,-106.691932797,2021,192.08,14.62,89.3,15.76,125.63,0,0,0,0.01,0.01,90.39,81.05,0.63,38.91,2.68,0.03,17.79,1.87,92.36
20,"Route 66",35.1006512603,-106.691932797,2022,205.53,11.52,65.8,15.88,91.72,0,0,0,3.32,0,87.46,22.25,0.56,25.81,7.95,0.51,7.43,1.47,78.51
20,"Route 66",35.1006512603,-106.691932797,2023,199.15,0.02,83.02,17.89,126.96,0.02,4.4,0,0.01,0,172.37,16.07,0.34,63.17,9,9.36,9.53,1.35,97.13
20,"Route 66",35.1006512603,-106.691932797,2024,194.32,0,70.33,14.66,110.71,0.03,7.34,0,0.02,0,212.1,39.67,0.62,14.51,7.98,1.68,8.72,0.93,98.66
21,"Badger",35.1955715759,-106.641632737,2006,89.08,4.1,27.31,0,0,0,0,0,3.54,0,4.58,0,0,0,0,0,0.04,0.6,17.09
21,"Badger",35.1955715759,-106.641632737,2007,319.12,20.36,1.63,0,5.85,0,0,0,0.75,0.92,172.08,55.81,2.74,0.01,0,0,8.94,2.62,80.36
21,"Badger",35.1955715759,-106.641632737,2008,342.83,18.58,1.45,2.02,16.74,0,0,0,7.36,0,134.52,30.16,3.42,0.01,0,0.01,8.1,2.59,81.73
21,"Badger",35.1955715759,-106.641632737,2009,764.96,23.12,1.87,0.05,32.64,0,0,0,0.48,5.65,173.43,85.26,2.88,0,0,0,14.24,2.99,152.18
21,"Badger",35.1955715759,-106.641632737,2010,629.6,27.96,0.08,0.02,56.67,0,0,0,0.71,7.8,34.06,72.65,6.19,0,0,0,11.37,3.61,111.9
21,"Badger",35.1955715759,-106.641632737,2011,592.23,22.36,4.21,0.03,100.84,0,0,0,0,4.04,29.84,85.2,0.81,0,0,0.46,11.46,2.89,111.73
21,"Badger",35.1955715759,-106.641632737,2012,273.99,31.02,0.22,0.03,71.95,0,0,0,0.02,1.64,129.45,56.96,3.49,0.01,0,0,9.28,4.23,77.57
21,"Badger",35.1955715759,-106.641632737,2013,483.14,28.74,0,0.34,56.36,0,0,0,0.05,4.32,252.42,67.57,7.33,0,0,0,10.16,3.78,120.14
21,"Badger",35.1955715759,-106.641632737,2014,426.92,27.5,1.31,0.02,91.5,0,0,0,0.03,1.37,78.12,59.32,0.74,0.01,0,0,9.31,3.54,114.51
21,"Badger",35.1955715759,-106.641632737,2015,497.81,16.11,0.04,0.03,74.58,0,0,0,0.02,3.27,798.17,79.58,1.97,0.01,0,0,15.81,2.08,198.56
21,"Badger",35.1955715759,-106.641632737,2016,567.07,28.92,1.34,0.01,94.04,0,0,0,0.91,0,108.68,83.73,2.51,0,0.02,0,4.26,3.74,122.27
21,"Badger",35.1955715759,-106.641632737,2017,249.31,3.76,0.81,0,52.88,0,0,0,0.03,0.01,157.6,52.51,1.7,0.32,3.3,0,0.81,2.81,72.33
21,"Badger",35.1955715759,-106.641632737,2018,198.91,27.24,0.04,0.03,0.64,0,0,0,0.22,0.28,88.19,48.8,2.81,0,0.04,0,7.62,3.52,53.74
21,"Badger",35.1955715759,-106.641632737,2019,236.47,38.08,0.04,0.05,0.91,0,0,0,0.18,0.34,29,28.96,2.41,0.16,0.04,0,4.79,4.96,46.98
21,"Badger",35.1955715759,-106.641632737,2020,323.61,65.21,0.02,0.02,1.75,0,0,0,0.97,2.11,125.74,70.6,11.27,0,0.1,0,11.35,8.45,82.82
21,"Badger",35.1955715759,-106.641632737,2021,295.45,65.19,4.23,0.14,2.83,0,0,0,0.21,0.63,218.36,89.02,7.99,0,0.04,0,13.04,8.45,92.1
21,"Badger",35.1955715759,-106.641632737,2022,306.83,23.75,0.13,0.03,10.47,0,0,0,0.03,27.86,389.67,56.51,7.94,0.02,0.13,0,8.88,3.07,111.81
21,"Badger",35.1955715759,-106.641632737,2023,222.86,0.01,1.86,0.1,11.38,0.01,20.24,0,0.41,1.82,100.17,126.71,6.86,0.15,0.28,0,17.96,5.52,69.93
21,"Badger",35.1955715759,-106.641632737,2024,119.44,0,0.98,0.01,12.77,2.87,39.78,0,0.25,1.86,125.65,77.99,12,0.01,0.25,7.39,12.58,5.52,54.5
22,"Bobcat",35.2010747789,-106.641162297,2006,178.52,7.92,0.02,0,0.1,0,0,0,0.39,1.08,91.55,0,0,0,0,0,0.05,1.02,37.33
22,"Bobcat",35.2010747789,-106.641162297,2007,300.83,8.03,0.2,0.1,0.36,0,0,0,0.55,0.01,253.32,42.5,0.09,0,0,0,7.66,1.18,87.36
22,"Bobcat",35.2010747789,-106.641162297,2008,411.59,29.67,0.63,0.72,0.08,0,0,0,3.79,0,210.9,50.49,0.89,0,0,0,7.58,4.24,95.67
22,"Bobcat",35.2010747789,-106.641162297,2009,590.32,18.72,0.12,0.04,0.03,0,0,0,0.02,3.95,92.95,87.12,3.73,0.01,0,0,12.12,2.45,106.71
22,"Bobcat",35.2010747789,-106.641162297,2010,520.07,20.79,0.72,0.13,0.27,0,0,0,0,1.37,93.83,69.75,3.87,0.01,0,0,9.74,2.72,94.51
22,"Bobcat",35.2010747789,-106.641162297,2011,839.44,25.36,1.09,0,1.83,0,0,0,0.03,1.1,162.07,74.52,2.37,0.04,0,0,10.79,3.3,147.08
22,"Bobcat",35.2010747789,-106.641162297,2012,556.99,17.4,0.54,0.01,0.53,0,0,0,3.16,0,116.75,87.12,0.41,0.01,0,0.02,11.61,2.25,104.39
22,"Bobcat",35.2010747789,-106.641162297,2013,944.21,19.24,0.81,0.03,1.43,0,0,0,0.92,2.71,178.81,85.9,7.68,0.17,0,0,13.6,2.66,164.61
22,"Bobcat",35.2010747789,-106.641162297,2014,452.93,25.35,2.19,0.13,3.03,0,0,0,0.14,0,38.2,86.35,1.08,0.04,0,0,11.73,3.46,85.9
22,"Bobcat",35.2010747789,-106.641162297,2015,492.42,19.77,1.15,0.07,3.6,0,0,0,0.33,0.02,92.31,77.64,5.58,0.09,0,0,11.7,2.56,94.78
22,"Bobcat",35.2010747789,-106.641162297,2016,495.18,20.97,1.26,0.07,8.04,0,0,0,2.46,0.23,54.33,103.89,0.37,0.04,0.01,0,0.6,2.72,90.98
22,"Bobcat",35.2010747789,-106.641162297,2017,382.82,17.3,0.18,0.02,0.54,0,0,0,0.32,0,74.35,84.11,0.03,0,0.3,0,0.22,2.42,76.17
22,"Bobcat",35.2010747789,-106.641162297,2018,571.16,9.22,0.67,0.09,0.04,0,0,0,1.63,2.44,1584.37,80.46,1.32,0.24,0.04,0,10.91,1.91,297.78
22,"Bobcat",35.2010747789,-106.641162297,2019,240.29,10.92,0.73,0.06,0.24,0,0,0,0.02,0.63,491.08,79.21,0.82,0,0.08,0.02,12.81,1.41,112.92
22,"Bobcat",35.2010747789,-106.641162297,2020,449.94,20.65,0.02,0.29,0.01,0,0,0,2.44,1.5,67.95,121.62,2.31,0.01,0.19,0,16.41,2.67,90.86
22,"Bobcat",35.2010747789,-106.641162297,2021,545.37,20.27,0.03,0.79,0.05,0,0,0,0.26,3.51,245.51,137.34,7.86,0,0.07,0,18.37,2.61,127.04
22,"Bobcat",35.2010747789,-106.641162297,2022,578.02,17.23,0.41,0.67,0.9,0,0,0,0.03,16.41,113.26,69.06,0.49,0,0.08,0.02,8.15,2.23,106.94
22,"Bobcat",35.2010747789,-106.641162297,2023,633.85,4.38,0.25,0.55,0.21,4.38,0.2,0,0.82,1.03,87.17,135.88,1.8,0.23,0.24,0,18.27,1.75,118.91
22,"Bobcat",35.2010747789,-106.641162297,2024,507.93,0,0,0.03,0.04,3.62,0.13,0,0.01,0.01,20.94,20.77,0.01,0,0.19,0.08,2.62,0.47,76.36
23,"BioPark",35.0799846256,-106.669723455,2007,305.99,0.05,0.05,0.02,16.22,0,0,0,0.78,0,38.74,48.26,0.01,0,0,0.46,10.52,0,59.55
23,"BioPark",35.0799846256,-106.669723455,2008,422.39,0.04,0.1,0.02,5.21,0,0,0,0,1.4,128.06,70.4,0,0,0,0.32,9.87,0,84.7
23,"BioPark",35.0799846256,-106.669723455,2009,562.79,0.06,2.01,0.02,1.37,0,0,0,0.34,0,55.86,80.66,0.38,0.03,0,0,11.43,0,93.37
23,"BioPark",35.0799846256,-106.669723455,2010,458.8,0.07,1.9,0.2,0.78,0,0,0,0.04,0.01,200.02,93.24,0,0.01,0,0.01,13.21,0,100.7
23,"BioPark",35.0799846256,-106.669723455,2011,633.63,0.03,1.77,0,0.19,0,0,0,0.01,0.03,179.91,77.14,0,0.05,0,0,11.09,0,118.49
23,"BioPark",35.0799846256,-106.669723455,2012,334.48,0.32,0.5,0.01,0.08,0,0,0,0,0,36.49,67.57,0.01,0.02,0,0,9.48,0.04,60.66
23,"BioPark",35.0799846256,-106.669723455,2013,316.73,0.64,0.32,0.02,0.04,0,0,0,0,0.23,71.91,46.65,0.01,0.01,0,0.01,6.52,0.07,59.8
23,"BioPark",35.0799846256,-106.669723455,2014,252.47,0.8,0.03,0.02,0.24,0,0,0,0.01,0.39,40.78,43.82,0,0.02,0,0,5.82,0.1,48.99
23,"BioPark",35.0799846256,-106.669723455,2015,299.23,0.49,0.29,0.01,0.91,0,0,0,0.27,1.85,91.92,64.66,0,0,0,0,8.94,0.06,63.02
23,"BioPark",35.0799846256,-106.669723455,2016,248.97,0.13,0.88,0.01,0.26,0,0,0,0.99,0.01,48.3,76.34,0,0,0.01,0,0.36,0.01,52.52
23,"BioPark",35.0799846256,-106.669723455,2017,244.27,0.04,1.49,0.01,0.27,0,0,0,0.17,0.92,53.04,70.29,0,0.01,0.11,0,1.33,0,54.72
23,"BioPark",35.0799846256,-106.669723455,2018,338.21,0.11,3.2,10.49,0.23,0,0,0,1.93,0.01,84.98,69.42,0,0.32,0.03,0,9.42,0.01,69.97
23,"BioPark",35.0799846256,-106.669723455,2019,296.55,0.21,5.94,0.08,0.11,0,0,0,3.94,0.18,69.89,68.24,0,0.75,0.04,0,11.47,0.02,64.41
23,"BioPark",35.0799846256,-106.669723455,2020,292.81,0.24,3.42,0.05,0.95,0,0,0,0.02,0.03,181.67,78.51,0.01,0.42,0.24,0.23,11.73,0.02,77.11
23,"BioPark",35.0799846256,-106.669723455,2021,216.63,0.07,4.75,0.07,1.78,0,0,0,0,1.97,167.8,55.69,0.02,0.9,0.01,0,7.2,0,60.69
23,"BioPark",35.0799846256,-106.669723455,2022,187.13,0.06,6.7,0.08,2.95,0,0,0,0.01,0.01,343.79,22.64,0,1.86,0.13,0,5.26,0.01,78.35
23,"BioPark",35.0799846256,-106.669723455,2023,381.2,0.02,6.19,0.15,3.21,0.02,0.02,0.49,0,1.55,106.81,29.83,0,0.03,0.11,0,5.49,0,84.13
23,"BioPark",35.0799846256,-106.669723455,2024,174.22,0,2.15,0.26,2.83,0.43,0.58,0.01,1.92,0,57.78,16.74,2.42,0.72,0.15,0,3.97,0.12,42.75
24,"Santo Domingo",35.50989,-106.3896,2008,130.67,0.01,0.13,3.61,0,0,0,0,0.01,0,176.49,5.36,0,0.09,0,0.02,0.94,0,43.14
24,"Santo Domingo",35.50989,-106.3896,2009,204.68,0.17,0.16,0.01,0,0,0,0,0.01,0,96.94,0.68,0,0,0,0,1.23,0.01,43.05
24,"Santo Domingo",35.50989,-106.3896,2010,296.73,0.91,0.19,0.02,0,0,0,0,0,0,124.57,10.47,0,0.19,0,0,1.8,0.11,58.38
24,"Santo Domingo",35.50989,-106.3896,2011,125.25,0.25,0.04,0.02,0,0,0,0,0,0,104.48,8.12,0,0.15,0,0,1.45,0.03,32.87
24,"Santo Domingo",35.50989,-106.3896,2012,145.46,0.89,0.8,0.02,0.01,0,0,0,0,0,83.83,7.2,0,0,0,0.01,1.14,0.11,32.73
24,"Santo Domingo",35.50989,-106.3896,2013,258.29,2.42,0,1.46,0,0,0,0,0,0,10.7,5.38,0,0.15,0,0,1.21,0.31,40.85
24,"Santo Domingo",35.50989,-106.3896,2014,148.76,1.32,0.05,0.01,0,0,0,0,0.01,0,45.51,1.93,0.02,0.01,0,0,0.41,0.16,36.54
24,"Santo Domingo",35.50989,-106.3896,2015,108.36,1.43,0.02,0.03,0.01,0,0,0,0,0,16.25,7.02,0,0.19,0,0,1,0.18,18
24,"Santo Domingo",35.50989,-106.3896,2016,89.01,3.81,0.03,0.01,0.02,0,0,0,0,0.01,22.66,15.57,0.01,0.01,0,0,0.09,0.49,18.56
24,"Santo Domingo",35.50989,-106.3896,2017,90.21,0.74,0.02,0.09,0,0,0,0,0,0,39.09,9.14,0,0.11,0.01,0,0.02,0.09,18.96
24,"Santo Domingo",35.50989,-106.3896,2018,106.32,0.2,0.01,0,0.01,0,0,0,0.02,0.01,18.23,7.25,0,0.09,0,0,1.03,0.02,18.23
24,"Santo Domingo",35.50989,-106.3896,2019,125.39,0.68,0.03,0,0,0,0,0,0,0,76.56,5.79,0.02,0.02,0,0,1.01,0.08,28.17
24,"Santo Domingo",35.50989,-106.3896,2020,43.1,0.15,0.02,0,0,0,0,0,0,0,0.12,0.01,0,0,0,0,0,0.12,5.89
24,"Santo Domingo",35.50989,-106.3896,2022,99.06,0.12,0.06,0,0,0,0,0,0,0,5.55,8.36,0,0.16,0,0,1.2,0.01,15.35
24,"Santo Domingo",35.50989,-106.3896,2023,47.24,0,0.02,0.03,0,0,0.01,0,0,0,10.08,3.37,0.01,0,0.01,0,1.04,0,11.52
24,"Santo Domingo",35.50989,-106.3896,.,3.85,0.08,0,0,0,0,0,0,0,0,10,25.38,0,0,0,0,3.3,0.01,5.3
25,"Crawford",34.637561057629,-106.74347269011,2010,4.85,0.11,0.02,0.74,0,0,0,0,0,0,0.73,0,0,0,0,0.01,2.07,0.01,5.75
25,"Crawford",34.637561057629,-106.74347269011,2011,13.45,0.04,0.07,14.47,0,0,0,0,0.08,0,4.95,0.08,0.01,0.02,0,0,1.51,0,8.35
25,"Crawford",34.637561057629,-106.74347269011,2012,26.04,0.02,0.19,29.56,0,0,0,0,0,0,694.45,0.56,0,0,0,0.24,1.39,0,101.1
25,"Crawford",34.637561057629,-106.74347269011,2013,32.09,0.03,1.46,32.99,0.01,0,0,0,0,0.46,1.47,2.51,0,0,0,0.02,2.02,0,15.13
25,"Crawford",34.637561057629,-106.74347269011,2014,40.86,4.8,2.18,29.27,0,0,0,0,0.01,0,5.54,0.62,0.01,0.94,0,0.33,1.15,0.61,12.97
25,"Crawford",34.637561057629,-106.74347269011,2015,73.67,2.06,12.52,45.55,0.09,0,0,0,0,0,1.27,0.14,0.01,0,0,5.96,1.6,0.26,22.01
25,"Crawford",34.637561057629,-106.74347269011,2016,55.7,0.28,15.13,24.18,0,0,0,0,0.01,0.01,4.25,2.37,0.02,1.13,0,0.23,0.53,0.71,21.86
25,"Crawford",34.637561057629,-106.74347269011,2017,95.16,0.26,15.62,37.74,0.1,0,0,0,0,0,5.52,4.56,0.1,1.42,0,0.77,1.94,0.03,26.31
25,"Crawford",34.637561057629,-106.74347269011,2018,89.08,0.54,42.35,29.81,0,0,0,0,1.01,0.01,5.9,3.54,0,4.97,0,0,1.55,0.06,28
25,"Crawford",34.637561057629,-106.74347269011,2019,170.52,0.26,41.75,44.06,0.01,0,0,0,0,0.09,13.14,0.62,0.01,8.43,0.01,1.57,1.9,0.04,40.9
25,"Crawford",34.637561057629,-106.74347269011,2020,124.11,0.51,77.21,27.61,0.04,0,0,0,1.01,1.15,7.59,5.36,0.03,25.71,0.02,0.01,4.14,0.05,39.1
25,"Crawford",34.637561057629,-106.74347269011,2021,168.04,0.11,88.75,15.85,0,0,0,0,1.47,0.02,12.21,9,0,26.76,0.02,0.65,5.62,0.01,47.63
25,"Crawford",34.637561057629,-106.74347269011,2022,144.37,0.4,71.24,15.96,0.08,0,0,0,0,0,14.25,6.78,0.02,28.67,0.03,0.37,4.8,0.04,40.11
25,"Crawford",34.637561057629,-106.74347269011,2023,185.82,0.25,98.35,18.91,0.03,0.25,0.03,0.01,0.02,0.01,39.02,11.01,0.03,24.74,0.02,1.65,3.13,0.05,51.22
25,"Crawford",34.637561057629,-106.74347269011,2024,189.1,0,92.13,12.34,0.03,0.09,0.22,0,0,0,22.91,18.64,0.04,30,0.04,0.64,6.71,0.03,49.53
26,"Mesilla",32.248328,-106.821014,2011,0,0,0,0.02,0,0,0,0,0,0,0.12,0,0,0,0,0,0,0,1.18
26,"Mesilla",32.248328,-106.821014,2012,0,3.01,0,0.01,0,0,0,0,0,0,1.12,0.01,0,0,0,0,0.41,0.39,5.05
26,"Mesilla",32.248328,-106.821014,2013,0,0,0,0.01,0,0,0,0,0,0,0.29,21.19,0,0,0,0,2.75,0,6.03
26,"Mesilla",32.248328,-106.821014,2014,3.26,0.01,0,0,0,0,0,0,0,0,11.12,0,0,0,0,0,0,0,2.08
26,"Mesilla",32.248328,-106.821014,2015,0,0,0,0,0,0,0,0,0,0,2.17,0,0,0,0,0,0.3,0,5.59
26,"Mesilla",32.248328,-106.821014,2016,0,3.23,0,0.21,0,0,0,0,0,0,5.81,0.03,0,0,0,0.1,0.63,1.44,8.68
26,"Mesilla",32.248328,-106.821014,2017,0,4.23,0.71,0.02,0,0,0,0,0,0,5.76,0,8.7,0,0,0.01,1.98,0.55,19.38
26,"Mesilla",32.248328,-106.821014,2018,0.08,1.62,0,0.03,0,0,0,0,0,0,2.03,0,0,0,0,0,0.31,0.25,12.93
26,"Mesilla",32.248328,-106.821014,2019,0,0.03,0,0.06,0,0,0,0,0.7,0,4.92,0.08,0,0.02,0,0,0.53,0.02,4.88
26,"Mesilla",32.248328,-106.821014,2020,0,0.02,0,0.04,0,0,0,0,0,0,3.77,0.01,0.01,0,0.01,0,0,0,0.77
26,"Mesilla",32.248328,-106.821014,2021,0,0.04,0,0.02,0,0,0,0,0,0,4.83,0,0,0,0,0,0,0,0.94
26,"Mesilla",32.248328,-106.821014,2022,0,0.02,0,0.04,0,0,0,0,0,0,0.12,0,0,0,0,0,0.87,0,1.75
26,"Mesilla",32.248328,-106.821014,2023,0,0,0,0.08,0,0,0,0,0,0.02,57.8,0,0,0,0,0,3.29,0,15.72
26,"Mesilla",32.248328,-106.821014,2024,0,0,0,0.01,0,0,0,0,0,0,1.15,0,0,0,0,0,0.25,0,1.95
27,"Bosque Farm",34.8477697505695,-106.714997116643,2012,218.48,7.99,0.9,0.32,0,0,0,0,0,0,26.36,14.41,0.11,0,0,0,1.94,1.02,36.57
27,"Bosque Farm",34.8477697505695,-106.714997116643,2013,158.14,9.78,17.78,0.13,0,0,0,0,0,0,62.16,26.84,0.24,1.56,0,0,3.81,1.29,37.16
27,"Bosque Farm",34.8477697505695,-106.714997116643,2014,124.05,2.11,3.82,0.03,0,0,0,0,0.36,0,102.42,25.99,0.54,6.85,0,0,4.51,0.26,36.05
27,"Bosque Farm",34.8477697505695,-106.714997116643,2015,0,0,0,0,0,0,0,0,0,0,0,0,0,0,0,0,0,0,0
27,"Bosque Farm",34.8477697505695,-106.714997116643,2016,235.27,4.49,31.49,1.49,0.01,0,0,0,0.01,0,110.28,60.15,0.27,8.34,0,0.03,1.31,0.62,61.22
27,"Bosque Farm",34.8477697505695,-106.714997116643,2017,260.17,5.39,31.62,0.11,0,0,0,0,0.16,0,80.47,20.83,0.03,5.89,0,0.26,0.9,0.74,55.03
27,"Bosque Farm",34.8477697505695,-106.714997116643,2018,226.08,2.2,27.07,0.41,0.01,0,0,0,0,0.01,43.35,39.35,1.26,5.5,0,0,6.05,0.27,47.44
27,"Bosque Farm",34.8477697505695,-106.714997116643,2019,397.67,8.12,24.87,0.37,0,0,0,0,0.01,0,126.18,19.98,0.02,3.58,0,0.02,3.19,1.07,78.68
27,"Bosque Farm",34.8477697505695,-106.714997116643,2020,384.24,4.33,33.96,0.43,0.01,0,0,0,0.01,1.41,35.86,55.73,0.21,12.22,0.04,0,8.8,0.66,71.93
27,"Bosque Farm",34.8477697505695,-106.714997116643,2021,351.04,6.81,38.77,0.26,0.01,0,0,0,0.01,0,95.05,72.05,0.37,8.25,0.01,0,10.03,0.86,76.1
27,"Bosque Farm",34.8477697505695,-106.714997116643,2022,423.15,7.38,36.69,0.31,0.01,0,0,0,0,0.01,203.12,49.74,0.48,17.11,0,0.01,8.24,0.95,98.31
27,"Bosque Farm",34.8477697505695,-106.714997116643,2023,296.77,1.64,37.62,0.46,0.18,1.64,1.53,0.01,0.02,0,688.71,37.84,0.08,7.68,0.05,0.09,5.39,1.1,143.1
27,"Bosque Farm",34.8477697505695,-106.714997116643,2024,294.74,0,30.46,0.4,0,2.78,2.55,0,0.01,0,63,52.99,0.14,14.46,0.05,0,8.76,0.67,64.16
28,"Valle de Oro",34.9797688406,-106.680112434,2014,0.05,0.35,0,0.09,0,0,0,0,0,0,13.62,0.12,0.02,0,0,0,3.11,0.04,8.64
28,"Valle de Oro",34.9797688406,-106.680112434,2015,0.01,0.63,0,0,0.03,0,0,0,0,0,0.66,0.02,0.08,0,0,0,6.49,0.08,21.68
28,"Valle de Oro",34.9797688406,-106.680112434,2016,0.02,0,0,0,0.02,0,0,0,0,0,1.06,0.01,0,0,0,0,0.95,0,6.91
28,"Valle de Oro",34.9797688406,-106.680112434,2017,0.1,0.39,0.01,0,0.03,0,0,0,0,0,5.22,0.01,0,0,0,0,1.83,0.05,13.53
28,"Valle de Oro",34.9797688406,-106.680112434,2018,0.62,0,0,0.01,2.98,0,0,0,0.01,0,2.04,0,0,0.15,0,0,3.09,0,14.99
28,"Valle de Oro",34.9797688406,-106.680112434,2019,0.33,0.19,0,0.01,0.27,0,0,0,0,0,4.31,0.01,0.02,0.02,0.02,0,1.59,0.02,6.54
28,"Valle de Oro",34.9797688406,-106.680112434,2022,0.01,0,0,0,0.2,0,0,0,0,0,0.16,0.1,0,0,0,0,1.98,0,3.26
28,"Valle de Oro",34.9797688406,-106.680112434,2023,16.06,0.01,0.11,0.06,8.38,0.01,0.01,0,0,0,16.99,0.06,0,0.01,0.02,0,3.19,0,22.35
28,"Valle de Oro",34.9797688406,-106.680112434,2024,1.94,0,0.01,0.01,2.35,0,0,0,0,0,4.48,0.03,0,0,0.02,0,2.93,0,10.15
29,"Albuquerque Overbank Project",35.0452081969,-106.665732215,2014,52.62,30.7,19.29,0.01,10.93,0,0,0,0,0.77,12.86,1.18,2.95,0.57,0,0,1.07,3.98,19.08
29,"Albuquerque Overbank Project",35.0452081969,-106.665732215,2015,46.87,35.24,25.54,0.02,23.63,0,0,0,0,0,9.6,1.93,3.77,14.36,0,0,2.81,4.57,25.05
29,"Albuquerque Overbank Project",35.0452081969,-106.665732215,2016,57.29,15.66,18.49,0,13.78,0,0,0,5.24,0,21.63,3.89,0.13,2.1,0,0,0.65,4.4,25.71
29,"Albuquerque Overbank Project",35.0452081969,-106.665732215,2017,44.75,40.97,31.27,0.03,18.91,0,0,0,3.95,0,556.93,2.19,2.03,3.94,0.04,0,1.01,5.34,94.52
29,"Albuquerque Overbank Project",35.0452081969,-106.665732215,2018,66.53,29.67,53.91,0.06,37.07,0,0,0,0,2.01,10.98,5.48,2.13,6.96,0.1,0,2.42,3.93,32.56
29,"Albuquerque Overbank Project",35.0452081969,-106.665732215,2019,87.82,46.57,22.48,0.06,28.4,0,0,0,0.01,0.42,3.83,1.79,0,2.69,0.04,0,0.82,6.04,29.61
29,"Albuquerque Overbank Project",35.0452081969,-106.665732215,2020,64.96,41.98,87.07,0.07,53,0,0,0,0.02,0.07,13.89,4.36,6.61,9.8,0.16,0,3.18,5.43,42.46
29,"Albuquerque Overbank Project",35.0452081969,-106.665732215,2021,78.46,41.99,92.27,0.39,48.1,0,0,0,0,0.04,20.54,4.21,3.08,20.58,1.48,0,4.61,5.48,47.74
29,"Albuquerque Overbank Project",35.0452081969,-106.665732215,2022,67.69,47.48,64.44,0.04,94.11,0,0,0,0.24,0.01,21.65,3.39,4.59,22.3,0.27,0,4.11,6.16,48.38
29,"Albuquerque Overbank Project",35.0452081969,-106.665732215,2023,80.86,0.34,53.4,0.09,83.43,0.34,30.91,0.06,0.38,0.09,84.28,1.82,0.97,5.53,0.8,0.01,1.28,5.5,53.13
29,"Albuquerque Overbank Project",35.0452081969,-106.665732215,2024,130.49,0,69.88,0.09,146.19,0.32,22.72,0,0.1,0,27.41,13.31,0.4,10.77,2.99,0.08,3.73,2.97,62.65
30,"State Land Office",34.9679188689,-106.685667747,2014,333.12,0.17,0,0.01,0,0,0,0,0,0.02,335.9,33.16,0,0,0,0,4.47,0.02,94.17
30,"State Land Office",34.9679188689,-106.685667747,2015,293.77,2.08,0,1.09,0.01,0,0,0,0,0.01,395.09,45.83,0.01,0.01,0,0,7.56,0.27,106.09
30,"State Land Office",34.9679188689,-106.685667747,2016,209.65,6.76,0.02,1.02,0.01,0,0,0,0.01,0.78,35.95,76.48,0.03,0,0,0.01,0.33,0.86,47.04
30,"State Land Office",34.9679188689,-106.685667747,2017,198.7,11.73,0.04,0.23,0,0,0,0,1.23,0,46.3,31.32,1.72,0.02,0.03,0,2.57,1.51,43.92
30,"State Land Office",34.9679188689,-106.685667747,2018,238.53,14.13,0.03,0,0,0,0,0,0.01,0,55.68,53.96,0.25,0,0,0,6.97,1.83,52.85
30,"State Land Office",34.9679188689,-106.685667747,2019,251.47,16.73,0.32,0,0,0,0,0,0,0.01,143.51,48.4,0.57,0.01,0.01,0,6.5,2.17,63.11
30,"State Land Office",34.9679188689,-106.685667747,2020,204.24,27.05,1.26,0.01,0,0,0,0,0,0.01,49.99,48.38,1.24,0,0.05,0,6.94,3.5,47.62
30,"State Land Office",34.9679188689,-106.685667747,2021,231.14,12.17,6.58,0.02,0.01,0,0,0,0,0,48.07,40.23,0.44,0.03,0.01,0,5.98,1.56,50.27
30,"State Land Office",34.9679188689,-106.685667747,2022,207.96,9.64,2.33,0.06,0.04,0,0,0,0,0,82.76,23.62,0.11,0.17,0.17,0,4.06,1.24,52.5
30,"State Land Office",34.9679188689,-106.685667747,2023,223.86,0.32,0.17,0.01,0.01,0.32,11.09,0.08,0.01,0,27.94,45.8,0.27,0.02,0.11,0,5.28,1.52,44.43
30,"State Land Office",34.9679188689,-106.685667747,2024,261.84,0,0.22,0.04,0.01,0,11.24,0,0.08,0.01,52.43,32.89,1.75,0.04,0.01,0,4.24,1.45,52.19
31,"San Jose",35.0124335977,-106.672728518,2016,217.37,70.44,0.02,0.03,0.54,0,0,0,0.01,0,225.49,35.75,5.09,0.01,0,0,0.81,9.16,73.17
31,"San Jose",35.0124335977,-106.672728518,2017,176.54,35.13,0.02,0,0,0,0,0,0,0,47.88,23.79,0.42,0,0.01,0,0.14,4.6,42.72
31,"San Jose",35.0124335977,-106.672728518,2018,205.11,20.66,0,0.1,0.16,0,0,0,0,0,49.65,32.46,4.06,0,0.02,0,6.94,2.69,45.65
31,"San Jose",35.0124335977,-106.672728518,2019,273.62,60.14,0.01,0.02,0.32,0,0,0,0.01,0,90.05,24.72,0.14,0.01,0,0,3.3,7.83,64.65
31,"San Jose",35.0124335977,-106.672728518,2020,246.24,35.89,0.01,0.03,0,0,0,0,0,0,26.45,40.56,1.15,0,0.01,0,5.53,4.66,47.23
31,"San Jose",35.0124335977,-106.672728518,2021,245.98,20.42,0.11,0.05,1.57,0,0,0,0,0,43.15,30.41,0.85,0.02,0,0.01,4.09,2.74,45.85
31,"San Jose",35.0124335977,-106.672728518,2022,309.99,13.11,0.02,0.04,0.18,0,0,0,0,0,22.21,14.14,0.21,0,0,0,1.88,1.73,48.7
31,"San Jose",35.0124335977,-106.672728518,2023,197.8,0.19,0.15,0.04,0.03,0.19,31.72,0.65,0,0,31.88,38.17,0.16,0.01,0.04,0,3.65,4.15,47.59
31,"San Jose",35.0124335977,-106.672728518,2024,202.54,0,0.04,1.89,0.01,0.6,29.94,1.66,0.01,0.03,36.42,40.06,1.33,0.01,0.01,0,6.22,3.95,43.79
32,"Sandia",35.255,-106.5907,2016,21.58,10.07,1.78,0.02,0,0,0,0,0.63,0,344.1,0.34,12.57,0.24,0,0,1.95,3.73,58.03
32,"Sandia",35.255,-106.5907,2017,10.59,37.83,1.09,0,1.86,0,0,0,0.01,0,79.55,4.59,2.17,0.13,0.11,0,1.71,4.97,24.41
32,"Sandia",35.255,-106.5907,2018,85.72,55.68,13.58,0.03,0.03,0,0,0,0.03,1.24,25.24,1.76,4.34,0.04,0,0,3.99,7.89,31.85
32,"Sandia",35.255,-106.5907,2019,16.11,44.38,1.81,0.06,0,0,0,0,0.42,0,3788.87,1.74,6.2,0.01,0,0,4.35,6.54,517.63
32,"Sandia",35.255,-106.5907,2020,9.89,79.48,0.03,0.15,0.08,0,0,0,0.46,0.01,32.51,0.11,2.27,0.02,0.01,0,3.4,10.69,25.94
32,"Sandia",35.255,-106.5907,2021,98.87,72.17,0.5,0.05,0,0,0,0,0.32,0.01,71.2,0.4,16.55,0.28,0,0,3.06,10.13,42.64
32,"Sandia",35.255,-106.5907,2022,20.83,82.22,0.05,0.12,0.01,0,0,0,0.02,0.64,48.55,1.41,15.11,0.16,0.02,0,2.94,11.14,25.24
32,"Sandia",35.255,-106.5907,2023,42.95,82.35,0.4,0.17,0,82.35,0,5.12,0.1,0,35.09,0.66,22.5,0.01,0.08,0,6.68,12.43,41.57
32,"Sandia",35.255,-106.5907,2024,29.29,0,0.57,0.01,4.42,94.67,2.75,8.78,2.19,0.31,28.43,2.97,18.78,0.12,0.03,0,3.57,12.65,29.29
33,"Bosque del Apache",33.8196650872,-106.854014975,2018,376.01,5.03,0.26,32.42,0.01,0,0,0,0.01,0,71.64,100.66,1.12,0.17,0,0,13.47,0.8,77.95
33,"Bosque del Apache",33.8196650872,-106.854014975,2019,547.38,13.64,0.1,36.93,0.01,0,0,0,0,0.01,337.48,49.24,0.02,0.01,0,0.08,6.4,1.78,129.86
33,"Bosque del Apache",33.8196650872,-106.854014975,2020,362.95,3.5,0.03,23.25,0.15,0,0,0,0,0.02,46.82,161.64,2.7,0.02,0,0.86,21.6,0.8,80.49
33,"Bosque del Apache",33.8196650872,-106.854014975,2021,313.01,4.12,0.05,21.14,0.03,0,0,0,0.02,0.02,72.99,84.02,0.53,0.01,0.01,0.05,11.27,0.52,65.52
33,"Bosque del Apache",33.8196650872,-106.854014975,2022,317.58,2.49,0.12,20.56,0,0,0,0,0.01,0.03,50.89,83.18,0.6,0.02,0.01,0.08,10.95,0.37,62.47
33,"Bosque del Apache",33.8196650872,-106.854014975,2023,244.52,0.08,0.01,20.29,0,0.08,0.74,0.49,0.08,0,51.58,110.73,0.54,0,0,0.23,14.52,0.21,56.6
33,"Bosque del Apache",33.8196650872,-106.854014975,2024,316.22,0,0.01,14.22,0,0.12,3.86,0.63,0.27,0.19,29.11,103.37,0.67,0.01,0,0.36,14.05,0.47,62.62
34,"River Realignment",33.8227,-106.8419,2019,14.62,110.16,0.93,0.16,0,0,0,0,0,0,23.84,7,10,0,0,0,2.21,14.32,39.9
34,"River Realignment",33.8227,-106.8419,2020,2.63,21.09,4.09,0.08,0,0,0,0,0,0,47.85,24.69,47,0.77,0,0,0.94,2.74,20.12
34,"River Realignment",33.8227,-106.8419,2021,1.7,16.32,0.16,0,0,0,0,0,0.85,0.08,4.09,10.08,13.08,0.77,0,0,0.35,2.12,6.93
34,"River Realignment",33.8227,-106.8419,2022,18.47,0,0,0.93,0,0,0,0,0,0,11.7,0,0,0,0,0,0,0,4.8
34,"River Realignment",33.8227,-106.8419,2023,27.77,0,0,0.08,0,0,0,0,0,0,1.01,0.16,0,0,0,0,0,0,3.84
34,"River Realignment",33.8227,-106.8419,2024,37.93,0,0,0.08,0,0,0,0,0,0,2.47,3.08,0,0,0,0,0.04,0,5.62
