"Site number","Site name","Latitude","Longitude","Reaches","Year","Annual cw gm per m2","Annual will gm per m2","Annual ro gm per m2","Annual sc gm per m2","Annual elm gm per m2","Annual seep gm per m2","Annual nmol gm per m2","Annual indbu gm per m2","Annual woody gm per m2","Annual repcw gm per m2","Annual repwil gm per m2","Annual repruol gm per m2","Annual repelm gm per m2","Annual repsc gm per m2","Annual totalrepro2 gm per m2"
1,"Alameda",35.1875,-106.6459,"Angostura Reach",1997,181.55,0.33,2.32,0.42,22.05,0.05,52.52,0,170,0,0,0,0,0,3.99
1,"Alameda",35.1875,-106.6459,"Angostura Reach",1998,163.01,1.95,0.46,0.13,12.87,0,49.44,0,109.42,0,0,0,0,0,9.57
1,"Alameda",35.1875,-106.6459,"Angostura Reach",1999,282.23,2.9,4.58,0.7,12.88,0.34,34.4,0,172.87,0,0,0,0,0,5.64
1,"Alameda",35.1875,-106.6459,"Angostura Reach",2000,275.12,4.78,4.06,0.52,22.74,0.31,29.24,0,135.24,0,0,0,0,0,6.71
1,"Alameda",35.1875,-106.6459,"Angostura Reach",2001,230.65,1.69,2.55,0.24,17.27,0.01,22.38,0,167.54,0,0,0,0,0,8.98
1,"Alameda",35.1875,-106.6459,"Angostura Reach",2002,185.65,0.1,28.16,0.1,13.61,0,7.68,0,136.78,0,0,0,0,0,11.63
1,"Alameda",35.1875,-106.6459,"Angostura Reach",2003,233.75,0.99,0.37,0.24,18.41,0,49.49,0,124.1,0,0,0,0,0,10.92
1,"Alameda",35.1875,-106.6459,"Angostura Reach",2004,221.22,1.14,0.08,0.19,10.42,0,50.45,0,153.5,0,0,0,0,0,8.95
1,"Alameda",35.1875,-106.6459,"Angostura Reach",2005,222.27,2.39,0.34,0.5,11.39,0,47.3,0,43.07,0,0,0,0,0,9.81
1,"Alameda",35.1875,-106.6459,"Angostura Reach",2006,214.24,0.46,0.42,1.64,9.41,0.79,42.9,0,291.44,0,0,0,0,0,15.57
1,"Alameda",35.1875,-106.6459,"Angostura Reach",2007,210.14,0.89,0.03,0.02,10.25,0.7,53.01,0,258.45,67.01,0.01,0,0,0,9.25
1,"Alameda",35.1875,-106.6459,"Angostura Reach",2008,237.16,6.48,6.69,0.05,6.94,0.01,36.34,0,137.3,32.97,0.86,0.24,0,0,5.4
1,"Alameda",35.1875,-106.6459,"Angostura Reach",2009,261.58,11.03,0.12,0.1,12.2,0.01,13.88,0,309.93,41.06,0,0.03,0,0,6.13
1,"Alameda",35.1875,-106.6459,"Angostura Reach",2010,208.45,0.13,0.08,0.39,10.26,2.54,36.74,0,371.18,67.06,0.39,0,0,0.01,9.91
1,"Alameda",35.1875,-106.6459,"Angostura Reach",2011,296.95,4.27,0.03,0.87,10.3,0,45.83,0.01,117.8,65.38,1.92,0,0,0,8.78
1,"Alameda",35.1875,-106.6459,"Angostura Reach",2012,214.24,4.98,0.04,0.31,11.94,0.01,48.23,0.01,107.7,21.2,0.01,0.02,0,0.01,3.29
1,"Alameda",35.1875,-106.6459,"Angostura Reach",2013,235.27,5.52,0.09,0.1,5.71,0.01,56.13,0,163.37,29.93,0.92,0.4,0,0,4.14
1,"Alameda",35.1875,-106.6459,"Angostura Reach",2014,193.92,7.4,1.78,0.23,17.24,0.69,83.3,0,130.66,42.72,1.86,0,0,0.01,7.4
1,"Alameda",35.1875,-106.6459,"Angostura Reach",2015,262.5,7.78,0.03,3.17,25.13,0.23,87.56,0,100.75,59.61,1.79,0.03,0,0,11.05
1,"Alameda",35.1875,-106.6459,"Angostura Reach",2016,237.81,23.42,0.03,0.06,16.39,0,57.25,0,52.97,54.62,0.73,0.47,0.08,0.01,0.67
1,"Alameda",35.1875,-106.6459,"Angostura Reach",2017,136.84,9.73,4.6,0.05,15.26,0,74.9,0,40.24,49.18,0.12,0.65,1.52,0.15,0.67
1,"Alameda",35.1875,-106.6459,"Angostura Reach",2018,227.64,5.42,0.05,0.4,11.8,0.31,62.82,3.89,53.97,57.94,0.01,1.14,1.58,0,8.09
1,"Alameda",35.1875,-106.6459,"Angostura Reach",2019,214.51,7.49,0.33,0.61,16.09,0,79.45,0.02,2398.28,27.79,3.99,0.25,0.29,0.01,4.39
1,"Alameda",35.1875,-106.6459,"Angostura Reach",2020,281.23,7.77,0.12,0.33,18.57,0,70.77,0.18,28.07,35.81,5.96,0.11,1.98,0.01,5.15
1,"Alameda",35.1875,-106.6459,"Angostura Reach",2021,231.22,11.44,0.07,0.24,19.11,0,91.21,0.08,78.5,42.46,12.85,0.04,0.7,0,6.99
2,"Rio Grande Nature Center",35.127,-106.6854,"Angostura Reach",1997,169.74,0.02,9.27,0.09,0.18,0,0,0,45.05,0,0,0,0,0,1.92
2,"Rio Grande Nature Center",35.127,-106.6854,"Angostura Reach",1998,141.29,0.03,21.24,0.03,1.99,0.01,0.04,0,263.22,0,0,0,0,0,3.56
2,"Rio Grande Nature Center",35.127,-106.6854,"Angostura Reach",1999,269.26,0.37,8.74,3.21,1.25,0,0,0,175.65,0,0,0,0,0,1.83
2,"Rio Grande Nature Center",35.127,-106.6854,"Angostura Reach",2000,217.25,0.63,5.32,0.37,0.08,0,0.09,0,52.57,0,0,0,0,0,2.03
2,"Rio Grande Nature Center",35.127,-106.6854,"Angostura Reach",2001,273.05,0.04,6.16,1.18,0.01,0,0.25,0,80.1,0,0,0,0,0,4.11
2,"Rio Grande Nature Center",35.127,-106.6854,"Angostura Reach",2002,186.91,1.19,1.73,0.03,0,0,1.36,0,112.72,0,0,0,0,0,2.21
2,"Rio Grande Nature Center",35.127,-106.6854,"Angostura Reach",2003,149.96,3.39,26.12,0,0.02,0,0,0,33.44,0,0,0,0,0,3.11
2,"Rio Grande Nature Center",35.127,-106.6854,"Angostura Reach",2004,161.85,0.09,0.02,0.11,0,0,0,0,90.57,0,0,0,0,0,5.34
2,"Rio Grande Nature Center",35.127,-106.6854,"Angostura Reach",2005,179.88,0.08,0,0.01,0,0,0,0,16.8,0,0,0,0,0,5.88
2,"Rio Grande Nature Center",35.127,-106.6854,"Angostura Reach",2006,185.33,0.04,0.21,1.28,0,0,0,0,40.23,0,0,0,0,0,4.17
2,"Rio Grande Nature Center",35.127,-106.6854,"Angostura Reach",2007,152.02,0.17,0.01,0.01,0.28,0,0,0,28.55,11.52,0,0.02,0,0,3.21
2,"Rio Grande Nature Center",35.127,-106.6854,"Angostura Reach",2008,177.62,0,0.08,0.01,0,0,0,0,86.05,15.87,0.09,0,0,0,2.19
2,"Rio Grande Nature Center",35.127,-106.6854,"Angostura Reach",2009,176.08,0,0,0,0,0,0,0,17.88,27.42,0.01,0,0,0,3.57
2,"Rio Grande Nature Center",35.127,-106.6854,"Angostura Reach",2010,209.51,0,0.01,0,0,0,0,0,30.25,29.43,0,0.62,0,0,4.28
2,"Rio Grande Nature Center",35.127,-106.6854,"Angostura Reach",2011,237.83,0,0.05,0.05,0.02,0,0,0,180.06,20.65,0,0,0,0.01,2.97
2,"Rio Grande Nature Center",35.127,-106.6854,"Angostura Reach",2012,219.89,0,0,0.01,0,0,0,0,22.99,11.58,0,0,0,0,2.03
2,"Rio Grande Nature Center",35.127,-106.6854,"Angostura Reach",2013,236.88,0.02,0,0.04,0.03,0,0,0,69.6,11.44,0.01,0.15,0,0,1.54
2,"Rio Grande Nature Center",35.127,-106.6854,"Angostura Reach",2014,169.8,0.02,0.01,0.02,0.01,0,0,0,35.07,6.17,0,0.01,0,0,0.9
2,"Rio Grande Nature Center",35.127,-106.6854,"Angostura Reach",2015,154.46,0.11,0.01,0.01,0.01,0,0,0,26.25,13.44,0.02,0,0,0,2.23
2,"Rio Grande Nature Center",35.127,-106.6854,"Angostura Reach",2016,163.45,0.01,0.03,0.01,0.18,0,0.01,0,184.12,19.78,0,0.01,0.01,0,0.55
2,"Rio Grande Nature Center",35.127,-106.6854,"Angostura Reach",2017,128.47,0.02,0,0.02,0.01,0,0,0,89.82,13.79,0.01,0.1,0.04,0,2.07
2,"Rio Grande Nature Center",35.127,-106.6854,"Angostura Reach",2018,153.44,0.01,0.04,0.02,0.01,0,0,0.01,36.61,10.34,0.01,0.01,0.03,0,2
2,"Rio Grande Nature Center",35.127,-106.6854,"Angostura Reach",2019,116.35,0,0.07,0.02,0.18,0,0.16,0,158.83,12.1,0,0.79,0.01,0.31,3.36
2,"Rio Grande Nature Center",35.127,-106.6854,"Angostura Reach",2020,122.32,0.01,0.02,0.07,0.56,0,0.33,0.01,7.31,7.92,0.08,0.34,0.04,0.04,1.72
2,"Rio Grande Nature Center",35.127,-106.6854,"Angostura Reach",2021,102.03,0,0.03,0.14,0.09,0,0.01,0,27.78,8.51,0,0.02,0,0.01,1.17
3,"Los Lunas",34.81236936,-106.714458,"Isleta Reach",1997,156.15,18.34,3.29,0.02,2.92,0,0.55,0,16.68,0,0,0,0,0,0.08
3,"Los Lunas",34.81236936,-106.714458,"Isleta Reach",1998,186.41,23.35,3.26,0,1.33,0.04,1.32,0,243.26,0,0,0,0,0,9.03
3,"Los Lunas",34.81236936,-106.714458,"Isleta Reach",1999,294.84,22.74,2.9,0.02,1.52,0,1.2,0,135.89,0,0,0,0,0,2.93
3,"Los Lunas",34.81236936,-106.714458,"Isleta Reach",2000,235.14,13.46,1.1,0.01,3.95,5.01,0.14,0,105.46,0,0,0,0,0,7.9
3,"Los Lunas",34.81236936,-106.714458,"Isleta Reach",2001,377.92,25.87,2.87,0,7.61,0.17,0.16,0.01,56.17,0,0,0,0,0,5.73
3,"Los Lunas",34.81236936,-106.714458,"Isleta Reach",2002,168.14,21.85,0.73,0.03,0.21,1.31,0.37,0,45.64,0,0,0,0,0,9.14
3,"Los Lunas",34.81236936,-106.714458,"Isleta Reach",2003,368.64,38.16,5.19,0.01,8.62,0.09,0.09,0.06,83.89,0,0,0,0,0,10.63
3,"Los Lunas",34.81236936,-106.714458,"Isleta Reach",2004,277.35,26.85,2.49,0.52,7.51,0.32,0,0.41,48.96,0,0,0,0,0,6.48
3,"Los Lunas",34.81236936,-106.714458,"Isleta Reach",2005,281.56,30.18,13.25,0.01,12.4,0.16,2.32,0.23,86.98,0,0,0,0,0,7.2
3,"Los Lunas",34.81236936,-106.714458,"Isleta Reach",2006,341.67,25.39,11,0,10.89,0.03,0.09,0.17,270.67,0,0,0,0,0,13.16
3,"Los Lunas",34.81236936,-106.714458,"Isleta Reach",2007,308.77,30.5,20.38,0.01,20.63,0.19,0.02,0.01,281.22,47.87,1.42,2.57,0,0.02,7.39
3,"Los Lunas",34.81236936,-106.714458,"Isleta Reach",2008,296.69,22.48,11.96,0.31,12.79,2.79,0,0.34,39.96,65.69,2.48,1.12,0,0,9.28
3,"Los Lunas",34.81236936,-106.714458,"Isleta Reach",2009,247.28,25.98,19.33,0.1,16.04,0.1,0.02,0.33,62.68,72.76,1.36,0.99,0,0,10.13
3,"Los Lunas",34.81236936,-106.714458,"Isleta Reach",2010,282.43,22.04,24.18,0.03,26,0,0.01,0.19,55.47,72.36,3.4,7.3,0,0,11.22
3,"Los Lunas",34.81236936,-106.714458,"Isleta Reach",2011,321.6,24.54,20.24,0.04,22.94,3.65,0.01,4.75,35.18,62.25,1.94,8.11,0,0.15,9.6
3,"Los Lunas",34.81236936,-106.714458,"Isleta Reach",2012,279.59,24.17,20.57,0.05,32.71,0,0,0.02,38.11,41.82,0.58,3.3,0,0.01,7.49
3,"Los Lunas",34.81236936,-106.714458,"Isleta Reach",2013,300.24,17.27,14.41,0.02,34.58,0.4,5.98,0.25,112.1,54.07,1.94,3.03,0,0,7.81
3,"Los Lunas",34.81236936,-106.714458,"Isleta Reach",2014,282.76,21.86,13.75,0,38.26,0.01,0.22,0.38,371.36,47.51,1.89,6.33,0,0,7.35
3,"Los Lunas",34.81236936,-106.714458,"Isleta Reach",2015,329.78,21.53,20.43,0,38.17,0.02,0,0.04,22.58,37.94,1,5.14,0,0,6.24
3,"Los Lunas",34.81236936,-106.714458,"Isleta Reach",2016,227.14,14.77,19.69,0.01,48.42,4,0.12,0,40.64,69.79,0.56,2.8,0.35,0,1.78
3,"Los Lunas",34.81236936,-106.714458,"Isleta Reach",2017,246.74,21.34,12.27,0.26,45.39,2.73,0.11,0.01,51.47,19.48,0.14,2.2,0.21,0,1.15
3,"Los Lunas",34.81236936,-106.714458,"Isleta Reach",2018,300.71,13.35,15.14,0.01,45.15,0.15,2.73,0.47,63.59,45.97,0.6,5.24,0.06,0,6.86
3,"Los Lunas",34.81236936,-106.714458,"Isleta Reach",2019,422.67,25.6,16.2,0.01,44.97,0.01,0.01,0.26,561.89,13.25,0.04,0.19,0.25,0,1.8
3,"Los Lunas",34.81236936,-106.714458,"Isleta Reach",2020,381.87,22.15,28.64,0.04,66.12,0.03,0.37,0.11,106.9,71.76,1.72,4.19,1.2,0.01,10.33
3,"Los Lunas",34.81236936,-106.714458,"Isleta Reach",2021,373.64,23.57,30.12,0.04,64.67,0,0.34,0.03,73.69,72.56,0.83,3.7,0.59,0,10.51
4,"Belen",34.6484315,-106.7377022,"Isleta Reach",1998,39.22,62.2,92.63,0,0,0,0,0,15.35,0,0,0,0,0,2.41
4,"Belen",34.6484315,-106.7377022,"Isleta Reach",1999,66.25,47.21,108.48,0.01,0.01,0,0,0,18.68,0,0,0,0,0,2.74
4,"Belen",34.6484315,-106.7377022,"Isleta Reach",2000,72.72,39.18,108.08,0,0,0,0.78,0,15.1,0,0,0,0,0,6.53
4,"Belen",34.6484315,-106.7377022,"Isleta Reach",2001,63.16,16.55,70.06,9.47,0,0,0.01,0,9.11,0,0,0,0,0,3.6
4,"Belen",34.6484315,-106.7377022,"Isleta Reach",2002,99.7,19.78,71.87,0.2,0,0,0,0,12.12,0,0,0,0,0,3.48
4,"Belen",34.6484315,-106.7377022,"Isleta Reach",2003,135.91,16.54,73.12,0,0.02,0.12,0.5,0,23.88,0,0,0,0,0,4.86
4,"Belen",34.6484315,-106.7377022,"Isleta Reach",2004,180.47,18.15,61.62,0,0,0,0,0,19.95,0,0,0,0,0,5.19
4,"Belen",34.6484315,-106.7377022,"Isleta Reach",2005,208.34,53.06,75.96,0.01,0,0,0,0,17.86,0,0,0,0,0,9.21
4,"Belen",34.6484315,-106.7377022,"Isleta Reach",2006,198.69,10.79,89.96,0.16,0,0.18,0,0,23.37,0,0,0,0,0,11.37
4,"Belen",34.6484315,-106.7377022,"Isleta Reach",2007,172.99,2.4,94.74,0,0,0,0,0,20.56,28.53,0.4,28.97,0,0,7.78
4,"Belen",34.6484315,-106.7377022,"Isleta Reach",2008,278.52,6.2,78.71,0.03,0,1.08,0,0,66.43,16.2,2.08,79.86,0,0.02,12.77
4,"Belen",34.6484315,-106.7377022,"Isleta Reach",2009,245.33,4.06,66.8,0,0.01,0,0.02,0,57.14,16.96,0.32,13.02,0,0.15,4.06
4,"Belen",34.6484315,-106.7377022,"Isleta Reach",2010,173.48,5.97,51.77,0.02,0.08,0,0,0.01,25.5,41.9,0.33,11.92,0,0,7.07
4,"Belen",34.6484315,-106.7377022,"Isleta Reach",2011,182.25,7.13,40.8,0.03,0,0,0,0.01,26.86,36.32,0.88,4.03,0,1,5.89
4,"Belen",34.6484315,-106.7377022,"Isleta Reach",2012,159.07,7.74,45.31,0.02,0,0,0,0,16.63,16.78,0.46,17.49,0,0,4.54
4,"Belen",34.6484315,-106.7377022,"Isleta Reach",2013,219.15,6.39,46.91,0,0.01,0,0,0,19.71,30.83,0.47,5.84,0,0,4.9
4,"Belen",34.6484315,-106.7377022,"Isleta Reach",2014,186.15,5.38,55.08,0.02,0.02,0,0,0.02,587.47,38.63,1.02,14.79,0,0,7.13
4,"Belen",34.6484315,-106.7377022,"Isleta Reach",2015,228.13,0.72,61.5,0,0,0,0,0,22.2,24.31,0.01,14.68,0,0,5.06
4,"Belen",34.6484315,-106.7377022,"Isleta Reach",2016,140.72,1.42,60.08,0.46,0.01,0.01,0,0,205.35,42.12,0,16.14,0,0,2.41
4,"Belen",34.6484315,-106.7377022,"Isleta Reach",2017,183.69,0.13,53.58,0,0.01,0.08,0.02,0,19.91,15.98,0.01,17.62,0.17,0,2.42
4,"Belen",34.6484315,-106.7377022,"Isleta Reach",2018,232.35,0.53,46.55,0,0.02,1.01,0.01,0,43.95,27.79,0,9.11,0,0,4.87
4,"Belen",34.6484315,-106.7377022,"Isleta Reach",2019,248.4,0.29,37,0,0,0.34,0,0.01,325.31,35.89,2.07,11.22,0.04,0,6.43
4,"Belen",34.6484315,-106.7377022,"Isleta Reach",2020,326.95,0.39,35.54,0.01,0.03,0.03,0.01,0,40.26,53.83,0.02,8.34,0.04,0.01,7.77
4,"Belen",34.6484315,-106.7377022,"Isleta Reach",2021,187.88,0.2,31.48,0.03,0,0.58,0,0,21.96,70.8,0.02,4.49,0,0,9.62
4,"Belen",34.6484315,-106.7377022,"Isleta Reach",2022,23.23,0.02,0.72,0,0,0.08,0,0,0.35,0.01,0,0,0,0,0.02
5,"Santa Ana",35.34284,-106.5458,"Angostura Reach",1999,358.89,0,0,0.31,0.01,0,0,0,61.71,0,0,0,0,0,0.54
5,"Santa Ana",35.34284,-106.5458,"Angostura Reach",2000,747.5,0,0.33,0,0,0,0,0,280.57,0,0,0,0,0,4.48
5,"Santa Ana",35.34284,-106.5458,"Angostura Reach",2001,1065.45,0.02,0.02,1.23,0,0,0.02,0,258.85,0,0,0,0,0,4
5,"Santa Ana",35.34284,-106.5458,"Angostura Reach",2002,848.34,0,0.01,0,0,0,0,0,60.6,0,0,0,0,0,4.62
5,"Santa Ana",35.34284,-106.5458,"Angostura Reach",2003,715.91,0,0.01,0.03,0,0,0,0,77.14,0,0,0,0,0,6.54
5,"Santa Ana",35.34284,-106.5458,"Angostura Reach",2004,537.82,0.01,0,0,0,0,0,0,29.97,0,0,0,0,0,2.75
5,"Santa Ana",35.34284,-106.5458,"Angostura Reach",2005,1046.93,1.2,0,0.02,0,0,0,0,105.29,0,0,0,0,0,10.42
5,"Santa Ana",35.34284,-106.5458,"Angostura Reach",2006,281.92,0,0.08,0,0,0,0,0,149.86,0,0,0,0,0,7.02
5,"Santa Ana",35.34284,-106.5458,"Angostura Reach",2007,150.34,0,0,0,0,0,0.01,0,56.05,30.85,0,0,0,0,4.01
5,"Santa Ana",35.34284,-106.5458,"Angostura Reach",2008,386.67,0,0,0,0,0,0,0,52.53,48.34,0,0,0,0,7.69
5,"Santa Ana",35.34284,-106.5458,"Angostura Reach",2009,370.35,0.01,0.01,0.01,0,0,0.03,0,158.12,42.76,0.02,0,0,0,5.9
5,"Santa Ana",35.34284,-106.5458,"Angostura Reach",2010,487.58,0.02,0,0.43,0,0,0.08,0.01,115.74,45.36,9.48,0,0,0,7.53
5,"Santa Ana",35.34284,-106.5458,"Angostura Reach",2011,569.8,0.02,0,0.93,0.01,0,0.2,0,122.53,41.45,0.01,0,0,0,6.11
5,"Santa Ana",35.34284,-106.5458,"Angostura Reach",2012,330.03,0.01,0,0,0.02,0,0.01,0,70.04,20.75,0,0,0,0,4.09
5,"Santa Ana",35.34284,-106.5458,"Angostura Reach",2013,246.26,0.16,0,0.02,0,0,0,0,82.33,19.36,0,0,0,0,2.55
5,"Santa Ana",35.34284,-106.5458,"Angostura Reach",2014,123.9,0.02,0.02,0,0.02,0,0.02,0,113.71,5.19,0,0,0,0,2.09
5,"Santa Ana",35.34284,-106.5458,"Angostura Reach",2015,153.39,0.01,0,0.01,0.01,0,0.1,0.01,1131.21,14.01,0,0,0,0,4.21
5,"Santa Ana",35.34284,-106.5458,"Angostura Reach",2016,261.41,0.29,0,0,0,0,0.09,0,2329.31,30.25,0.1,0,0,0.01,3.01
5,"Santa Ana",35.34284,-106.5458,"Angostura Reach",2017,193.17,0.01,0.08,0,0,0.01,0.27,0,200.11,29.18,0,0.01,0.02,0,2.04
5,"Santa Ana",35.34284,-106.5458,"Angostura Reach",2018,250.37,0,0,0.01,0,0.01,0.01,0.23,218.23,32.32,0,0.01,0.01,0.01,4.54
5,"Santa Ana",35.34284,-106.5458,"Angostura Reach",2019,155.34,0.41,0.32,0,0,0,0.03,0,343.52,20.41,0,0.03,0,0,5.33
5,"Santa Ana",35.34284,-106.5458,"Angostura Reach",2020,242.69,0.04,0.02,0,0,0,0.15,0,51.9,29.2,4.31,0,0,0,5.08
5,"Santa Ana",35.34284,-106.5458,"Angostura Reach",2021,184.14,0,0.01,0.01,0,0,0.04,0.01,82.05,31.95,0,0.02,0,0,4.19
6,"Savannah",35.14285294,-106.6819814,"Angostura Reach",2000,88.49,5.98,32,3.71,0.34,0,0.01,0.09,176.39,0,0,0,0,0,3.53
6,"Savannah",35.14285294,-106.6819814,"Angostura Reach",2001,62.86,0.07,25.25,5.16,0.16,0,0.01,0,36.78,0,0,0,0,0,1.64
6,"Savannah",35.14285294,-106.6819814,"Angostura Reach",2002,74.34,0,14.05,5.45,0,0,0.38,0,26.91,0,0,0,0,0,1.65
6,"Savannah",35.14285294,-106.6819814,"Angostura Reach",2003,77.6,0.15,32.56,0.84,0,0,0.31,0,95.58,0,0,0,0,0,1.05
6,"Savannah",35.14285294,-106.6819814,"Angostura Reach",2004,55.91,0,44.46,5.64,0.1,0,0.01,0,15.06,0,0,0,0,0,2.11
6,"Savannah",35.14285294,-106.6819814,"Angostura Reach",2005,72.63,0.01,55.35,13.05,0,0,4.65,0,11.3,0,0,0,0,0,4.79
6,"Savannah",35.14285294,-106.6819814,"Angostura Reach",2006,84.02,14.23,33.5,36.09,1.23,0,0.7,0,97.56,0,0,0,0,0,3.76
6,"Savannah",35.14285294,-106.6819814,"Angostura Reach",2007,71.83,1.82,34.2,4.67,0.01,0,0.02,0.01,40.57,7.59,0,1.78,0,1.26,2
6,"Savannah",35.14285294,-106.6819814,"Angostura Reach",2008,86.7,7.26,24.17,13.5,0.48,0.16,0.02,0.54,24.43,19.56,0.02,3.93,0,0.02,3.97
6,"Savannah",35.14285294,-106.6819814,"Angostura Reach",2009,91.06,4.73,40.17,22.91,1.01,0,0,0,25.51,8.87,0,0.32,0,0.08,1.67
6,"Savannah",35.14285294,-106.6819814,"Angostura Reach",2010,70.81,5.22,24.56,10.93,0.18,0.15,1.16,0,12.47,13.64,0.02,0.28,0,0,2.02
6,"Savannah",35.14285294,-106.6819814,"Angostura Reach",2011,96.19,0.06,33.67,10.85,0.01,0,0,0.01,24.6,6.02,0.01,1.2,0,0.57,1.01
6,"Savannah",35.14285294,-106.6819814,"Angostura Reach",2012,106.4,3.68,54.36,21.36,0,0,0.16,0.08,14.27,8.1,0,2.27,0,0.02,1.37
6,"Savannah",35.14285294,-106.6819814,"Angostura Reach",2013,136.51,0.12,41.21,23,0.02,0,0,0.1,20.38,8.75,0,1.28,0,2.21,1.71
6,"Savannah",35.14285294,-106.6819814,"Angostura Reach",2014,98.81,1.64,36.3,18.55,0.02,0.48,0.13,0,40.99,10.2,0.11,2.82,0,0.55,2.11
6,"Savannah",35.14285294,-106.6819814,"Angostura Reach",2015,103.32,0.12,49.66,23.22,0.09,0,0.25,0,18.02,6.7,0.01,4.2,0,0.87,3.34
6,"Savannah",35.14285294,-106.6819814,"Angostura Reach",2016,80.29,8.76,55.66,19.08,0,1.62,0.12,0,16.84,10.57,0.02,3.53,0.01,0.11,1.94
6,"Savannah",35.14285294,-106.6819814,"Angostura Reach",2017,99.55,4.09,79.43,32.5,0.02,0,0.03,0,31.59,4.3,0.27,4.16,0,0,2.49
6,"Savannah",35.14285294,-106.6819814,"Angostura Reach",2018,105.75,1.05,67.67,36.51,0,0,0.01,0.01,26.93,8.42,0,3.88,0,0.55,2.21
6,"Savannah",35.14285294,-106.6819814,"Angostura Reach",2019,129.92,3.97,81.89,41,0.02,0.01,0.04,0.16,57.48,12.63,0.03,8.77,0,14.96,6.32
6,"Savannah",35.14285294,-106.6819814,"Angostura Reach",2020,142.47,4.12,100.95,43.64,0.01,0.41,0.03,0.08,49.48,8.79,0.94,6.42,0,2.88,2.66
6,"Savannah",35.14285294,-106.6819814,"Angostura Reach",2021,101.53,2.14,101.91,42.14,0.02,0,0.41,0.58,65.53,16.81,0.33,7.1,0.01,0.8,3.81
7,"Lemitar",34.16703188,-106.8899486,"San Acacia Reach",2000,10.86,0,0,18.5,0,0,0,0,4.39,0,0,0,0,0,0.01
7,"Lemitar",34.16703188,-106.8899486,"San Acacia Reach",2001,24.37,0.01,0,18.71,0,0,0,0,11.76,0,0,0,0,0,0.3
7,"Lemitar",34.16703188,-106.8899486,"San Acacia Reach",2002,20.16,0,0,11.01,0,0,0,0,5.02,0,0,0,0,0,0.88
7,"Lemitar",34.16703188,-106.8899486,"San Acacia Reach",2003,5.14,0,0.08,0.66,0,0,0,0,2.17,0,0,0,0,0,0.16
7,"Lemitar",34.16703188,-106.8899486,"San Acacia Reach",2004,19.39,0,0.31,13.5,0,0.01,0,0,0.19,0,0,0,0,0,0.01
7,"Lemitar",34.16703188,-106.8899486,"San Acacia Reach",2005,20.83,0,0,21.98,0,0,0,0,3.3,0,0,0,0,0,0.58
7,"Lemitar",34.16703188,-106.8899486,"San Acacia Reach",2006,22.92,0.01,0.02,20.24,0,0,0,0,29.57,0,0,0,0,0,0.41
7,"Lemitar",34.16703188,-106.8899486,"San Acacia Reach",2007,24.16,0,0,28.57,0,0,0,0,22.1,1.82,0,0,0,0,0.81
7,"Lemitar",34.16703188,-106.8899486,"San Acacia Reach",2008,15.1,0.02,0.02,13.57,0,0,0,0,15.62,2.76,0,0.39,0,2.65,0.98
7,"Lemitar",34.16703188,-106.8899486,"San Acacia Reach",2009,27.73,0.15,0.01,11.63,0,0.01,0,0,6.87,1.89,0,0,0,0.39,0.43
7,"Lemitar",34.16703188,-106.8899486,"San Acacia Reach",2010,25.81,0,1.18,26.28,0,0,0,0,1.37,2.3,0.01,3.96,0,0.03,0.83
7,"Lemitar",34.16703188,-106.8899486,"San Acacia Reach",2011,7.39,0,0.01,9.29,0,0,0,0,3.41,2.7,0,0,0,0.52,1.57
7,"Lemitar",34.16703188,-106.8899486,"San Acacia Reach",2012,13.71,0.01,0,23.08,0,0,0,0,34.08,0.47,0,0,0,0.48,0.4
7,"Lemitar",34.16703188,-106.8899486,"San Acacia Reach",2013,11.98,0,0,20.34,0,0,0,0,4.06,1.86,0,0.31,0,0,0.97
7,"Lemitar",34.16703188,-106.8899486,"San Acacia Reach",2014,13.67,0.01,0,20.53,0.01,0,0,0,2.85,0.66,0,0,0,0.49,0.17
7,"Lemitar",34.16703188,-106.8899486,"San Acacia Reach",2015,8.02,0.01,0.02,26.95,0,0,0,0,25.42,0.5,0,0,0,0.01,0.1
7,"Lemitar",34.16703188,-106.8899486,"San Acacia Reach",2016,3.67,0,0.01,20.86,0,0,0,0,4.33,0.54,0.02,0,0.01,0.24,0.05
7,"Lemitar",34.16703188,-106.8899486,"San Acacia Reach",2017,4.43,0.03,0.01,15.59,0,0,0,3.38,893.52,0.53,0,1.71,0,0.01,0.25
7,"Lemitar",34.16703188,-106.8899486,"San Acacia Reach",2018,11.44,0,0,16.56,0,0,0.01,0.15,8.39,1.34,0,0.04,0.01,0.16,0.3
7,"Lemitar",34.16703188,-106.8899486,"San Acacia Reach",2019,9.18,0.01,0.01,6.99,0,0,0.1,0,15.17,0.63,0.01,0.21,0.02,0,0.14
7,"Lemitar",34.16703188,-106.8899486,"San Acacia Reach",2020,4.67,0,0.01,17.47,0.01,0,0.03,0,3.82,0.6,0,0.1,0,0.04,0.29
7,"Lemitar",34.16703188,-106.8899486,"San Acacia Reach",2021,5.16,0.02,0.01,15.22,0,0,0.55,0,20.3,0.24,0.1,0,0,0.04,0.68
8,"Hispanic Cultural Center",35.06881267,-106.6580575,"Angostura Reach",2002,287.86,14.87,13.68,0,1.11,8.22,0.01,0,323.06,0,0,0,0,0,12.93
8,"Hispanic Cultural Center",35.06881267,-106.6580575,"Angostura Reach",2003,983.65,11.18,45.3,2.45,47.23,0.92,5.55,2.08,219.79,0,0,0,0,0,13.89
8,"Hispanic Cultural Center",35.06881267,-106.6580575,"Angostura Reach",2004,547.43,6.91,23.59,0,1.32,0,0.22,0,95.41,0,0,0,0,0,8.94
8,"Hispanic Cultural Center",35.06881267,-106.6580575,"Angostura Reach",2005,368.04,14.01,0.01,0,17.96,0,1.24,0,99.53,0,0,0,0,0,7.13
8,"Hispanic Cultural Center",35.06881267,-106.6580575,"Angostura Reach",2006,456.64,20.84,0.02,0,60.53,0.01,0.18,7.62,101.56,0,0,0,0,0,18.44
8,"Hispanic Cultural Center",35.06881267,-106.6580575,"Angostura Reach",2007,370.9,15.15,0,0.26,21.55,0.01,0,0,91.81,74.21,0.46,0.17,0,0,12.71
8,"Hispanic Cultural Center",35.06881267,-106.6580575,"Angostura Reach",2008,388.89,10.33,0.1,1.69,1.97,0,0,0,42.45,96.4,8.57,0,0,0.53,14.67
8,"Hispanic Cultural Center",35.06881267,-106.6580575,"Angostura Reach",2009,602.93,13.1,0.02,0,8.81,0.01,0,0.31,106.54,51.84,0,0,0,0,9.38
8,"Hispanic Cultural Center",35.06881267,-106.6580575,"Angostura Reach",2010,654.74,7.7,0.3,0,0.7,0,0,0,71.96,58.06,2.83,0,0,0,9.44
8,"Hispanic Cultural Center",35.06881267,-106.6580575,"Angostura Reach",2011,758.06,14.93,0.09,0.01,2.99,0.1,0.03,0.11,111.33,83.66,0.31,0.01,0,0,13.89
8,"Hispanic Cultural Center",35.06881267,-106.6580575,"Angostura Reach",2012,371.43,15.65,2.74,0,3.33,0.05,0,0,41.62,86,0.01,0.11,0,0,11.79
8,"Hispanic Cultural Center",35.06881267,-106.6580575,"Angostura Reach",2013,363.83,10.25,0.06,0.01,0.48,0.02,0.23,0.85,353.04,80.11,0.12,0,0,7.08,12.04
8,"Hispanic Cultural Center",35.06881267,-106.6580575,"Angostura Reach",2014,267.27,20.66,0.01,0,6.62,0.17,0.01,0,56.12,55.57,0.2,0,0,0,7.61
8,"Hispanic Cultural Center",35.06881267,-106.6580575,"Angostura Reach",2015,371.95,14.98,0.23,0,11.14,0.61,0.02,0.48,49.78,64.91,0.99,0.01,0,0,8.94
8,"Hispanic Cultural Center",35.06881267,-106.6580575,"Angostura Reach",2016,359.72,7.08,0.22,0,19.14,0.17,0.17,0.01,109.98,107.52,0.01,0.01,0.09,0,0.48
8,"Hispanic Cultural Center",35.06881267,-106.6580575,"Angostura Reach",2017,301.02,7.65,0.59,0,16.26,2.73,0.26,0.23,69.33,47.73,0.65,0.01,1.03,0,1.06
8,"Hispanic Cultural Center",35.06881267,-106.6580575,"Angostura Reach",2018,356.73,10.55,0.3,0.01,21.18,0.05,1.05,0.11,373.85,53.41,0.02,0.93,0.48,0,6.91
8,"Hispanic Cultural Center",35.06881267,-106.6580575,"Angostura Reach",2019,267.68,14.57,1.05,0.01,43.03,0.22,0.81,0.47,81.98,62.95,2.07,0,0.55,0,9.56
8,"Hispanic Cultural Center",35.06881267,-106.6580575,"Angostura Reach",2020,288.23,16.25,1.31,0.02,36.21,0.02,1.25,0.38,379.34,72.36,2.14,0.34,1.81,0.01,9.77
8,"Hispanic Cultural Center",35.06881267,-106.6580575,"Angostura Reach",2021,275.06,16.33,0.79,0.07,41.49,0.54,2.61,0.02,1369.13,79.31,2.6,1.92,0.03,0,10.13
9,"Ohkay Owingeh",36.0618,-106.0761,"Cochiti Reach",2002,121.02,0.03,0.16,0,0.16,0,0.12,0,184.83,0,0,0,0,0,1.86
9,"Ohkay Owingeh",36.0618,-106.0761,"Cochiti Reach",2003,206.95,0.6,0.08,0,0.18,0.01,0.01,0,25.87,0,0,0,0,0,11.79
9,"Ohkay Owingeh",36.0618,-106.0761,"Cochiti Reach",2004,122.29,3.79,0.72,0,0.08,0,0,0,33.59,0,0,0,0,0,7.4
9,"Ohkay Owingeh",36.0618,-106.0761,"Cochiti Reach",2005,116.3,7.62,3.71,0.02,0,0.01,0,0,44.4,0,0,0,0,0,11.82
9,"Ohkay Owingeh",36.0618,-106.0761,"Cochiti Reach",2006,85.46,18.4,3.06,0,0.23,0,0,0,47.58,0,0,0,0,0,4.94
9,"Ohkay Owingeh",36.0618,-106.0761,"Cochiti Reach",2007,105.41,19.81,0.57,0,0.36,0.01,4.09,0.23,74.36,19.01,5.81,0.01,0,0,4.15
9,"Ohkay Owingeh",36.0618,-106.0761,"Cochiti Reach",2008,129.39,16.86,3.09,2.33,0.03,0.1,0.01,0,334.42,19.56,4.42,0.01,0,0.02,3.69
9,"Ohkay Owingeh",36.0618,-106.0761,"Cochiti Reach",2009,108.37,23.8,0.06,0.02,0.59,3.1,14.34,0,44.1,15.95,1.36,0,0,0.02,3.61
9,"Ohkay Owingeh",36.0618,-106.0761,"Cochiti Reach",2010,33.75,2.01,0.02,1.69,0.01,0.02,0,0,25.23,9.74,0.01,0,0,0,7.04
9,"Ohkay Owingeh",36.0618,-106.0761,"Cochiti Reach",2011,16.24,8.98,0.04,0,0,0,0.17,0,27.8,5.12,1.33,0,0,0,6.01
9,"Ohkay Owingeh",36.0618,-106.0761,"Cochiti Reach",2012,17.53,15.23,0.37,0.02,0,0.08,0.31,0.01,48.49,8.22,1.94,0,0,0,4.17
9,"Ohkay Owingeh",36.0618,-106.0761,"Cochiti Reach",2013,13.61,22.01,0.49,0,1.93,0.01,7.2,0.01,544.4,3.37,2.01,0.01,0,0.01,1.32
9,"Ohkay Owingeh",36.0618,-106.0761,"Cochiti Reach",2014,11.64,24,1.3,0.09,0.76,0.01,0.79,4.86,177.55,2.47,3.78,0,0,0,2.11
9,"Ohkay Owingeh",36.0618,-106.0761,"Cochiti Reach",2015,8.18,37.74,1.11,0.04,5.07,0.24,0.17,0.02,12.86,2.53,9.13,0.01,0,0,3
10,"Diversion",35.1908,-106.6429,"Angostura Reach",2003,103.35,7.93,4.62,3.32,49.94,1.15,0.25,0.02,109.46,0,0,0,0,0,3.48
10,"Diversion",35.1908,-106.6429,"Angostura Reach",2004,52.55,3.31,11.7,3.71,22.96,0,0,0,29.27,0,0,0,0,0,2.48
10,"Diversion",35.1908,-106.6429,"Angostura Reach",2005,117.66,7.76,8.38,6.86,71.78,0,0.01,0.9,126.28,0,0,0,0,0,2.33
10,"Diversion",35.1908,-106.6429,"Angostura Reach",2006,80.57,8.79,6.59,20.88,34.81,0.01,5.94,0,159.83,0,0,0,0,0,3.56
10,"Diversion",35.1908,-106.6429,"Angostura Reach",2007,124.84,16.51,5.55,7.01,51.85,0.05,5.78,0,81.39,17.18,0.12,0,0,0,2.33
10,"Diversion",35.1908,-106.6429,"Angostura Reach",2008,134.4,25.27,2,8.55,46.1,0.01,0.02,0,96.51,9.15,0.19,1.99,0,3.78,2.31
10,"Diversion",35.1908,-106.6429,"Angostura Reach",2009,90.63,28.23,7.76,0.95,53.97,0,0.64,0,65.51,25.48,0.56,0.01,0,0,3.86
10,"Diversion",35.1908,-106.6429,"Angostura Reach",2010,122.99,10.14,3.13,2.87,47.43,0.09,0.48,0,176.78,18.45,0.02,0.32,0,0.23,3.38
10,"Diversion",35.1908,-106.6429,"Angostura Reach",2011,92.51,7.94,4.56,2.35,46.06,0.32,0.32,0.08,91.51,3.2,0.52,4.7,0,0.03,2.15
10,"Diversion",35.1908,-106.6429,"Angostura Reach",2012,58.87,9.9,13.58,6.19,62.7,0,0.01,0.08,149.9,6.93,1.59,0.9,0,0.08,2.07
10,"Diversion",35.1908,-106.6429,"Angostura Reach",2013,79.73,10.51,15.6,9.67,42.34,0.15,0.05,0,104.72,2.84,1.8,4.15,0,0.14,2.22
10,"Diversion",35.1908,-106.6429,"Angostura Reach",2014,55.53,14.29,13.01,5.6,49.56,0,0.09,0,64.65,9.8,1.21,2.2,0,0.7,2.8
10,"Diversion",35.1908,-106.6429,"Angostura Reach",2015,83.1,22.43,24.11,6.14,74.36,0,0.17,0.01,103.67,21.06,2.83,7.43,0,0.69,5.84
10,"Diversion",35.1908,-106.6429,"Angostura Reach",2016,57.92,25.66,27.11,5.93,96.47,0.61,0.44,0.02,441.18,17.51,3.28,7.2,0.12,0.57,2.58
10,"Diversion",35.1908,-106.6429,"Angostura Reach",2017,82.91,27.15,19.28,11.37,106.3,3.33,0.34,0.01,149.02,20.55,4.41,3.28,2.9,0.02,1.83
10,"Diversion",35.1908,-106.6429,"Angostura Reach",2018,68.97,23.25,12.94,15.66,68.55,0.01,0.73,0.21,130.78,15.79,1.85,8.2,9.08,0,5.26
10,"Diversion",35.1908,-106.6429,"Angostura Reach",2019,146.59,42.57,33.34,16.99,159.18,0,1.38,0.16,66.29,8.62,2.53,3.55,2.08,1.47,4.06
10,"Diversion",35.1908,-106.6429,"Angostura Reach",2020,209.79,18.4,18.67,12.93,102.75,0.01,2.63,0.05,121.93,26.25,4.99,8.16,9.59,1.41,6.5
10,"Diversion",35.1908,-106.6429,"Angostura Reach",2021,172,34.9,18.68,14.33,133.42,0,1.66,0.14,161.34,29.92,2.98,3.82,0.75,0.03,4.99
10,"Diversion",35.1908,-106.6429,"Angostura Reach",2022,9.79,0.35,0.16,0.06,1.4,0.01,0.48,0,2.39,0,0.01,0.01,0,0,0
11,"Calabacillas",35.19056822,-106.6491626,"Angostura Reach",2003,387.71,5.38,15.23,10.62,40.07,0,12.41,0.02,76.74,0,0,0,0,0,5.58
11,"Calabacillas",35.19056822,-106.6491626,"Angostura Reach",2004,374.56,10.09,18.19,11.47,51.91,0,5.4,0,116.82,0,0,0,0,0,10.46
11,"Calabacillas",35.19056822,-106.6491626,"Angostura Reach",2005,451.81,8.98,2.36,0.52,10.43,0,17.83,0,171.82,0,0,0,0,0,5.42
11,"Calabacillas",35.19056822,-106.6491626,"Angostura Reach",2006,491.56,6.24,0.67,0.14,17.29,0.02,13.74,0,147.17,0,0,0,0,0,11.36
11,"Calabacillas",35.19056822,-106.6491626,"Angostura Reach",2007,255.92,37.47,1.94,0.24,10.59,0.15,2.85,0.01,201.66,35.93,0.02,1.01,0,0.01,5.91
11,"Calabacillas",35.19056822,-106.6491626,"Angostura Reach",2008,230.87,9.45,1.58,0.06,32.39,0.05,26.34,0.02,58.37,36.64,1.82,0.56,0,0,5.16
11,"Calabacillas",35.19056822,-106.6491626,"Angostura Reach",2009,340.97,5.44,1.44,0.18,26.57,0,20.57,0,28.66,92.85,1.33,1.32,0,0,12.92
11,"Calabacillas",35.19056822,-106.6491626,"Angostura Reach",2010,436.63,4.13,1.8,0.23,10.34,0,29.4,0.03,28.33,72.34,1.25,0.04,0,0.48,10.4
11,"Calabacillas",35.19056822,-106.6491626,"Angostura Reach",2011,383.31,3.49,1.02,0.26,9.64,0,17.51,0.02,338.69,80.95,0.93,0.4,0,0.01,11.13
11,"Calabacillas",35.19056822,-106.6491626,"Angostura Reach",2012,646.85,6.16,0.8,0.09,23.69,0,21.47,0.08,85.1,46.09,0.01,0.85,0,0,6.22
11,"Calabacillas",35.19056822,-106.6491626,"Angostura Reach",2013,568.32,5.63,0.72,0.1,21.34,0.01,9.82,0,92.63,40.51,1.78,0.3,0,0,7.61
11,"Calabacillas",35.19056822,-106.6491626,"Angostura Reach",2014,379.45,16.39,0.34,0.85,36.6,0.24,18.35,0.03,24.62,39.34,0,1.48,0,0.01,5.89
11,"Calabacillas",35.19056822,-106.6491626,"Angostura Reach",2015,315.39,5.71,1.47,0.31,31.02,0,18.62,0.24,50.14,53.5,0.12,0.63,0,0.02,9.57
11,"Calabacillas",35.19056822,-106.6491626,"Angostura Reach",2016,457.08,5.23,1.84,0.3,30.7,0.01,22.52,0,48.14,84.85,1.11,0.18,0.15,0.01,0.84
11,"Calabacillas",35.19056822,-106.6491626,"Angostura Reach",2017,201.95,14.2,5.3,0.12,23.61,0,10.73,0,24.76,68.48,0,0.17,0.35,0,0.77
11,"Calabacillas",35.19056822,-106.6491626,"Angostura Reach",2018,216.92,5.09,2.36,1.12,25.14,0,11.18,13.2,36,61.72,0.02,0.06,0.35,0,7.84
11,"Calabacillas",35.19056822,-106.6491626,"Angostura Reach",2019,261.62,8.54,2.21,0.52,48.53,0,27.09,0,38.04,45.1,0.11,0.17,0.15,0.03,6.4
11,"Calabacillas",35.19056822,-106.6491626,"Angostura Reach",2020,277.9,9.61,2.24,0.41,28.51,0,24.44,0.46,32.55,46.58,3.85,0.91,1.57,0.77,7.73
11,"Calabacillas",35.19056822,-106.6491626,"Angostura Reach",2021,164.26,4.76,1.94,0.73,29.43,0.55,28.85,0.1,65.58,73.23,4.58,0.44,0.43,0.01,10.19
12,"Minnow",35.19315094,-106.646915,"Angostura Reach",2006,148.54,3.98,1.2,0,0.16,0,0,0.02,44.17,0,0,0,0,0,0.03
12,"Minnow",35.19315094,-106.646915,"Angostura Reach",2007,271.45,4.87,6.15,0.01,0.1,0.03,0.03,1,48.59,32.26,0.03,0.18,0,0,4.44
12,"Minnow",35.19315094,-106.646915,"Angostura Reach",2008,330.02,6,6.28,0.01,0,0,0.01,0.01,139.45,76.29,0.18,0.17,0,0,10.17
12,"Minnow",35.19315094,-106.646915,"Angostura Reach",2009,466.2,5.61,16.87,0.07,0.02,0.01,0.09,0,81.85,74.63,0.06,1.7,0,0,10.39
12,"Minnow",35.19315094,-106.646915,"Angostura Reach",2010,703.93,6.09,22.87,0.05,0.41,0.02,0,0.11,68.17,80.5,0.04,9.08,0,0.01,12.78
12,"Minnow",35.19315094,-106.646915,"Angostura Reach",2011,576.57,5.43,6.9,1.89,0.12,0,0,0.02,245.61,95.39,0.44,0.61,0,0.02,12.87
12,"Minnow",35.19315094,-106.646915,"Angostura Reach",2012,452.11,7.67,13.82,0.07,0.27,0.03,0.02,0.01,175.27,45.01,0,2.92,0,0,8.42
12,"Minnow",35.19315094,-106.646915,"Angostura Reach",2013,825.58,4.53,3.46,0.22,0.02,0.02,0.01,0,189.23,49.32,0.02,2.15,0,0,11.81
12,"Minnow",35.19315094,-106.646915,"Angostura Reach",2014,392.76,9.47,11.33,2.12,0.46,0.01,0.03,1.79,109.03,68,0.1,0.49,0,0.01,9.07
12,"Minnow",35.19315094,-106.646915,"Angostura Reach",2015,402.7,2.04,20.4,0.45,1.7,0,0.02,0,89.18,70.33,0,0.28,0,0,9.31
12,"Minnow",35.19315094,-106.646915,"Angostura Reach",2016,587.18,4.39,27.71,0.68,4.24,0,0,0,96.82,92.4,0.01,11.16,0.01,0.01,1.91
12,"Minnow",35.19315094,-106.646915,"Angostura Reach",2017,299.63,5.59,14.57,0.62,15.76,7.78,0.04,0,90.77,85.31,0.01,12.33,0.24,0.01,2.73
12,"Minnow",35.19315094,-106.646915,"Angostura Reach",2018,274.96,4.03,12.71,0.57,6.17,0,0.02,0,90.56,59.83,0.04,9.71,0.01,0.01,9.13
12,"Minnow",35.19315094,-106.646915,"Angostura Reach",2019,320.68,3.31,25.93,1.15,11.78,0.01,0.03,0,814.86,40.39,0.33,9.6,0.1,0.04,6.63
12,"Minnow",35.19315094,-106.646915,"Angostura Reach",2020,245.74,4.3,23.9,1.3,10.35,0,0.01,0,52.59,64.87,0.03,10.08,0.18,0.03,9.94
12,"Minnow",35.19315094,-106.646915,"Angostura Reach",2021,264.67,2.81,26.57,0.64,8.92,0,0.02,0.02,185.08,83.17,0.28,5.99,0.17,0,11.68
13,"Harrison",35.01505603,-106.6736953,"Angostura Reach",2003,6.93,55.3,8.02,0.77,0,0.09,0,0,22.46,0,0,0,0,0,1.04
13,"Harrison",35.01505603,-106.6736953,"Angostura Reach",2004,4.64,55.4,5.07,5.64,0.87,3.34,0,0,27.2,0,0,0,0,0,1.49
13,"Harrison",35.01505603,-106.6736953,"Angostura Reach",2005,10.03,67.69,8.37,5.41,0.01,1.67,0,0.24,14.29,0,0,0,0,0,0.1
13,"Harrison",35.01505603,-106.6736953,"Angostura Reach",2006,18.33,94.08,14.95,4.27,0.35,0.2,0,0,10.91,0,0,0,0,0,2.19
13,"Harrison",35.01505603,-106.6736953,"Angostura Reach",2007,29.21,107.55,34.45,5.43,0.57,2.01,0,0,25.48,0.12,7.69,4.5,0,0,2.05
13,"Harrison",35.01505603,-106.6736953,"Angostura Reach",2008,33.2,72.6,31.02,3.28,1.29,6.01,0.08,0,28.97,10.57,0.02,3.63,0,0.55,2.64
13,"Harrison",35.01505603,-106.6736953,"Angostura Reach",2009,27.97,71.24,44.06,4.94,0.44,0.81,0,0,21.96,2.09,9.44,25.54,0,3.66,5.96
13,"Harrison",35.01505603,-106.6736953,"Angostura Reach",2010,46.48,76.51,40,5.4,2,0.19,0,0,22.77,2.16,7.91,14.9,0,0.92,3.54
13,"Harrison",35.01505603,-106.6736953,"Angostura Reach",2011,52.96,51.97,63.38,4.26,1.42,7.35,0,0,24.11,3.19,10.74,34.3,0,0.41,6.45
13,"Harrison",35.01505603,-106.6736953,"Angostura Reach",2012,55.45,30.47,32.31,0.82,2.31,0.53,0,0.01,11.19,6.01,0.12,17.85,0,0,3.6
13,"Harrison",35.01505603,-106.6736953,"Angostura Reach",2013,95.21,27,31.45,3.47,1.08,2.49,0.01,0.01,68.18,2.68,0.58,13.75,0,0.02,3.14
13,"Harrison",35.01505603,-106.6736953,"Angostura Reach",2014,168.11,34.83,52.36,0.24,2.41,2.66,0,0,48.83,11.31,1.03,9.58,0,0.01,3.5
13,"Harrison",35.01505603,-106.6736953,"Angostura Reach",2015,206.62,35.61,82.12,0.39,5.69,0.2,0.03,0,20.77,12.51,9.64,14.75,0,0.38,5.18
13,"Harrison",35.01505603,-106.6736953,"Angostura Reach",2016,128.18,33.8,92.41,0.16,5.8,2.35,0.01,0,17.14,32.18,4.37,30.47,0,0,4.61
13,"Harrison",35.01505603,-106.6736953,"Angostura Reach",2017,183.27,27.07,67.66,0.06,5.98,11.22,0.02,0,84.69,7.22,0.84,9.83,1.03,0,1.89
13,"Harrison",35.01505603,-106.6736953,"Angostura Reach",2018,193.4,21.43,69.06,0.53,10.5,2.8,1.73,0.01,49.77,29.85,2.21,16.56,0.55,0.01,6.6
13,"Harrison",35.01505603,-106.6736953,"Angostura Reach",2019,218.69,34.01,65.2,0.21,9.43,0.01,0.01,0.01,36.06,31.86,0.26,7.19,0.02,0,5.19
13,"Harrison",35.01505603,-106.6736953,"Angostura Reach",2020,256.09,21.64,66.72,0.61,11.2,0.24,0.01,0,50.34,48.97,4.42,11.89,0.08,0,8.63
13,"Harrison",35.01505603,-106.6736953,"Angostura Reach",2021,192.76,19.39,84.7,0.61,8.23,0.06,0.24,0.08,22.94,42.6,2.71,14.53,0,0,7.76
14,"Sevilleta",34.25834233,-106.8831845,"San Acacia Reach",2003,118.34,4.32,27.74,38.14,0,0.12,0,0.12,20.85,0,0,0,0,0,0.16
14,"Sevilleta",34.25834233,-106.8831845,"San Acacia Reach",2004,163.98,1.85,44.48,35.55,0,0.01,0.62,0.05,50.41,0,0,0,0,0,2.88
14,"Sevilleta",34.25834233,-106.8831845,"San Acacia Reach",2005,201.74,2.94,51.62,47.84,0,0.03,0,0.01,38.39,0,0,0,0,0,4.28
14,"Sevilleta",34.25834233,-106.8831845,"San Acacia Reach",2006,180.27,3.18,77.66,37.67,0,0,0,0.59,47.53,0,0,0,0,0,4.07
14,"Sevilleta",34.25834233,-106.8831845,"San Acacia Reach",2007,242.91,2.68,94.02,46.76,0,0.09,0,0.16,65.79,28.28,0.11,7.41,0,1.98,5.18
14,"Sevilleta",34.25834233,-106.8831845,"San Acacia Reach",2008,333.48,9.2,51.06,68.49,0,1.87,0,0.65,55.67,10.92,0.06,4.27,0,5.04,2.86
14,"Sevilleta",34.25834233,-106.8831845,"San Acacia Reach",2009,160.6,0.81,53.38,56.45,0,0,0.01,0.08,41.91,40.46,0,9.25,0,0.61,6.56
14,"Sevilleta",34.25834233,-106.8831845,"San Acacia Reach",2010,297.9,0.84,89.33,67.92,0,0.02,0.02,0.26,64.25,37.37,0.12,16.7,0,11.31,8.56
14,"Sevilleta",34.25834233,-106.8831845,"San Acacia Reach",2011,213.06,0.74,35.32,44.72,0.01,1.1,0.09,0,52.4,31,0.01,2.87,0,2,4.85
14,"Sevilleta",34.25834233,-106.8831845,"San Acacia Reach",2012,220.04,0.27,32.29,99.1,0.08,0.01,0.62,0,47.96,15.97,0,0.42,0,2.27,2.43
14,"Sevilleta",34.25834233,-106.8831845,"San Acacia Reach",2013,221.98,1.43,23.98,78.34,0.01,0,0,0.01,20.8,10.37,0,1.58,0,2.87,2.04
14,"Sevilleta",34.25834233,-106.8831845,"San Acacia Reach",2014,222.18,4.09,21.53,132.89,0,0,2,0.06,62.53,8.6,0.02,0.03,0,3.7,2.07
14,"Sevilleta",34.25834233,-106.8831845,"San Acacia Reach",2015,302.47,0.47,31.77,127.18,0.08,0.01,0.02,0.01,43.5,11.8,0.18,0.14,0,7.81,2.58
14,"Sevilleta",34.25834233,-106.8831845,"San Acacia Reach",2016,197.22,3.44,16.19,135.83,0.16,1.24,0.2,0,68.25,35.76,0.01,0.3,0,0.07,0.05
14,"Sevilleta",34.25834233,-106.8831845,"San Acacia Reach",2017,212.36,5.74,21.74,79.47,0,0.24,0.26,0,1179.15,31.91,0.01,0.07,0,0.02,0.06
14,"Sevilleta",34.25834233,-106.8831845,"San Acacia Reach",2018,256.66,0.19,31.9,117.56,0.01,0.38,0.18,0,100.19,41.34,0.01,1.55,0,0.02,5.83
14,"Sevilleta",34.25834233,-106.8831845,"San Acacia Reach",2019,240.65,0.37,29.81,77.03,0,0,2.25,0.01,103.73,30.86,0.06,0.47,0,17.73,6.39
14,"Sevilleta",34.25834233,-106.8831845,"San Acacia Reach",2020,201.71,0.73,25.5,83.77,0,0.01,5.94,1.86,1533.42,25.03,0.01,2.02,0.01,0,3.51
14,"Sevilleta",34.25834233,-106.8831845,"San Acacia Reach",2021,241.14,0.24,37.23,59.89,1.39,0,6.48,0.02,96.42,31.08,0.05,3.06,0,2.23,4.79
15,"Valencia Cleared",34.64863444,-106.7391728,"Isleta Reach",2003,34.32,0.06,2.75,5.21,2.25,0,0,0,5.54,0,0,0,0,0,0
15,"Valencia Cleared",34.64863444,-106.7391728,"Isleta Reach",2004,76.17,7.37,11.47,1.18,0,0,0,0.02,48.96,0,0,0,0,0,6.76
15,"Valencia Cleared",34.64863444,-106.7391728,"Isleta Reach",2005,56.14,5.78,13.03,7.49,0.01,0,0,0,18.35,0,0,0,0,0,5.86
15,"Valencia Cleared",34.64863444,-106.7391728,"Isleta Reach",2006,88.52,10.29,19.16,9.71,0,0,0.08,0.01,86.08,0,0,0,0,0,8.74
15,"Valencia Cleared",34.64863444,-106.7391728,"Isleta Reach",2007,73.36,15.74,22.17,9.52,0.01,0.61,0,0,24.85,25.28,3.11,0.97,0,0.11,6
15,"Valencia Cleared",34.64863444,-106.7391728,"Isleta Reach",2008,106.12,9.92,1.74,0.93,0.01,0.04,0,0,290.06,29.62,1.94,0.1,0,2.69,6.79
15,"Valencia Cleared",34.64863444,-106.7391728,"Isleta Reach",2009,105.16,11,1.6,9.69,0.09,0.01,0.25,0,13.86,10.3,2.04,0.02,0,0.01,3.63
15,"Valencia Cleared",34.64863444,-106.7391728,"Isleta Reach",2010,53.34,3.91,2.86,17.8,0,3.69,0,0.01,18.85,28.93,3.73,0.29,0,0.71,8.91
15,"Valencia Cleared",34.64863444,-106.7391728,"Isleta Reach",2011,117.17,6.98,7.26,44.46,0.24,0.01,0.31,0.03,137.12,40.38,2.38,0.69,0,4.01,17.31
15,"Valencia Cleared",34.64863444,-106.7391728,"Isleta Reach",2012,135.68,17.81,0.9,2.39,0.01,0,0.55,0,44.98,24.96,2.29,0.01,0,0,5.16
15,"Valencia Cleared",34.64863444,-106.7391728,"Isleta Reach",2013,119.16,21.9,0.5,0.05,0.02,0,0,0,99.28,38.37,1.9,0.04,0,0.02,7.58
15,"Valencia Cleared",34.64863444,-106.7391728,"Isleta Reach",2014,101.61,23.62,0.59,0.36,0.01,0.15,0.19,0,20.58,43.97,8.6,0.01,0,0.01,7.9
15,"Valencia Cleared",34.64863444,-106.7391728,"Isleta Reach",2015,93.33,20.57,1.07,9.36,0.01,0.92,0.01,0,308.48,17.82,5.81,0.03,0,0.15,4.7
15,"Valencia Cleared",34.64863444,-106.7391728,"Isleta Reach",2016,46.66,22.34,1.28,13.34,3.43,0.01,9.65,0.15,38.7,36.89,1.06,0.19,0,0.02,0.96
15,"Valencia Cleared",34.64863444,-106.7391728,"Isleta Reach",2017,64.8,17.27,2.93,11.61,12.56,0,13.78,0,22.43,15.22,0.72,0.49,0.01,1.92,1.2
15,"Valencia Cleared",34.64863444,-106.7391728,"Isleta Reach",2018,94.27,10.5,10.91,22.28,7.31,0,8.65,1.87,19.5,41.28,2.59,1.14,0.05,0.01,8.48
15,"Valencia Cleared",34.64863444,-106.7391728,"Isleta Reach",2019,107.62,19.21,12.14,31.03,0.81,1.47,1.11,0,24.65,17.87,1.06,1.9,0.05,4.02,5.68
15,"Valencia Cleared",34.64863444,-106.7391728,"Isleta Reach",2020,130.4,20.53,16.23,28.37,0.17,18.66,4.7,0.01,506.04,35.44,3.8,11.25,0.27,0.01,7.37
15,"Valencia Cleared",34.64863444,-106.7391728,"Isleta Reach",2021,128.99,25.46,25.84,28.94,0.01,0,5.35,0.03,34.41,40.87,2.44,13.77,0,1.95,8.46
16,"Valencia Forest",34.64716225,-106.738482,"Isleta Reach",2003,113.98,4.23,23.65,137.74,0,0,0,0,9.15,0,0,0,0,0,0.02
16,"Valencia Forest",34.64716225,-106.738482,"Isleta Reach",2004,130.66,0.95,52.53,220.78,0,0,1.05,0.01,127.68,0,0,0,0,0,11.34
16,"Valencia Forest",34.64716225,-106.738482,"Isleta Reach",2005,176.35,1.07,59.13,186.03,0,0,0,0.01,143.17,0,0,0,0,0,12.02
16,"Valencia Forest",34.64716225,-106.738482,"Isleta Reach",2006,191.16,0.5,49.88,188.9,0,0,0,0,239.07,0,0,0,0,0,14.4
16,"Valencia Forest",34.64716225,-106.738482,"Isleta Reach",2007,19.78,0.07,22.57,88.21,0,0.01,0,0,53.95,2.52,0,0.78,0,14.96,2.76
16,"Valencia Forest",34.64716225,-106.738482,"Isleta Reach",2008,18.41,0,60.99,23.1,0,0.01,0,0,598.59,3.55,0.01,6.34,0,1.44,5.8
16,"Valencia Forest",34.64716225,-106.738482,"Isleta Reach",2009,6.56,2.44,5.22,0.14,0.01,0,0,0,137.36,0.29,0,0.17,0,1.59,5.71
16,"Valencia Forest",34.64716225,-106.738482,"Isleta Reach",2010,4.23,1.77,0.1,0.02,0,0,0,0,773.69,0.68,0.01,0.32,0,0,11.06
16,"Valencia Forest",34.64716225,-106.738482,"Isleta Reach",2011,4.43,0.28,0.03,0.04,0,0,0,0,10.12,0.54,0.02,0.01,0,0,24.02
16,"Valencia Forest",34.64716225,-106.738482,"Isleta Reach",2012,14.66,0.29,0.13,0.03,0,0,0,0,11.99,2.74,0.01,0.1,0,0.02,3.84
16,"Valencia Forest",34.64716225,-106.738482,"Isleta Reach",2013,13.7,0.95,0.02,0.03,0,0,0,0,7.46,0.31,0.47,0.01,0,0,11.61
16,"Valencia Forest",34.64716225,-106.738482,"Isleta Reach",2014,6.18,9.15,0.06,5.5,0,0.15,0,0,8.62,1.69,19.69,0.01,0,0,3.35
16,"Valencia Forest",34.64716225,-106.738482,"Isleta Reach",2015,16.2,7.7,5.31,0.01,0.26,0,0,0,4.64,2.27,0.1,0.01,0,0,5.51
16,"Valencia Forest",34.64716225,-106.738482,"Isleta Reach",2016,14.52,9.1,7.97,0.02,0.08,0,0,0,1.85,5.82,1.29,1.3,0,0,1.17
16,"Valencia Forest",34.64716225,-106.738482,"Isleta Reach",2017,22.28,24.88,8.44,0.01,0.12,0.02,0.02,0,7.61,2.8,0.07,1.19,0,0.23,2.12
16,"Valencia Forest",34.64716225,-106.738482,"Isleta Reach",2018,43.23,8.93,8.66,0.54,0.01,0.16,0.03,0,11.87,3.12,0.63,3.5,0,0,5.82
16,"Valencia Forest",34.64716225,-106.738482,"Isleta Reach",2019,37.32,8.37,11.03,0.12,0.01,1.71,0,0,6.14,2.3,0,3.46,0,0.01,4.25
16,"Valencia Forest",34.64716225,-106.738482,"Isleta Reach",2020,33.58,10.83,11.95,0.12,0.08,0,0.02,0,11.42,10.25,0.35,4.85,0.96,0,4.73
16,"Valencia Forest",34.64716225,-106.738482,"Isleta Reach",2021,39.54,11.3,14.74,0.29,0.01,0,0,0.09,12.42,21.56,2.27,5.27,0,0,5.07
16,"Valencia Forest",34.64716225,-106.738482,"Isleta Reach",2022,3.39,0.09,0.02,0.01,0,0,0,0,0.26,0,0,0.15,0,0,0.06
17,"Montano",35.14528819,-106.6803699,"Angostura Reach",2004,30.67,0,9.62,0.01,0,0,0,0,15.86,0,0,0,0,0,3.15
17,"Montano",35.14528819,-106.6803699,"Angostura Reach",2005,28.58,0.01,25.7,0.32,0,0,0,0,232.83,0,0,0,0,0,2.75
17,"Montano",35.14528819,-106.6803699,"Angostura Reach",2006,24.93,2.51,11.92,1.35,0.02,0.31,1.22,0,237.99,0,0,0,0,0,2.51
17,"Montano",35.14528819,-106.6803699,"Angostura Reach",2007,48.56,2.55,1.74,0.02,0.1,1.08,0,0,16.15,12.15,0.01,0.01,0,0,2.19
17,"Montano",35.14528819,-106.6803699,"Angostura Reach",2008,35.9,5.38,6.39,5.6,0.1,0,2.31,0,698.04,13.39,0.01,0.01,0,0.03,2.71
17,"Montano",35.14528819,-106.6803699,"Angostura Reach",2009,65.28,14.13,25.89,0.05,0.19,0.01,0.8,0,102.81,43.97,2.4,0.16,0,0.96,7.09
17,"Montano",35.14528819,-106.6803699,"Angostura Reach",2010,38.99,4.2,29.01,0.25,0.18,0.44,10.23,0,43.64,21.51,1.96,0.09,0,0.02,4.51
17,"Montano",35.14528819,-106.6803699,"Angostura Reach",2011,65.01,27.61,30.55,8.58,0.01,0.01,2.46,0,150.36,10.49,0.77,11.64,0,0.02,5.5
17,"Montano",35.14528819,-106.6803699,"Angostura Reach",2012,86.63,6.13,73.08,0.01,0.01,0,0,0.23,47.53,13.49,5.79,0.8,0,0,4.63
17,"Montano",35.14528819,-106.6803699,"Angostura Reach",2013,71.68,9.48,40.61,0.83,0.32,0,1.52,0,123.13,11.53,0.02,2.78,0,1.39,2.87
17,"Montano",35.14528819,-106.6803699,"Angostura Reach",2014,85.71,16.4,47.62,0.02,0.08,0.15,0.08,0,85.65,15.46,6.78,2.14,0,0.09,4.6
17,"Montano",35.14528819,-106.6803699,"Angostura Reach",2015,80,26.75,44.43,0.04,0,0.01,1.4,0,82.91,17.63,4.16,3.92,0,0,4.02
17,"Montano",35.14528819,-106.6803699,"Angostura Reach",2016,69.33,20.07,58.01,6.63,0,0.23,0.03,0.01,147.56,31.65,2.18,4.74,0,0,1.47
17,"Montano",35.14528819,-106.6803699,"Angostura Reach",2017,81.14,39.68,42.96,0.04,0.03,0,0.61,0,44.88,16.79,0.09,7.62,0,0.01,1.29
17,"Montano",35.14528819,-106.6803699,"Angostura Reach",2018,119.89,15.05,66.63,3.29,0.02,0.31,0.49,0.16,64.9,38.26,0.03,3.28,0.01,0,5.96
17,"Montano",35.14528819,-106.6803699,"Angostura Reach",2019,156.54,22.03,59.96,0.19,0.02,0.89,0.32,0.03,96.78,28.71,3.78,4.3,0.01,0,8.67
17,"Montano",35.14528819,-106.6803699,"Angostura Reach",2020,149.57,21.02,51.51,0.36,0.01,0,0.71,0.24,51.53,32.74,8.09,5.71,0,0.23,6.88
17,"Montano",35.14528819,-106.6803699,"Angostura Reach",2021,70.47,11.8,45.87,0.18,0,0.02,0.68,0.09,64.33,58.57,2.81,3.14,0,0.01,8.68
18,"Reynolds Cleared",34.65966431,-106.7421328,"Isleta Reach",2004,197.08,0.73,0.56,3.2,0,0,0,0,55.67,0,0,0,0,0,0.04
18,"Reynolds Cleared",34.65966431,-106.7421328,"Isleta Reach",2005,322.38,1.51,0.65,3.5,0,0,0,0,35.67,0,0,0,0,0,1.63
18,"Reynolds Cleared",34.65966431,-106.7421328,"Isleta Reach",2006,207.81,0.8,0.3,8.11,0,0,0,0,49.95,0,0,0,0,0,4.56
18,"Reynolds Cleared",34.65966431,-106.7421328,"Isleta Reach",2007,119.6,1.18,0.1,4.15,0.03,0.08,0,0,28.96,19.48,0,0.02,0,0,2.71
18,"Reynolds Cleared",34.65966431,-106.7421328,"Isleta Reach",2008,255.08,0.82,0.01,12.77,0.01,0.03,0,0,153.24,17.76,0.05,0,0,0.01,5.82
18,"Reynolds Cleared",34.65966431,-106.7421328,"Isleta Reach",2009,337.48,2.71,0.09,12.58,0.01,0.01,0.01,0,73.08,5.83,2.31,0,0,0,1.43
18,"Reynolds Cleared",34.65966431,-106.7421328,"Isleta Reach",2010,235.99,0.84,0.1,11.26,0,0.01,0,0,31.99,31.25,0.03,0.02,0,0,6.35
18,"Reynolds Cleared",34.65966431,-106.7421328,"Isleta Reach",2011,428.23,0.48,0.11,6.54,0,0.01,0.02,0.05,69.35,21.35,0.32,0.09,0,0.31,3.57
18,"Reynolds Cleared",34.65966431,-106.7421328,"Isleta Reach",2012,268.25,0.78,0.18,1.54,0,0,1.65,0.01,133.89,16.84,0.23,0.1,0,0.04,2.88
18,"Reynolds Cleared",34.65966431,-106.7421328,"Isleta Reach",2013,323.75,0.89,0.01,0.25,0,0,0.01,0.08,31.4,24.75,0,0,0,0,3.85
18,"Reynolds Cleared",34.65966431,-106.7421328,"Isleta Reach",2014,342.97,3.75,0.11,2.73,0.01,0,0.24,0,13.91,41.23,0.63,0,0,0,5.94
18,"Reynolds Cleared",34.65966431,-106.7421328,"Isleta Reach",2015,454.96,0.81,0.02,4.96,0.01,0,7.47,0,35.24,18.84,0.39,0.01,0,0.01,3.12
18,"Reynolds Cleared",34.65966431,-106.7421328,"Isleta Reach",2016,308.75,13.39,0.95,7.19,0.08,0.43,0.02,0.01,189.25,56.98,0.34,0.58,0,0,0.65
18,"Reynolds Cleared",34.65966431,-106.7421328,"Isleta Reach",2017,375.81,8.69,0.04,2.54,0.05,0.02,0.2,0,88.23,8.03,0.12,0.02,0,0.02,1.34
18,"Reynolds Cleared",34.65966431,-106.7421328,"Isleta Reach",2018,324.19,0.82,0.62,7.35,0.18,0,12.87,0,94.72,25.27,0,0.09,0.01,0.01,4.15
18,"Reynolds Cleared",34.65966431,-106.7421328,"Isleta Reach",2019,264,0.14,0.48,8.2,0.02,0,2.12,0,45.33,17.16,0.02,0.05,0.03,0.65,2.7
18,"Reynolds Cleared",34.65966431,-106.7421328,"Isleta Reach",2020,551.44,0.92,0.55,16.29,0.36,0,19.27,0,39.23,54.84,0.16,0.02,0.05,0.08,7.8
18,"Reynolds Cleared",34.65966431,-106.7421328,"Isleta Reach",2021,616.69,0.99,0.41,13.7,0.59,0,6.26,0,40.09,45.42,0.03,0.01,0.01,0.03,6.94
19,"Reynolds Forest",34.66054583,-106.7429525,"Isleta Reach",2004,256.51,4.13,10.81,136.91,0.01,0,0,0,173.75,0,0,0,0,0,2.13
19,"Reynolds Forest",34.66054583,-106.7429525,"Isleta Reach",2005,293.07,14.46,21.72,167.63,0,1.64,0.01,0,211.13,0,0,0,0,0,7.76
19,"Reynolds Forest",34.66054583,-106.7429525,"Isleta Reach",2006,228.71,7.86,8.14,111.85,0,0.02,0,0,107.27,0,0,0,0,0,14.57
19,"Reynolds Forest",34.66054583,-106.7429525,"Isleta Reach",2007,324.2,8.6,21.2,157.22,0,0,0,0,176.67,64.4,0.4,0.14,0,9.6,10.52
19,"Reynolds Forest",34.66054583,-106.7429525,"Isleta Reach",2008,472.64,15.87,34.02,271.11,0,0.01,0,0.01,488.17,65.08,0.24,0.03,0,0.89,9.1
19,"Reynolds Forest",34.66054583,-106.7429525,"Isleta Reach",2009,424.69,4.22,21.49,152.52,0.04,0,1,0,86.17,20.22,0.02,0.13,0,11.3,5.27
19,"Reynolds Forest",34.66054583,-106.7429525,"Isleta Reach",2010,397.19,2.33,14.91,116.86,0,0.23,0.08,0.02,104.7,99.9,7.17,0.89,0,2.8,14.42
19,"Reynolds Forest",34.66054583,-106.7429525,"Isleta Reach",2011,443.98,3.71,12.3,85.22,0,0,0.01,0.09,77.64,83.32,0.18,0.02,0,2.75,11.33
19,"Reynolds Forest",34.66054583,-106.7429525,"Isleta Reach",2012,499.52,1.7,3.62,33.76,0,0,0.01,0,243.55,57.64,0.32,0,0,0,7.54
19,"Reynolds Forest",34.66054583,-106.7429525,"Isleta Reach",2013,548.2,2.16,0.56,21.44,0,0.2,0,0.09,476.86,70.09,0.16,0.01,0,0,9.12
19,"Reynolds Forest",34.66054583,-106.7429525,"Isleta Reach",2014,344.21,3.75,0.47,19.02,0.01,0,0.02,0.02,22.07,70.92,0.12,0,0,0.01,9.8
19,"Reynolds Forest",34.66054583,-106.7429525,"Isleta Reach",2015,522.04,1.73,0.35,17.59,0.23,0.01,0.01,0,317.14,61.63,0,0,0,2.31,10.08
19,"Reynolds Forest",34.66054583,-106.7429525,"Isleta Reach",2016,398.93,0.79,0.34,28.5,0.01,0.17,0.04,0,63.83,112.18,1.09,0.02,0.01,2.32,1.27
19,"Reynolds Forest",34.66054583,-106.7429525,"Isleta Reach",2017,398.32,0.36,0.49,15.81,0.01,0,0,0,189.86,30.8,0.03,0.01,0.01,0.56,0.69
19,"Reynolds Forest",34.66054583,-106.7429525,"Isleta Reach",2018,502.94,3.6,1.89,15.36,0,0,0.01,0.01,129.36,89.31,0.01,0.05,0.01,0.01,11.86
19,"Reynolds Forest",34.66054583,-106.7429525,"Isleta Reach",2019,650.28,1.98,1.79,31.23,0.01,0.09,0.03,0.09,149.63,71.46,0.02,0.02,0.03,0.52,10.13
19,"Reynolds Forest",34.66054583,-106.7429525,"Isleta Reach",2020,541.9,2.95,1.66,36.57,0.02,0.31,0.19,0.02,427.69,115.36,0.42,0.06,0.26,1.57,15.92
19,"Reynolds Forest",34.66054583,-106.7429525,"Isleta Reach",2021,524.98,2.48,2.98,33.31,0.01,0,0,0,49.82,112.39,0.07,0.08,0.03,1.06,15.26
20,"Route 66",35.1006408,-106.6914783,"Angostura Reach",2005,118.35,11.56,12.14,8.07,42.35,1.24,11.55,0.11,317.19,0,0,0,0,0,4.16
20,"Route 66",35.1006408,-106.6914783,"Angostura Reach",2006,91.05,21.6,14.38,5.15,49.48,0.01,0.18,0,83.78,0,0,0,0,0,13.28
20,"Route 66",35.1006408,-106.6914783,"Angostura Reach",2007,97.04,18.52,21.38,0.16,40.13,0,0,0,449.61,19.62,3.11,5.13,0,0.02,5.68
20,"Route 66",35.1006408,-106.6914783,"Angostura Reach",2008,159.84,14.16,25.06,2.74,44.9,0.24,0,0.09,188.7,37.07,0.04,18.37,0,0,7.48
20,"Route 66",35.1006408,-106.6914783,"Angostura Reach",2009,145.61,24.33,64.11,2.59,74.59,0.09,2.49,0,117.65,39.03,0.35,21.5,0,0.19,9.35
20,"Route 66",35.1006408,-106.6914783,"Angostura Reach",2010,201.19,23.69,68,4.7,72.38,0.01,0.15,0,30.3,53.32,0,59.46,0,0.01,18.34
20,"Route 66",35.1006408,-106.6914783,"Angostura Reach",2011,271.63,26.78,39.92,5.99,82.77,0.38,0,0.11,120.9,40.42,4.14,23.37,0,0.56,9.96
20,"Route 66",35.1006408,-106.6914783,"Angostura Reach",2012,186.49,22.5,57.21,13.85,109.52,0.02,0,0,119.26,36.39,2.8,42.86,0,0.01,16.39
20,"Route 66",35.1006408,-106.6914783,"Angostura Reach",2013,208.55,27.48,55.45,4.47,101.47,3.94,0.01,0.01,334.66,20.21,6.23,22.43,0,0,7.41
20,"Route 66",35.1006408,-106.6914783,"Angostura Reach",2014,171.17,22.12,46.15,7.66,102.79,0,0.8,0.4,38.33,33.3,4.31,37.09,0,0.26,11.09
20,"Route 66",35.1006408,-106.6914783,"Angostura Reach",2015,205.51,21.92,79.76,7.82,127.41,0.01,0,0.01,116.92,40.4,1.9,25.49,0,0.61,13.43
20,"Route 66",35.1006408,-106.6914783,"Angostura Reach",2016,270.94,20.03,63.76,13.3,128.56,3.38,0.16,0,278.25,63.72,0.17,29.57,0.48,0.02,8.27
20,"Route 66",35.1006408,-106.6914783,"Angostura Reach",2017,242.18,16.96,74.49,23.82,145.23,0.4,1.86,0.01,447.87,34.27,0.19,33.66,18.45,0,7.14
20,"Route 66",35.1006408,-106.6914783,"Angostura Reach",2018,224.05,10.2,43.6,17.2,105.29,0.23,4.61,0.19,185.26,68.99,1.69,23.92,10.83,0.1,17.44
20,"Route 66",35.1006408,-106.6914783,"Angostura Reach",2019,234.67,13.43,97.68,15.13,95.15,0,0.01,0,56.24,21.47,0.74,51.32,3.99,1.53,10.75
20,"Route 66",35.1006408,-106.6914783,"Angostura Reach",2020,352.9,14.44,84.52,13.56,109.98,0.79,0,0,2628.22,57.72,0.81,20.56,10.19,0.02,11.76
20,"Route 66",35.1006408,-106.6914783,"Angostura Reach",2021,192.08,14.62,89.3,15.76,125.63,0,0.01,0.01,90.39,81.04,0.63,38.9,2.68,0.03,17.79
21,"Badger",35.1956,-106.6402,"Angostura Reach",2006,89.08,4.1,27.31,0,0,0.54,3.54,0,4.58,0,0,0,0,0,0.04
21,"Badger",35.1956,-106.6402,"Angostura Reach",2007,319.12,20.36,1.63,0,5.85,0.01,0.75,0.92,172.08,55.81,2.74,0.01,0,0,8.94
21,"Badger",35.1956,-106.6402,"Angostura Reach",2008,342.83,18.58,1.45,2.02,16.74,1.54,7.36,0,134.53,30.16,3.42,0.01,0,0.01,8.1
21,"Badger",35.1956,-106.6402,"Angostura Reach",2009,764.96,23.13,1.87,0.05,32.64,0.01,0.48,5.65,173.43,85.26,2.88,0,0,0,14.24
21,"Badger",35.1956,-106.6402,"Angostura Reach",2010,629.6,27.96,0.08,0.02,56.67,0,0.71,7.8,34.06,72.66,6.19,0,0,0,11.38
21,"Badger",35.1956,-106.6402,"Angostura Reach",2011,592.23,22.36,4.21,0.03,100.84,0.02,0,4.04,29.84,85.2,0.81,0,0,0.46,11.46
21,"Badger",35.1956,-106.6402,"Angostura Reach",2012,273.99,31.01,0.22,0.03,71.95,1.71,0.02,1.64,129.46,56.96,3.49,0.01,0,0,9.28
21,"Badger",35.1956,-106.6402,"Angostura Reach",2013,483.14,28.74,0,0.34,56.36,0.54,0.05,4.32,252.42,67.57,7.33,0,0,0,10.16
21,"Badger",35.1956,-106.6402,"Angostura Reach",2014,426.92,27.5,1.31,0.02,91.5,0,0.03,1.37,78.12,59.32,0.74,0.01,0,0,9.31
21,"Badger",35.1956,-106.6402,"Angostura Reach",2015,497.81,16.11,0.04,0.03,74.58,0,0.02,3.27,798.15,79.58,1.97,0.01,0,0,15.83
21,"Badger",35.1956,-106.6402,"Angostura Reach",2016,567.05,28.92,1.34,0.01,94.03,0,0.91,0,108.69,83.73,2.52,0,0.02,0,4.27
21,"Badger",35.1956,-106.6402,"Angostura Reach",2017,249.31,3.76,0.81,0,52.88,18.02,0.03,0.01,157.59,52.51,1.7,0.32,3.3,0,0.81
21,"Badger",35.1956,-106.6402,"Angostura Reach",2018,198.91,27.24,0.04,0.03,0.64,0,0.22,0.28,88.18,48.8,2.81,0,0.04,0,7.62
21,"Badger",35.1956,-106.6402,"Angostura Reach",2019,236.47,38.08,0.04,0.05,0.91,0.25,0.18,0.34,29,28.96,2.41,0.16,0.04,0,4.79
21,"Badger",35.1956,-106.6402,"Angostura Reach",2020,325.8,67.08,0.03,0.02,1.77,0.03,0.98,2.11,127.47,70.62,11.74,0,0.1,0,11.46
21,"Badger",35.1956,-106.6402,"Angostura Reach",2021,295.45,65.18,4.23,0.14,2.83,0,0.21,0.63,218.36,89.02,7.99,0,0.04,0,13.04
22,"Bobcat",35.19705633,-106.6439494,"Angostura Reach",2006,178.52,7.92,0.02,0,0.1,0,0.39,1.08,91.55,0,0,0,0,0,0.05
22,"Bobcat",35.19705633,-106.6439494,"Angostura Reach",2007,300.83,8.03,0.2,0.1,0.36,0.98,0.55,0.01,253.32,42.5,0.09,0,0,0,7.66
22,"Bobcat",35.19705633,-106.6439494,"Angostura Reach",2008,411.59,29.67,0.63,0.72,0.08,3.03,3.79,0,210.92,50.49,0.89,0,0,0,7.58
22,"Bobcat",35.19705633,-106.6439494,"Angostura Reach",2009,590.32,18.72,0.12,0.04,0.03,0.23,0.02,3.95,92.95,87.11,3.72,0.01,0,0,12.12
22,"Bobcat",35.19705633,-106.6439494,"Angostura Reach",2010,520.07,20.79,0.72,0.13,0.27,0.16,0,1.37,93.81,69.75,3.87,0.01,0,0,9.75
22,"Bobcat",35.19705633,-106.6439494,"Angostura Reach",2011,839.44,25.36,1.09,0,1.83,0.15,0.03,1.1,162.07,74.52,2.37,0.04,0,0,10.79
22,"Bobcat",35.19705633,-106.6439494,"Angostura Reach",2012,556.99,17.4,0.54,0.01,0.54,0.01,3.16,0,116.75,87.12,0.41,0.01,0,0.02,11.61
22,"Bobcat",35.19705633,-106.6439494,"Angostura Reach",2013,944.21,19.25,0.81,0.03,1.43,1.35,0.92,2.71,178.8,85.9,7.68,0.17,0,0,13.6
22,"Bobcat",35.19705633,-106.6439494,"Angostura Reach",2014,452.93,25.35,2.19,0.13,3.03,1.4,0.14,0,38.2,86.35,1.08,0.04,0,0,11.73
22,"Bobcat",35.19705633,-106.6439494,"Angostura Reach",2015,492.42,19.77,1.15,0.07,3.6,0.08,0.33,0.02,92.31,77.64,5.58,0.09,0,0,11.7
22,"Bobcat",35.19705633,-106.6439494,"Angostura Reach",2016,495.18,20.97,1.26,0.07,8.03,0.04,2.46,0.23,54.33,103.88,0.37,0.04,0.01,0,0.6
22,"Bobcat",35.19705633,-106.6439494,"Angostura Reach",2017,382.81,17.3,0.18,0.02,0.54,1.4,0.32,0,74.35,84.11,0.03,0,0.3,0,0.22
22,"Bobcat",35.19705633,-106.6439494,"Angostura Reach",2018,571.16,9.22,0.67,0.09,0.04,5.59,1.63,2.44,1584.37,80.46,1.32,0.24,0.04,0,10.91
22,"Bobcat",35.19705633,-106.6439494,"Angostura Reach",2019,240.29,10.92,0.73,0.06,0.24,0,0.02,0.63,491.08,79.21,0.82,0,0.08,0.02,12.81
22,"Bobcat",35.19705633,-106.6439494,"Angostura Reach",2020,449.94,20.65,0.02,0.29,0.01,0.09,2.44,1.5,67.95,121.62,2.31,0.01,0.19,0,16.41
22,"Bobcat",35.19705633,-106.6439494,"Angostura Reach",2021,545.37,20.26,0.03,0.79,0.05,0,0.26,3.51,245.51,137.34,7.86,0,0.07,0,18.37
23,"BioPark",35.079,-106.668,"Angostura Reach",2007,305.99,0.05,0.05,0.02,16.22,0,0.78,0,38.74,48.26,0.01,0,0,0.46,10.52
23,"BioPark",35.079,-106.668,"Angostura Reach",2008,422.39,0.04,0.1,0.02,5.21,0,0,1.4,128.06,70.4,0,0,0,0.32,9.87
23,"BioPark",35.079,-106.668,"Angostura Reach",2009,562.79,0.06,2.01,0.02,1.37,0,0.34,0,55.85,80.67,0.38,0.03,0,0,11.43
23,"BioPark",35.079,-106.668,"Angostura Reach",2010,458.8,0.07,1.9,0.2,0.78,0,0.04,0.01,200.02,93.24,0,0.01,0,0.01,13.21
23,"BioPark",35.079,-106.668,"Angostura Reach",2011,633.63,0.03,1.77,0,0.19,0.01,0.01,0.03,179.91,77.14,0,0.05,0,0,11.09
23,"BioPark",35.079,-106.668,"Angostura Reach",2012,334.48,0.32,0.5,0.01,0.08,0,0,0,36.49,67.57,0.01,0.02,0,0,9.48
23,"BioPark",35.079,-106.668,"Angostura Reach",2013,316.73,0.64,0.32,0.02,0.04,0.01,0,0.23,71.91,46.65,0.01,0.01,0,0.01,6.52
23,"BioPark",35.079,-106.668,"Angostura Reach",2014,252.47,0.8,0.03,0.02,0.24,0,0.01,0.39,40.78,43.82,0,0.02,0,0,5.82
23,"BioPark",35.079,-106.668,"Angostura Reach",2015,299.23,0.49,0.29,0.01,0.91,0,0.27,1.85,91.91,64.66,0,0,0,0,8.94
23,"BioPark",35.079,-106.668,"Angostura Reach",2016,248.97,0.13,0.88,0.01,0.26,0,0.99,0.01,48.3,76.34,0,0,0.01,0,0.36
23,"BioPark",35.079,-106.668,"Angostura Reach",2017,244.27,0.04,1.49,0.01,0.27,0,0.17,0.92,53.04,70.29,0,0.01,0.11,0,1.34
23,"BioPark",35.079,-106.668,"Angostura Reach",2018,338.21,0.11,3.2,10.49,0.23,0,1.93,0.01,84.98,69.42,0,0.32,0.03,0,9.42
23,"BioPark",35.079,-106.668,"Angostura Reach",2019,296.55,0.21,5.94,0.08,0.11,0.05,3.94,0.18,69.89,68.24,0,0.75,0.04,0,11.47
23,"BioPark",35.079,-106.668,"Angostura Reach",2020,292.81,0.24,3.42,0.05,0.95,0.01,0.02,0.03,181.67,78.51,0.01,0.42,0.24,0.23,11.73
23,"BioPark",35.079,-106.668,"Angostura Reach",2021,216.63,0.07,4.75,0.07,1.78,0.03,0,1.97,167.79,55.69,0.02,0.9,0.01,0,7.2
24,"Santo Domingo",35.50989,-106.3896,"Cochiti Reach",2008,130.68,0.01,0.13,3.61,0,0.01,0.01,0,176.49,5.36,0,0.09,0,0.02,0.94
24,"Santo Domingo",35.50989,-106.3896,"Cochiti Reach",2009,204.68,0.17,0.16,0.01,0,0,0.01,0,96.94,0.68,0,0,0,0,1.23
24,"Santo Domingo",35.50989,-106.3896,"Cochiti Reach",2010,296.73,0.91,0.19,0.02,0,0,0,0,124.57,10.47,0,0.19,0,0,1.8
24,"Santo Domingo",35.50989,-106.3896,"Cochiti Reach",2011,125.25,0.25,0.04,0.02,0,0.01,0,0,104.48,8.12,0,0.15,0,0,1.45
24,"Santo Domingo",35.50989,-106.3896,"Cochiti Reach",2012,145.45,0.89,0.8,0.02,0.01,0,0,0,83.84,7.2,0,0,0,0.01,1.14
24,"Santo Domingo",35.50989,-106.3896,"Cochiti Reach",2013,258.29,2.42,0,1.46,0,0,0,0,10.7,5.38,0,0.15,0,0,1.21
24,"Santo Domingo",35.50989,-106.3896,"Cochiti Reach",2014,148.76,1.33,0.05,0.01,0,0,0.01,0,45.52,1.93,0.02,0.01,0,0,0.41
24,"Santo Domingo",35.50989,-106.3896,"Cochiti Reach",2015,108.36,1.42,0.02,0.03,0.01,0,0,0,16.24,7.02,0,0.19,0,0,1
24,"Santo Domingo",35.50989,-106.3896,"Cochiti Reach",2016,89,3.81,0.03,0.01,0.02,0,0,0.01,22.66,15.57,0.01,0.01,0,0,0.09
24,"Santo Domingo",35.50989,-106.3896,"Cochiti Reach",2017,90.2,0.74,0.02,0.09,0,0,0,0,39.09,9.14,0,0.11,0.01,0,0.02
24,"Santo Domingo",35.50989,-106.3896,"Cochiti Reach",2018,106.32,0.2,0.01,0,0.01,0,0.02,0.01,18.23,7.25,0,0.09,0,0,1.03
24,"Santo Domingo",35.50989,-106.3896,"Cochiti Reach",2019,125.39,0.68,0.03,0,0,0,0,0,76.55,5.79,0.02,0.02,0,0,1.01
24,"Santo Domingo",35.50989,-106.3896,"Cochiti Reach",2020,43.1,0.15,0.02,0,0,0.77,0,0,0.12,0.01,0,0,0,0,0
25,"Crawford",34.63835,-106.74277,"Isleta Reach",2010,4.85,0.11,0.02,0.74,0,0,0,0,0.73,0,0,0,0,0.01,2.07
25,"Crawford",34.63835,-106.74277,"Isleta Reach",2011,13.45,0.04,0.07,14.47,0,0,0.08,0,4.95,0.08,0.01,0.02,0,0,1.51
25,"Crawford",34.63835,-106.74277,"Isleta Reach",2012,26.04,0.02,0.19,29.56,0,0,0,0,694.46,0.56,0,0,0,0.24,1.39
25,"Crawford",34.63835,-106.74277,"Isleta Reach",2013,32.09,0.03,1.46,32.99,0.01,0.01,0,0.46,1.47,2.51,0,0,0,0.02,2.03
25,"Crawford",34.63835,-106.74277,"Isleta Reach",2014,40.86,4.8,2.18,29.27,0,0,0.01,0,5.54,0.62,0.01,0.94,0,0.33,1.15
25,"Crawford",34.63835,-106.74277,"Isleta Reach",2015,73.67,2.06,12.52,45.55,0.09,0,0,0,1.27,0.14,0.01,0,0,5.96,1.6
25,"Crawford",34.63835,-106.74277,"Isleta Reach",2016,55.7,0.28,15.13,24.18,0,5.32,0.01,0.01,4.24,2.37,0.02,1.13,0,0.23,0.53
25,"Crawford",34.63835,-106.74277,"Isleta Reach",2017,95.16,0.26,15.62,37.74,0.1,0.01,0,0,5.52,4.56,0.1,1.42,0,0.77,1.94
25,"Crawford",34.63835,-106.74277,"Isleta Reach",2018,89.08,0.54,42.35,29.81,0,0.01,1.01,0.01,5.9,3.54,0,4.97,0,0,1.55
25,"Crawford",34.63835,-106.74277,"Isleta Reach",2019,170.52,0.26,41.75,44.06,0.01,0.16,0,0.09,13.14,0.62,0.01,8.42,0.01,1.57,1.9
25,"Crawford",34.63835,-106.74277,"Isleta Reach",2020,139.88,0.82,81.14,29.1,0.04,0,1.01,1.15,7.59,5.37,0.03,27.71,0.02,0.01,4.42
25,"Crawford",34.63835,-106.74277,"Isleta Reach",2021,168.04,0.11,88.76,15.85,0,0.09,1.47,0.02,12.21,9,0,26.76,0.02,0.65,5.62
26,"Mesilla",32.248328,-106.821014,"South of San Marcial Reach",2011,0,0,0,0.02,0,0,0,0,0.12,0,0,0,0,0,0
26,"Mesilla",32.248328,-106.821014,"South of San Marcial Reach",2012,0,3.01,0,0.01,0,0,0,0,1.12,0.01,0,0,0,0,0.41
26,"Mesilla",32.248328,-106.821014,"South of San Marcial Reach",2013,0,0,0,0.01,0,0,0,0,0.29,21.19,0,0,0,0,2.75
26,"Mesilla",32.248328,-106.821014,"South of San Marcial Reach",2014,3.26,0.01,0,0,0,0,0,0,11.12,0,0,0,0,0,0
26,"Mesilla",32.248328,-106.821014,"South of San Marcial Reach",2015,0,0,0,0,0,0,0,0,2.17,0,0,0,0,0,0.3
26,"Mesilla",32.248328,-106.821014,"South of San Marcial Reach",2016,0,3.23,0,0.21,0,7.85,0,0,5.81,0.03,0,0,0,0.1,0.64
26,"Mesilla",32.248328,-106.821014,"South of San Marcial Reach",2017,0,4.23,0.71,0.02,0,0,0,0,5.76,0,8.7,0,0,0.01,1.98
26,"Mesilla",32.248328,-106.821014,"South of San Marcial Reach",2018,0.08,1.62,0,0.03,0,0.31,0,0,2.03,0,0,0,0,0,0.31
26,"Mesilla",32.248328,-106.821014,"South of San Marcial Reach",2019,0,0.03,0,0.06,0,0.15,0.7,0,4.92,0.08,0,0.02,0,0,0.53
26,"Mesilla",32.248328,-106.821014,"South of San Marcial Reach",2020,0,0.02,0,0.04,0,0.01,0,0,3.77,0.01,0.01,0,0.01,0,0
26,"Mesilla",32.248328,-106.821014,"South of San Marcial Reach",2021,0,0.04,0,0.02,0,0.01,0,0,4.83,0,0,0,0,0,0
27,"Bosque Farm",34.848851,-106.714722,"Isleta Reach",2012,218.48,7.99,0.9,0.32,0,0.01,0,0,26.36,14.42,0.11,0,0,0,1.94
27,"Bosque Farm",34.848851,-106.714722,"Isleta Reach",2013,158.14,9.78,17.78,0.13,0,0.23,0,0,62.16,26.84,0.24,1.56,0,0,3.81
27,"Bosque Farm",34.848851,-106.714722,"Isleta Reach",2014,124.05,2.11,3.82,0.03,0,0,0.36,0,102.41,25.99,0.54,6.85,0,0,4.51
27,"Bosque Farm",34.848851,-106.714722,"Isleta Reach",2015,0,0,0,0,0,0,0,0,0,0,0,0,0,0,0
27,"Bosque Farm",34.848851,-106.714722,"Isleta Reach",2016,235.27,4.49,31.5,1.49,0.01,0.42,0.01,0,110.28,60.15,0.27,8.36,0,0.03,1.31
27,"Bosque Farm",34.848851,-106.714722,"Isleta Reach",2017,260.17,5.39,31.64,0.11,0,0.44,0.16,0,80.47,20.83,0.03,5.89,0,0.26,0.9
27,"Bosque Farm",34.848851,-106.714722,"Isleta Reach",2018,226.08,2.2,27.06,0.41,0.01,0.02,0,0.01,43.36,39.34,1.26,5.5,0,0,6.05
27,"Bosque Farm",34.848851,-106.714722,"Isleta Reach",2019,397.67,8.11,24.87,0.37,0,0.32,0.01,0,126.18,19.98,0.02,3.58,0,0.02,3.19
27,"Bosque Farm",34.848851,-106.714722,"Isleta Reach",2020,416.38,4.42,36.27,0.45,0.01,0.92,0.01,1.41,108.1,55.77,0.21,12.48,0.04,0,8.84
27,"Bosque Farm",34.848851,-106.714722,"Isleta Reach",2021,351.04,6.81,38.77,0.26,0.01,0,0.01,0,95.05,72.05,0.37,8.25,0.01,0,10.03
28,"Valle de Oro",34.97895,-106.6801,"Angostura Reach",2014,0.05,0.35,0,0.09,0,0,0,0,13.62,0.12,0.02,0,0,0,3.11
28,"Valle de Oro",34.97895,-106.6801,"Angostura Reach",2015,0.01,0.63,0,0,0.03,0,0,0,0.66,0.02,0.08,0,0,0,6.49
28,"Valle de Oro",34.97895,-106.6801,"Angostura Reach",2016,0.02,0,0,0,0.02,0,0,0,1.07,0.01,0,0,0,0,0.95
28,"Valle de Oro",34.97895,-106.6801,"Angostura Reach",2017,0.1,0.4,0.01,0,0.03,0,0,0,5.22,0.01,0,0,0,0,1.83
28,"Valle de Oro",34.97895,-106.6801,"Angostura Reach",2018,0.62,0,0,0.01,2.98,0,0.01,0,2.04,0,0,0.15,0,0,3.09
28,"Valle de Oro",34.97895,-106.6801,"Angostura Reach",2019,0.33,0.19,0,0.01,0.27,0.03,0,0,4.31,0.01,0.02,0.02,0.02,0,1.59
29,"Albuquerque Overbank Project",35.04546,-106.6657,"Angostura Reach",2014,52.62,30.7,19.29,0.01,10.93,0.01,0,0.77,12.86,1.18,2.95,0.57,0,0,1.07
29,"Albuquerque Overbank Project",35.04546,-106.6657,"Angostura Reach",2015,46.87,35.24,25.54,0.02,23.63,0.03,0,0,9.6,1.93,3.77,14.36,0,0,2.81
29,"Albuquerque Overbank Project",35.04546,-106.6657,"Angostura Reach",2016,57.29,15.66,18.49,0,13.78,18.34,5.24,0,21.63,3.89,0.13,2.1,0,0,0.65
29,"Albuquerque Overbank Project",35.04546,-106.6657,"Angostura Reach",2017,47.25,40.98,31.66,0.03,18.91,0.26,3.95,0,557.4,2.83,2.03,3.94,0.06,0,1.02
29,"Albuquerque Overbank Project",35.04546,-106.6657,"Angostura Reach",2018,66.53,29.67,53.91,0.06,37.07,0.67,0,2.01,10.98,5.48,2.13,6.96,0.1,0,2.43
29,"Albuquerque Overbank Project",35.04546,-106.6657,"Angostura Reach",2019,87.82,46.57,22.48,0.06,28.41,0.01,0.01,0.42,3.83,1.8,0,2.69,0.04,0,0.82
29,"Albuquerque Overbank Project",35.04546,-106.6657,"Angostura Reach",2020,64.96,41.98,87.07,0.07,52.99,0.08,0.02,0.07,13.89,4.36,6.61,9.8,0.16,0,3.18
29,"Albuquerque Overbank Project",35.04546,-106.6657,"Angostura Reach",2021,78.46,41.99,92.27,0.39,48.1,0.26,0,0.04,20.54,4.21,3.08,20.58,1.48,0,4.61
30,"State Land Office",34.96785,-106.6856,"Angostura Reach",2014,333.12,0.17,0,0.01,0,0,0,0.02,335.91,33.16,0,0,0,0,4.47
30,"State Land Office",34.96785,-106.6856,"Angostura Reach",2015,293.77,2.08,0,1.09,0.01,0.01,0,0.01,395.09,45.83,0.01,0.01,0,0,7.56
30,"State Land Office",34.96785,-106.6856,"Angostura Reach",2016,209.65,6.76,0.02,1.02,0.01,0.01,0.01,0.78,35.95,76.48,0.03,0,0,0.01,0.33
30,"State Land Office",34.96785,-106.6856,"Angostura Reach",2017,198.7,11.73,0.04,0.23,0,0,1.23,0,46.3,31.32,1.72,0.02,0.03,0,2.57
30,"State Land Office",34.96785,-106.6856,"Angostura Reach",2018,238.52,14.13,0.03,0,0,0,0.01,0,55.68,53.96,0.25,0,0,0,6.98
30,"State Land Office",34.96785,-106.6856,"Angostura Reach",2019,251.47,16.73,0.32,0,0,0,0,0.01,143.51,48.4,0.57,0.01,0.01,0,6.5
30,"State Land Office",34.96785,-106.6856,"Angostura Reach",2020,208.41,28.14,1.27,0.01,0,0,0,0.01,57.78,48.47,1.24,0,0.05,0,6.95
30,"State Land Office",34.96785,-106.6856,"Angostura Reach",2021,231.14,12.17,6.58,0.02,0.01,0,0,0,48.07,40.23,0.44,0.03,0.01,0,5.98
31,"San Jose",35.012375,-106.6728,"Angostura Reach",2016,217.37,70.44,0.02,0.03,0.54,0.06,0.01,0,225.49,35.75,5.09,0.01,0,0,0.81
31,"San Jose",35.012375,-106.6728,"Angostura Reach",2017,176.54,35.12,0.02,0,0,0.31,0,0,47.88,23.79,0.42,0,0.01,0,0.14
31,"San Jose",35.012375,-106.6728,"Angostura Reach",2018,205.11,20.66,0,0.1,0.16,0.02,0,0,49.65,32.46,4.06,0,0.02,0,6.94
31,"San Jose",35.012375,-106.6728,"Angostura Reach",2019,273.62,60.14,0.01,0.02,0.32,0.16,0.01,0,90.05,24.71,0.14,0.01,0,0,3.3
31,"San Jose",35.012375,-106.6728,"Angostura Reach",2020,246.24,35.89,0.01,0.03,0,0.17,0,0,26.45,40.56,1.15,0,0.01,0,5.53
31,"San Jose",35.012375,-106.6728,"Angostura Reach",2021,245.98,20.42,0.11,0.05,1.57,0.75,0,0,43.14,30.41,0.85,0.02,0,0.01,4.09
32,"Sandia",35.255,-106.5907,"Angostura Reach",2016,21.58,10.07,1.78,0.02,0,18.65,0.63,0,344.09,0.34,12.57,0.24,0,0,1.95
32,"Sandia",35.255,-106.5907,"Angostura Reach",2017,10.75,40.26,1.96,0,1.86,0.57,0.01,0,135.22,4.6,2.17,0.25,0.11,0,1.95
32,"Sandia",35.255,-106.5907,"Angostura Reach",2018,85.72,55.68,13.58,0.03,0.03,5.16,0.03,1.24,25.24,1.76,4.34,0.04,0,0,3.99
32,"Sandia",35.255,-106.5907,"Angostura Reach",2019,16.5,44.69,1.82,0.06,0,6.11,0.85,0,4787.82,1.79,6.98,0.01,0,0,4.8
32,"Sandia",35.255,-106.5907,"Angostura Reach",2020,9.89,79.46,0.03,0.15,0.08,2.83,0.46,0.01,32.51,0.11,2.27,0.02,0.01,0,3.4
32,"Sandia",35.255,-106.5907,"Angostura Reach",2021,98.87,72.17,0.5,0.05,0,5.86,0.32,0.01,71.19,0.4,16.55,0.28,0,0,3.06
33,"Bosque del Apache",33.8197,-106.8539,"San Acacia Reach",2018,376.01,5.03,0.26,32.42,0.01,1.25,0.01,0,71.63,100.66,1.12,0.17,0,0,13.47
33,"Bosque del Apache",33.8197,-106.8539,"San Acacia Reach",2019,547.38,13.64,0.1,36.93,0.01,0.14,0,0.01,337.48,49.24,0.02,0.01,0,0.08,6.4
33,"Bosque del Apache",33.8197,-106.8539,"San Acacia Reach",2020,672.66,5.1,0.03,31.52,0.19,2.85,0,0.02,54.4,161.72,2.7,0.02,0,0.86,21.62
33,"Bosque del Apache",33.8197,-106.8539,"San Acacia Reach",2021,313,4.12,0.05,21.14,0.03,0.16,0.02,0.02,72.99,84.01,0.53,0.01,0.01,0.05,11.27
34,"River Realignment",33.8227,-106.8419,"San Acacia Reach",2019,14.62,110.16,0.93,0.16,0,0,0,0,23.84,7,10,0,0,0,2.21
34,"River Realignment",33.8227,-106.8419,"San Acacia Reach",2020,35.71,47.24,4.09,0.08,0,0,0,0,50.16,24.69,47,0.77,0,0,0.94
34,"River Realignment",33.8227,-106.8419,"San Acacia Reach",2021,1.7,16.32,0.16,0,0,0,0.85,0.08,4.09,10.08,13.08,0.77,0,0,0.35
