Site number,Site name,Latitude,Longitude,Reaches,Year,Annual summer cw gm per m2,Annual summer will gm per m2,Annual summer ro gm per m2,Annual summer sc gm per m2,Annual summer elm gm per m2,Annual summer seep gm per m2,Annual summer nmol gm per m2,Annual summer indbu gm per m2,Annual summer total leaf litterfall per m2
1,Alameda,35.1880598884,-106.646949118,Angostura Reach,1997,10.690000000000001,0,0.13,0,2.57,0,7.7,0,7.109999999999999
1,Alameda,35.1880598884,-106.646949118,Angostura Reach,1998,16.49,0,0,0.11,2.2199999999999998,0,5.17,0,11.81
1,Alameda,35.1880598884,-106.646949118,Angostura Reach,1999,4.72,0.09,0.09,0,1.72,0,3.52,0,8.61
1,Alameda,35.1880598884,-106.646949118,Angostura Reach,2000,3.4,0.38,0.27,0.02,0.02,0,0.11,0,4.46
1,Alameda,35.1880598884,-106.646949118,Angostura Reach,2001,4.6499999999999995,0.06,0.01,0.04,0.03,0.01,1.6800000000000002,0,6.4399999999999995
1,Alameda,35.1880598884,-106.646949118,Angostura Reach,2002,4.34,0.02,0.02,0.02,0.19,0,0.13,0,6.01
1,Alameda,35.1880598884,-106.646949118,Angostura Reach,2003,4.48,0,0.02,0.01,0.33,0,0.87,0,6.49
1,Alameda,35.1880598884,-106.646949118,Angostura Reach,2004,4.8100000000000005,0,0.01,0,0.03,0,0.19999999999999998,0,4.61
1,Alameda,35.1880598884,-106.646949118,Angostura Reach,2005,3.5,0.01,0,0,0.86,0,0.93,0,4.36
1,Alameda,35.1880598884,-106.646949118,Angostura Reach,2006,4.46,0.09,0.01,0,0,0.01,10.87,0,12.71
1,Alameda,35.1880598884,-106.646949118,Angostura Reach,2007,5.25,0.02,0,0,0.02,0,0.5800000000000001,0,7.58
1,Alameda,35.1880598884,-106.646949118,Angostura Reach,2008,6.67,0.02,0,0.01,0,0,0.79,0,4.28
1,Alameda,35.1880598884,-106.646949118,Angostura Reach,2009,7.32,0.22999999999999998,0,0,0.55,0,0.63,0,4.33
1,Alameda,35.1880598884,-106.646949118,Angostura Reach,2010,2.98,0.01,0.01,0,0.03,0,0.06,0,6.99
1,Alameda,35.1880598884,-106.646949118,Angostura Reach,2011,4.38,0.31,0,0.03,0.13,0,0.25,0,4.69
1,Alameda,35.1880598884,-106.646949118,Angostura Reach,2012,4.59,0.09,0.02,0.02,0.03,0,0.19999999999999998,0,3.24
1,Alameda,35.1880598884,-106.646949118,Angostura Reach,2013,9.23,0.09999999999999999,0.02,0,0.02,0,2.41,0,7.02
1,Alameda,35.1880598884,-106.646949118,Angostura Reach,2014,3.42,0.27,0,0.02,0.25,0,0.44,0,3.49
1,Alameda,35.1880598884,-106.646949118,Angostura Reach,2015,4.9799999999999995,0.25,0,0.01,0.19,0,6.67,0,7.369999999999999
1,Alameda,35.1880598884,-106.646949118,Angostura Reach,2016,4.25,1.92,0,0,0.03,0,1.06,0,7.75
1,Alameda,35.1880598884,-106.646949118,Angostura Reach,2017,2.98,0.34,0.03,0.01,0.18,0,0.74,0,4.029999999999999
1,Alameda,35.1880598884,-106.646949118,Angostura Reach,2018,1.67,0.01,0,0.01,0.02,0,0.03,3.55,7.8
1,Alameda,35.1880598884,-106.646949118,Angostura Reach,2019,2.16,0.25,0.01,0.01,0.26,0,0.29,0,1.79
1,Alameda,35.1880598884,-106.646949118,Angostura Reach,2020,7.65,0.38,0.03,0.02,0.06,0,2.93,0,3.52
1,Alameda,35.1880598884,-106.646949118,Angostura Reach,2021,9.120000000000001,0.61,0.01,0.03,0.06999999999999999,0,1.08,0,5.94
1,Alameda,35.1880598884,-106.646949118,Angostura Reach,2022,5.66,0.38,0,0.01,0.05,0,0.8900000000000001,0,2.58
2,Rio Grande Nature Center,35.1267624154,-106.688450012,Angostura Reach,1997,6.51,0.02,1.26,0,0.18,0,0,0,2.18
2,Rio Grande Nature Center,35.1267624154,-106.688450012,Angostura Reach,1998,7.6499999999999995,0.03,0.6799999999999999,0.02,0,0,0.04,0,4.27
2,Rio Grande Nature Center,35.1267624154,-106.688450012,Angostura Reach,1999,2.2,0.04,1.7599999999999998,0,0,0,0,0,7.369999999999999
2,Rio Grande Nature Center,35.1267624154,-106.688450012,Angostura Reach,2000,1.34,0,0.63,0,0,0,0,0,1.5
2,Rio Grande Nature Center,35.1267624154,-106.688450012,Angostura Reach,2001,3.62,0,0.96,0,0,0,0.16,0,1.58
2,Rio Grande Nature Center,35.1267624154,-106.688450012,Angostura Reach,2002,7.65,0,1.34,0,0,0,0,0,2.09
2,Rio Grande Nature Center,35.1267624154,-106.688450012,Angostura Reach,2003,25.73,0.23,5.1,0,0.02,0,0,0,5.88
2,Rio Grande Nature Center,35.1267624154,-106.688450012,Angostura Reach,2004,1.9,0,0.01,0,0,0,0,0,2.13
2,Rio Grande Nature Center,35.1267624154,-106.688450012,Angostura Reach,2005,0.64,0.08,0,0,0,0,0,0,2.3
2,Rio Grande Nature Center,35.1267624154,-106.688450012,Angostura Reach,2006,1.56,0,0.01,0.01,0,0,0,0,1.02
2,Rio Grande Nature Center,35.1267624154,-106.688450012,Angostura Reach,2007,3.09,0.01,0.01,0,0.26,0,0,0,2.8000000000000003
2,Rio Grande Nature Center,35.1267624154,-106.688450012,Angostura Reach,2008,3.62,0,0,0,0,0,0,0,1.8699999999999999
2,Rio Grande Nature Center,35.1267624154,-106.688450012,Angostura Reach,2009,1.29,0,0,0,0,0,0,0,1.75
2,Rio Grande Nature Center,35.1267624154,-106.688450012,Angostura Reach,2010,4,0,0,0,0,0,0,0,2.46
2,Rio Grande Nature Center,35.1267624154,-106.688450012,Angostura Reach,2011,3.49,0,0,0.02,0,0,0,0,1.7000000000000002
2,Rio Grande Nature Center,35.1267624154,-106.688450012,Angostura Reach,2012,9.96,0,0,0,0,0,0,0,2.75
2,Rio Grande Nature Center,35.1267624154,-106.688450012,Angostura Reach,2013,3.97,0.01,0,0,0,0,0,0,1.85
2,Rio Grande Nature Center,35.1267624154,-106.688450012,Angostura Reach,2014,5.09,0.02,0,0,0,0,0,0,1.43
2,Rio Grande Nature Center,35.1267624154,-106.688450012,Angostura Reach,2015,2.2,0.09,0,0,0,0,0,0,2.21
2,Rio Grande Nature Center,35.1267624154,-106.688450012,Angostura Reach,2016,1.05,0,0.01,0,0.01,0,0,0,1.16
2,Rio Grande Nature Center,35.1267624154,-106.688450012,Angostura Reach,2017,0.69,0.01,0,0,0.01,0,0,0,2.2800000000000002
2,Rio Grande Nature Center,35.1267624154,-106.688450012,Angostura Reach,2018,0.78,0,0,0,0,0,0,0,0.79
2,Rio Grande Nature Center,35.1267624154,-106.688450012,Angostura Reach,2019,3.43,0,0.01,0,0,0,0,0,1.81
2,Rio Grande Nature Center,35.1267624154,-106.688450012,Angostura Reach,2020,3.05,0,0.02,0,0,0,0.32,0,1.23
2,Rio Grande Nature Center,35.1267624154,-106.688450012,Angostura Reach,2021,1.9100000000000001,0,0.02,0.02,0,0,0,0,0.8
2,Rio Grande Nature Center,35.1267624154,-106.688450012,Angostura Reach,2022,1.01,0.02,0,0.01,0,0,0,0,0.35000000000000003
3,Los Lunas,34.8123850767529,-106.714471968474,Isleta Reach,1998,23.82,0.49,0.39,0,0,0.02,0.01,0,6.93
3,Los Lunas,34.8123850767529,-106.714471968474,Isleta Reach,1999,7.92,0.83,0.01,0,0.34,0,0,0,3.8000000000000003
3,Los Lunas,34.8123850767529,-106.714471968474,Isleta Reach,2000,6.29,0.21000000000000002,0.28,0,0.01,0,0.02,0,4.08
3,Los Lunas,34.8123850767529,-106.714471968474,Isleta Reach,2001,5.9399999999999995,0.06999999999999999,0.29,0,0.1,0.01,0,0,3.14
3,Los Lunas,34.8123850767529,-106.714471968474,Isleta Reach,2002,7.25,0.55,0.2,0,0.03,0,0.02,0,4.45
3,Los Lunas,34.8123850767529,-106.714471968474,Isleta Reach,2003,5.0600000000000005,1.6199999999999999,0.91,0,0.09,0,0,0.02,5.35
3,Los Lunas,34.8123850767529,-106.714471968474,Isleta Reach,2004,5.779999999999999,0.16,0.12,0.01,0.01,0,0,0.02,5.48
3,Los Lunas,34.8123850767529,-106.714471968474,Isleta Reach,2005,3.12,0.38,1.02,0,0,0,0.01,0,9.15
3,Los Lunas,34.8123850767529,-106.714471968474,Isleta Reach,2006,10.280000000000001,0.49,0.5,0,0.01,0.01,0,0,5.970000000000001
3,Los Lunas,34.8123850767529,-106.714471968474,Isleta Reach,2007,14.100000000000001,0.35,1.01,0,0,0.16,0,0,6.27
3,Los Lunas,34.8123850767529,-106.714471968474,Isleta Reach,2008,4.800000000000001,0.52,0.55,0.08,0.02,0.01,0,0.01,5.02
3,Los Lunas,34.8123850767529,-106.714471968474,Isleta Reach,2009,2.04,0.13,1.99,0,0.01,0,0,0,5.21
3,Los Lunas,34.8123850767529,-106.714471968474,Isleta Reach,2010,5.27,0.25,1.69,0.01,0.03,0,0.01,0,5.58
3,Los Lunas,34.8123850767529,-106.714471968474,Isleta Reach,2011,8.26,0.09,2.1100000000000003,0,0.11,0,0,0,2.65
3,Los Lunas,34.8123850767529,-106.714471968474,Isleta Reach,2012,7.64,0.26,2.9899999999999998,0,0.32,0,0,0,3.73
3,Los Lunas,34.8123850767529,-106.714471968474,Isleta Reach,2013,4.58,0.04,0.49,0,1.43,0.01,2.82,0.01,3.21
3,Los Lunas,34.8123850767529,-106.714471968474,Isleta Reach,2014,4.640000000000001,0.05,2.2,0,0.8,0,0.01,0,3.71
3,Los Lunas,34.8123850767529,-106.714471968474,Isleta Reach,2015,51.69,1.23,1.8800000000000001,0,0.11,0,0,0,9.5
3,Los Lunas,34.8123850767529,-106.714471968474,Isleta Reach,2016,1.8399999999999999,0.1,1.79,0,0.55,0,0,0,5.14
3,Los Lunas,34.8123850767529,-106.714471968474,Isleta Reach,2017,2.32,8.54,0.05,0,0.18,0.02,0,0,2.38
3,Los Lunas,34.8123850767529,-106.714471968474,Isleta Reach,2018,4.57,0.28,1.9100000000000001,0,0.09999999999999999,0,0,0.01,2.88
3,Los Lunas,34.8123850767529,-106.714471968474,Isleta Reach,2019,46.879999999999995,0.09999999999999999,1.8499999999999999,0,0.76,0,0,0,74.86999999999999
3,Los Lunas,34.8123850767529,-106.714471968474,Isleta Reach,2020,9.42,2.42,3.9299999999999997,0.02,1.81,0,0.01,0.04,7.47
3,Los Lunas,34.8123850767529,-106.714471968474,Isleta Reach,2021,4.45,0.85,3.7299999999999995,0.01,0.69,0,0,0,5.489999999999999
3,Los Lunas,34.8123850767529,-106.714471968474,Isleta Reach,2022,7.86,1.53,4.4399999999999995,0,1.34,0,0.03,0,3.29
4,Belen,34.6481124155284,-106.737727748983,Isleta Reach,1998,4.4799999999999995,7.18,15.379999999999999,0,0,0,0,0,5.0600000000000005
4,Belen,34.6481124155284,-106.737727748983,Isleta Reach,1999,7.16,2.1,15.469999999999999,0,0,0,0,0,5.04
4,Belen,34.6481124155284,-106.737727748983,Isleta Reach,2000,1.17,1.02,27.56,0,0,0,0.78,0,5.8
4,Belen,34.6481124155284,-106.737727748983,Isleta Reach,2001,2.94,2.13,15.870000000000001,0,0,0,0.01,0,3.75
4,Belen,34.6481124155284,-106.737727748983,Isleta Reach,2002,3.15,0.59,16.7,0,0,0,0,0,4.29
4,Belen,34.6481124155284,-106.737727748983,Isleta Reach,2003,6.7,6.38,7.15,0,0,0,0,0,4.43
4,Belen,34.6481124155284,-106.737727748983,Isleta Reach,2004,2.7800000000000002,0.28,16.009999999999998,0,0,0,0,0,4.4
4,Belen,34.6481124155284,-106.737727748983,Isleta Reach,2005,8.16,21.39,11.85,0,0,0,0,0,7.82
4,Belen,34.6481124155284,-106.737727748983,Isleta Reach,2006,2.3600000000000003,0.28,9.2,0.15,0,0,0,0,4.33
4,Belen,34.6481124155284,-106.737727748983,Isleta Reach,2007,8.56,0.03,22.549999999999997,0,0,0,0,0,7.3999999999999995
4,Belen,34.6481124155284,-106.737727748983,Isleta Reach,2008,87.47999999999999,3.57,51.120000000000005,0,0,0,0,0,34.82
4,Belen,34.6481124155284,-106.737727748983,Isleta Reach,2009,6.640000000000001,0.02,18.46,0,0,0,0.01,0,5.05
4,Belen,34.6481124155284,-106.737727748983,Isleta Reach,2010,5.64,0.41000000000000003,11.5,0,0,0,0,0,6.27
4,Belen,34.6481124155284,-106.737727748983,Isleta Reach,2011,4.07,0.09999999999999999,6.03,0.01,0,0,0,0,2.46
4,Belen,34.6481124155284,-106.737727748983,Isleta Reach,2012,2.59,0.26,7.42,0,0,0,0,0,2.8600000000000003
4,Belen,34.6481124155284,-106.737727748983,Isleta Reach,2013,6.95,0.08,8.48,0,0,0,0,0,3.91
4,Belen,34.6481124155284,-106.737727748983,Isleta Reach,2014,3.35,0.01,11.91,0,0.01,0,0,0,79.43
4,Belen,34.6481124155284,-106.737727748983,Isleta Reach,2015,14.049999999999999,0.03,13.43,0,0,0,0,0,4.64
4,Belen,34.6481124155284,-106.737727748983,Isleta Reach,2016,2.58,0.08,11.58,0,0,0,0,0,11.719999999999999
4,Belen,34.6481124155284,-106.737727748983,Isleta Reach,2017,1.48,0,7.0600000000000005,0,0,0,0,0,1.7000000000000002
4,Belen,34.6481124155284,-106.737727748983,Isleta Reach,2018,15.93,0.01,10.01,0,0,0,0,0,6.359999999999999
4,Belen,34.6481124155284,-106.737727748983,Isleta Reach,2019,6.32,0,5.33,0,0,0.09,0,0,7.08
4,Belen,34.6481124155284,-106.737727748983,Isleta Reach,2020,15.07,0.02,5.869999999999999,0.01,0.02,0.02,0,0,5.91
4,Belen,34.6481124155284,-106.737727748983,Isleta Reach,2021,4.8,0,5.4399999999999995,0,0,0,0,0,8.049999999999999
4,Belen,34.6481124155284,-106.737727748983,Isleta Reach,2022,7.02,0.01,2.83,0,0,0,0,0,76.35
5,Santa Ana,35.34284,-106.5458,Angostura Reach,1999,1.72,0,0,0.31,0,0,0,0,6.92
5,Santa Ana,35.34284,-106.5458,Angostura Reach,2000,34.18,0,0.16999999999999998,0,0,0,0,0,6.68
5,Santa Ana,35.34284,-106.5458,Angostura Reach,2001,25.38,0,0,0,0,0,0,0,20.11
5,Santa Ana,35.34284,-106.5458,Angostura Reach,2002,33.68,0,0.01,0,0,0,0,0,5.37
5,Santa Ana,35.34284,-106.5458,Angostura Reach,2003,64.84,0,0,0,0,0,0,0,8.52
5,Santa Ana,35.34284,-106.5458,Angostura Reach,2004,0,0,0,0,0,0,0,0,0
5,Santa Ana,35.34284,-106.5458,Angostura Reach,2005,47.540000000000006,0,0,0,0,0,0,0,9.370000000000001
5,Santa Ana,35.34284,-106.5458,Angostura Reach,2006,0,0,0,0,0,0,0,0,0
5,Santa Ana,35.34284,-106.5458,Angostura Reach,2007,0,0,0,0,0,0,0,0,0
5,Santa Ana,35.34284,-106.5458,Angostura Reach,2008,15.45,0,0,0,0,0,0,0,7.73
5,Santa Ana,35.34284,-106.5458,Angostura Reach,2009,34.54,0,0,0.01,0,0,0,0,6.92
5,Santa Ana,35.34284,-106.5458,Angostura Reach,2010,102.63,0,0,0.43,0,0,0,0,18.43
5,Santa Ana,35.34284,-106.5458,Angostura Reach,2011,4.720000000000001,0.01,0,0,0,0,0,0,3.66
5,Santa Ana,35.34284,-106.5458,Angostura Reach,2012,77.08,0,0,0,0,0,0,0,12.75
5,Santa Ana,35.34284,-106.5458,Angostura Reach,2013,22.46,0,0,0.01,0,0,0,0,4.92
5,Santa Ana,35.34284,-106.5458,Angostura Reach,2014,4.03,0.01,0,0,0,0,0,0,2.98
5,Santa Ana,35.34284,-106.5458,Angostura Reach,2015,7.33,0,0,0,0,0,0,0,10.629999999999999
5,Santa Ana,35.34284,-106.5458,Angostura Reach,2016,3.05,0,0,0,0,0,0,0,26.73
5,Santa Ana,35.34284,-106.5458,Angostura Reach,2017,10.350000000000001,0,0,0,0,0,0,0,4.41
5,Santa Ana,35.34284,-106.5458,Angostura Reach,2018,2.47,0,0,0.01,0,0,0,0,2.59
5,Santa Ana,35.34284,-106.5458,Angostura Reach,2019,1.68,0.01,0.31,0,0,0,0,0,1.99
5,Santa Ana,35.34284,-106.5458,Angostura Reach,2021,5.9399999999999995,0,0,0,0,0,0.01,0,2.9400000000000004
5,Santa Ana,35.34284,-106.5458,Angostura Reach,2022,3.1100000000000003,0,0,0,0,0,0,0,1.14
6,Savannah,35.1428674147,-106.681982289,Angostura Reach,2000,28.46,0,6.42,0.43,0,0,0,0,14.39
6,Savannah,35.1428674147,-106.681982289,Angostura Reach,2001,4.11,0,6.61,0.06,0,0,0,0,2.15
6,Savannah,35.1428674147,-106.681982289,Angostura Reach,2002,0.79,0,0,0,0,0,0.15,0,0.89
6,Savannah,35.1428674147,-106.681982289,Angostura Reach,2003,2.3200000000000003,0,1.81,0.13,0,0,0.31,0,7.409999999999999
6,Savannah,35.1428674147,-106.681982289,Angostura Reach,2004,4.87,0,10.27,0.12,0,0,0.01,0,3.16
6,Savannah,35.1428674147,-106.681982289,Angostura Reach,2005,3.77,0,15.719999999999999,0.25,0,0,0,0,4.57
6,Savannah,35.1428674147,-106.681982289,Angostura Reach,2006,5.3100000000000005,0.09,9.879999999999999,17.38,1.23,0,0,0,12.94
6,Savannah,35.1428674147,-106.681982289,Angostura Reach,2007,3.49,0.48000000000000004,7.47,0.02,0,0,0,0,3.17
6,Savannah,35.1428674147,-106.681982289,Angostura Reach,2008,3.6399999999999997,0,2.94,0.16999999999999998,0,0.16,0,0,5.25
6,Savannah,35.1428674147,-106.681982289,Angostura Reach,2009,4.33,0.01,8.18,0.79,0,0,0,0,3.5
6,Savannah,35.1428674147,-106.681982289,Angostura Reach,2010,3.95,1.27,5.24,0.67,0.03,0.15,0.02,0,3.5900000000000003
6,Savannah,35.1428674147,-106.681982289,Angostura Reach,2011,2.96,0,4.890000000000001,0.26,0,0,0,0,1.88
6,Savannah,35.1428674147,-106.681982289,Angostura Reach,2012,10.17,0,5.95,0.73,0,0,0.01,0,2.88
6,Savannah,35.1428674147,-106.681982289,Angostura Reach,2013,5.21,0.01,7.4799999999999995,9.11,0.02,0,0,0,5.449999999999999
6,Savannah,35.1428674147,-106.681982289,Angostura Reach,2014,1.58,0.29000000000000004,3.34,7.85,0.01,0,0.01,0,2.82
6,Savannah,35.1428674147,-106.681982289,Angostura Reach,2015,5.12,0,8.48,9.89,0,0,0,0,5.43
6,Savannah,35.1428674147,-106.681982289,Angostura Reach,2016,3.64,0,6.45,4.26,0,0,0.01,0,3.42
6,Savannah,35.1428674147,-106.681982289,Angostura Reach,2017,3.49,0.01,5.91,2.01,0.01,0,0,0,4.45
6,Savannah,35.1428674147,-106.681982289,Angostura Reach,2018,6.17,0.09,7.9399999999999995,1.3900000000000001,0,0,0,0,4.29
6,Savannah,35.1428674147,-106.681982289,Angostura Reach,2019,6.79,0.77,15.030000000000001,3.49,0,0.01,0,0,7.82
6,Savannah,35.1428674147,-106.681982289,Angostura Reach,2020,4.57,0,15.41,2.9099999999999997,0,0,0,0,5.02
6,Savannah,35.1428674147,-106.681982289,Angostura Reach,2021,3.51,0.33,10.19,0.96,0,0,0,0.01,6.26
6,Savannah,35.1428674147,-106.681982289,Angostura Reach,2022,5.699999999999999,0,13.29,1.6400000000000001,0.08,0,0.01,0,3.92
7,Lemitar,34.1670457032,-106.889953039,San Acacia Reach,2001,0.33,0.01,0,0.35,0,0,0,0,0.13
7,Lemitar,34.1670457032,-106.889953039,San Acacia Reach,2002,2.63,0,0,0.01,0,0,0,0,1.18
7,Lemitar,34.1670457032,-106.889953039,San Acacia Reach,2003,0.02,0,0,0,0,0,0,0,0.25
7,Lemitar,34.1670457032,-106.889953039,San Acacia Reach,2004,0,0,0,0.53,0,0.01,0,0,0.1
7,Lemitar,34.1670457032,-106.889953039,San Acacia Reach,2005,1.85,0,0,0.77,0,0,0,0,0.49
7,Lemitar,34.1670457032,-106.889953039,San Acacia Reach,2006,0.04,0,0.01,0.12000000000000001,0,0,0,0,0.09
7,Lemitar,34.1670457032,-106.889953039,San Acacia Reach,2007,0.24000000000000002,0,0,1.49,0,0,0,0,1.08
7,Lemitar,34.1670457032,-106.889953039,San Acacia Reach,2008,0.65,0,0,0.62,0,0,0,0,1.49
7,Lemitar,34.1670457032,-106.889953039,San Acacia Reach,2009,0.32,0,0,0.03,0,0,0,0,0.7100000000000001
7,Lemitar,34.1670457032,-106.889953039,San Acacia Reach,2010,0.16,0,0.01,0.29,0,0,0,0,0.21000000000000002
7,Lemitar,34.1670457032,-106.889953039,San Acacia Reach,2011,0.26,0,0,0.06,0,0,0,0,0.16
7,Lemitar,34.1670457032,-106.889953039,San Acacia Reach,2012,0.46,0,0,0.49,0,0,0,0,0.2
7,Lemitar,34.1670457032,-106.889953039,San Acacia Reach,2013,0.02,0,0,1.08,0,0,0,0,0.31
7,Lemitar,34.1670457032,-106.889953039,San Acacia Reach,2014,0,0,0,0.32,0,0,0,0,0.15000000000000002
7,Lemitar,34.1670457032,-106.889953039,San Acacia Reach,2015,0.47,0,0,0.77,0,0,0,0,0.63
7,Lemitar,34.1670457032,-106.889953039,San Acacia Reach,2016,0.01,0,0,0.1,0,0,0,0,0.36
7,Lemitar,34.1670457032,-106.889953039,San Acacia Reach,2017,0.02,0.02,0.01,7.02,0,0,0,0,0.98
7,Lemitar,34.1670457032,-106.889953039,San Acacia Reach,2018,0.31,0,0,0.6100000000000001,0,0,0,0,0.23
7,Lemitar,34.1670457032,-106.889953039,San Acacia Reach,2019,0.01,0,0,0.74,0,0,0,0,0.24
7,Lemitar,34.1670457032,-106.889953039,San Acacia Reach,2020,1.52,0,0,7.68,0.01,0,0.02,0,1.3599999999999999
7,Lemitar,34.1670457032,-106.889953039,San Acacia Reach,2021,0.12,0.01,0,3.46,0,0,0,0,0.85
7,Lemitar,34.1670457032,-106.889953039,San Acacia Reach,2022,0.27999999999999997,0,0,2.51,0,0,0,0,1.13
8,Hispanic Cultural Center,35.0688083802,-106.65807622,Angostura Reach,2002,37.17,3.5599999999999996,2.38,0,0,0,0,0,12.870000000000001
8,Hispanic Cultural Center,35.0688083802,-106.65807622,Angostura Reach,2003,22.85,0.25,0.7,0,1.23,0,0,0,8.2
8,Hispanic Cultural Center,35.0688083802,-106.65807622,Angostura Reach,2004,61.37,0.01,0,0,0.03,0,0.03,0,14.33
8,Hispanic Cultural Center,35.0688083802,-106.65807622,Angostura Reach,2005,6.1899999999999995,0.26,0.01,0,0.01,0,0,0,3.76
8,Hispanic Cultural Center,35.0688083802,-106.65807622,Angostura Reach,2006,22.54,0,0,0,0.31,0,0,0,12.620000000000001
8,Hispanic Cultural Center,35.0688083802,-106.65807622,Angostura Reach,2007,13.71,1.09,0,0,2.62,0,0,0,5.82
8,Hispanic Cultural Center,35.0688083802,-106.65807622,Angostura Reach,2008,23.41,1.46,0,0,0,0,0,0,10.66
8,Hispanic Cultural Center,35.0688083802,-106.65807622,Angostura Reach,2009,10.98,1.41,0.01,0,6.17,0.01,0,0,4.95
8,Hispanic Cultural Center,35.0688083802,-106.65807622,Angostura Reach,2010,26.09,0.31,0,0,0,0,0,0,10.37
8,Hispanic Cultural Center,35.0688083802,-106.65807622,Angostura Reach,2011,168.85,0.11,0,0,0.09,0,0,0.01,24.07
8,Hispanic Cultural Center,35.0688083802,-106.65807622,Angostura Reach,2012,83.67999999999999,0.73,0.01,0,0.09,0,0,0,12.6
8,Hispanic Cultural Center,35.0688083802,-106.65807622,Angostura Reach,2013,29.47,0.68,0,0,0.09,0,0,0,45.339999999999996
8,Hispanic Cultural Center,35.0688083802,-106.65807622,Angostura Reach,2014,7.27,0.77,0,0,0.11,0,0,0,2.7800000000000002
8,Hispanic Cultural Center,35.0688083802,-106.65807622,Angostura Reach,2015,6.15,1.5,0,0,0.32,0,0,0,3.08
8,Hispanic Cultural Center,35.0688083802,-106.65807622,Angostura Reach,2016,8.780000000000001,0.26,0.01,0,0.51,0,0.01,0,4.5
8,Hispanic Cultural Center,35.0688083802,-106.65807622,Angostura Reach,2017,5.73,1.36,0.01,0,0.04,0,0.01,0,1.49
8,Hispanic Cultural Center,35.0688083802,-106.65807622,Angostura Reach,2018,14.94,0.01,0,0,0.01,0.03,0.88,0,7.5
8,Hispanic Cultural Center,35.0688083802,-106.65807622,Angostura Reach,2019,10.81,0.5,0.88,0.01,2.5599999999999996,0.12,0,0,9.47
8,Hispanic Cultural Center,35.0688083802,-106.65807622,Angostura Reach,2020,9.7,1.42,0.02,0.01,0.36000000000000004,0.02,0.02,0,8.01
8,Hispanic Cultural Center,35.0688083802,-106.65807622,Angostura Reach,2021,27.259999999999998,2.62,0.02,0,0.71,0,0,0,10.379999999999999
8,Hispanic Cultural Center,35.0688083802,-106.65807622,Angostura Reach,2022,3.08,0,0,0,0,0,0,0,0.4
9,Ohkay Owingeh,36.0618,-106.0761,Cochiti Reach,2002,1.26,0,0.01,0,0.15,0,0.01,0,1.76
9,Ohkay Owingeh,36.0618,-106.0761,Cochiti Reach,2003,2.3200000000000003,0.03,0,0,0,0,0,0,2.16
9,Ohkay Owingeh,36.0618,-106.0761,Cochiti Reach,2004,1.48,0.33,0,0,0,0,0,0,0.56
9,Ohkay Owingeh,36.0618,-106.0761,Cochiti Reach,2005,3.5,0.19,0.01,0,0,0,0,0,3.38
9,Ohkay Owingeh,36.0618,-106.0761,Cochiti Reach,2006,2.77,2.62,0,0,0,0,0,0,3.41
9,Ohkay Owingeh,36.0618,-106.0761,Cochiti Reach,2007,3.02,2.54,0,0,0,0,0,0,6.37
9,Ohkay Owingeh,36.0618,-106.0761,Cochiti Reach,2008,1.23,0.16,0,0,0,0,0,0,1.05
9,Ohkay Owingeh,36.0618,-106.0761,Cochiti Reach,2009,1.7200000000000002,11.549999999999999,0,0,0.47,3.08,0,0,6.33
9,Ohkay Owingeh,36.0618,-106.0761,Cochiti Reach,2010,3.16,0,0,0,0,0,0,0,1.99
9,Ohkay Owingeh,36.0618,-106.0761,Cochiti Reach,2011,0.72,0.32999999999999996,0,0,0,0,0,0,1.22
9,Ohkay Owingeh,36.0618,-106.0761,Cochiti Reach,2012,1.3199999999999998,1.54,0,0,0,0,0,0,2.9000000000000004
9,Ohkay Owingeh,36.0618,-106.0761,Cochiti Reach,2013,0.18,0.47000000000000003,0,0,1.6199999999999999,0.01,0.01,0,2.62
9,Ohkay Owingeh,36.0618,-106.0761,Cochiti Reach,2014,0.4,0.03,0,0,0.01,0,0,0,22.51
9,Ohkay Owingeh,36.0618,-106.0761,Cochiti Reach,2015,0.31,7.63,0.46,0,0.01,0,0,0,6.59
10,Diversion,35.191618922399996,-106.643382687,Angostura Reach,2003,0.9600000000000001,0.32,0.09,0.48,3.39,1.15,0,0,4.17
10,Diversion,35.191618922399996,-106.643382687,Angostura Reach,2004,1.0699999999999998,0.55,0.48,0.34,0.83,0,0,0,1.88
10,Diversion,35.191618922399996,-106.643382687,Angostura Reach,2005,0.62,0.31,0.62,0,0.62,0,0,0,0.7
10,Diversion,35.191618922399996,-106.643382687,Angostura Reach,2006,2.06,0.18,0.01,0.02,0.09,0,0.27,0,7.359999999999999
10,Diversion,35.191618922399996,-106.643382687,Angostura Reach,2007,4.52,0.02,1.54,0,2.53,0,0.18000000000000002,0,3.65
10,Diversion,35.191618922399996,-106.643382687,Angostura Reach,2008,0.07,0.27,0.6100000000000001,0.02,0.81,0,0,0,3.04
10,Diversion,35.191618922399996,-106.643382687,Angostura Reach,2009,1.53,0.04,4.199999999999999,0.19,1.1300000000000001,0,0,0,3.72
10,Diversion,35.191618922399996,-106.643382687,Angostura Reach,2010,1.34,0.11,1.17,0.19,0.42000000000000004,0,0,0,2.9
10,Diversion,35.191618922399996,-106.643382687,Angostura Reach,2011,1.2,0.43000000000000005,0.19,0.05,2.04,0,0,0,1.33
10,Diversion,35.191618922399996,-106.643382687,Angostura Reach,2012,1.05,0.42000000000000004,1.9500000000000002,0.11,2.65,0,0,0,2.0300000000000002
10,Diversion,35.191618922399996,-106.643382687,Angostura Reach,2013,2.0300000000000002,1.82,2.58,0.31,0.96,0,0.01,0,6.23
10,Diversion,35.191618922399996,-106.643382687,Angostura Reach,2014,0.42,0.2,0.63,1.61,0.5,0,0.03,0,1.52
10,Diversion,35.191618922399996,-106.643382687,Angostura Reach,2015,2.8,2.25,5.33,0.15,1.52,0,0,0,3.95
10,Diversion,35.191618922399996,-106.643382687,Angostura Reach,2016,1.04,3.2600000000000002,2.11,0.1,2.91,0,0,0.02,2.83
10,Diversion,35.191618922399996,-106.643382687,Angostura Reach,2017,11.389999999999999,3.7,1.21,0.25,6.13,0,0.01,0,5.73
10,Diversion,35.191618922399996,-106.643382687,Angostura Reach,2018,0.67,1.72,0.52,0.06,5.119999999999999,0.01,0,0.19,4.71
10,Diversion,35.191618922399996,-106.643382687,Angostura Reach,2019,2.66,2.26,1.32,0.30000000000000004,2.82,0,0.02,0.01,4.12
10,Diversion,35.191618922399996,-106.643382687,Angostura Reach,2020,3.35,1.23,3.11,0.55,5.35,0,0.27,0,4.78
10,Diversion,35.191618922399996,-106.643382687,Angostura Reach,2021,5.970000000000001,2.44,2.49,0.26,5.35,0,0,0.03,4.01
10,Diversion,35.191618922399996,-106.643382687,Angostura Reach,2022,1.34,0.98,0.88,0.33999999999999997,0.45,0,0.09,0,8.17
11,Calabacillas,35.1946222612,-106.646350963,Angostura Reach,2003,11.399999999999999,0.02,1.08,0.07,0.8300000000000001,0,0.08,0.02,3.67
11,Calabacillas,35.1946222612,-106.646350963,Angostura Reach,2004,9.49,0.38,1.5699999999999998,0.47,0.48,0,0,0,4.37
11,Calabacillas,35.1946222612,-106.646350963,Angostura Reach,2005,0.52,0.01,0.17,0,0.26,0,0.03,0,0.55
11,Calabacillas,35.1946222612,-106.646350963,Angostura Reach,2006,19.8,0.01,0.16999999999999998,0.01,0.15,0,0.02,0,5.529999999999999
11,Calabacillas,35.1946222612,-106.646350963,Angostura Reach,2007,2.97,0.78,0.54,0.01,0.15,0,0.02,0,5.07
11,Calabacillas,35.1946222612,-106.646350963,Angostura Reach,2008,3.7199999999999998,0.7,0.01,0,3.69,0,0.01,0,3.2800000000000002
11,Calabacillas,35.1946222612,-106.646350963,Angostura Reach,2009,5.01,0.03,0.3,0.08,0.77,0,0.25,0,5.9399999999999995
11,Calabacillas,35.1946222612,-106.646350963,Angostura Reach,2010,12.110000000000001,0.01,0.32,0.01,0.31,0,0.09,0.01,5.85
11,Calabacillas,35.1946222612,-106.646350963,Angostura Reach,2011,12.7,0.01,0.17,0.01,0.22999999999999998,0,0.03,0,3.83
11,Calabacillas,35.1946222612,-106.646350963,Angostura Reach,2012,9.86,0.02,0.15,0.01,0.6900000000000001,0,0.47,0,2.6799999999999997
11,Calabacillas,35.1946222612,-106.646350963,Angostura Reach,2013,23,0.01,0.23,0.02,0.32,0,0,0,5.88
11,Calabacillas,35.1946222612,-106.646350963,Angostura Reach,2014,3.67,0.02,0.01,0.01,1.16,0,0.09,0,1.54
11,Calabacillas,35.1946222612,-106.646350963,Angostura Reach,2015,7.800000000000001,0.09999999999999999,0.46,0.01,0.54,0,0.02,0,5.6499999999999995
11,Calabacillas,35.1946222612,-106.646350963,Angostura Reach,2016,4.87,0,0.54,0.02,0.85,0.01,0,0,7.21
11,Calabacillas,35.1946222612,-106.646350963,Angostura Reach,2017,2.6399999999999997,0.09,0.48,0.04,1,0,0.01,0,3.25
11,Calabacillas,35.1946222612,-106.646350963,Angostura Reach,2018,6.72,0,1.06,0.11,1.04,0,0.02,0.11,4.04
11,Calabacillas,35.1946222612,-106.646350963,Angostura Reach,2019,4.71,0.02,0.88,0.15,0.7,0,0.04,0,3.13
11,Calabacillas,35.1946222612,-106.646350963,Angostura Reach,2020,3.45,0.85,0.34,0,0.95,0,2.31,0,2.23
11,Calabacillas,35.1946222612,-106.646350963,Angostura Reach,2021,3.1,0.01,0.62,0.1,1.01,0,0.18000000000000002,0.09,5.68
11,Calabacillas,35.1946222612,-106.646350963,Angostura Reach,2022,1.5,0.1,0.39,0.04,0.66,0,0.13999999999999999,0,1.44
12,Minnow,35.1972256042,-106.644122231,Angostura Reach,2007,4.62,0.09,1.1,0,0,0,0,1,3.62
12,Minnow,35.1972256042,-106.644122231,Angostura Reach,2008,5.41,0.02,0.38,0,0,0,0,0.01,7.220000000000001
12,Minnow,35.1972256042,-106.644122231,Angostura Reach,2009,7.1899999999999995,0.08,1.15,0.02,0,0,0,0,4.33
12,Minnow,35.1972256042,-106.644122231,Angostura Reach,2010,16.25,0.12,2.97,0.03,0.01,0,0,0,9.48
12,Minnow,35.1972256042,-106.644122231,Angostura Reach,2011,10.27,0.04,0.79,0.02,0.01,0,0,0,3.64
12,Minnow,35.1972256042,-106.644122231,Angostura Reach,2012,15.24,0.02,4.57,0,0.02,0,0,0,3.82
12,Minnow,35.1972256042,-106.644122231,Angostura Reach,2013,8.01,0,1.38,0.02,0,0,0,0,9.95
12,Minnow,35.1972256042,-106.644122231,Angostura Reach,2014,2.4699999999999998,0.01,0.01,0.11,0,0,0.01,1.79,1.53
12,Minnow,35.1972256042,-106.644122231,Angostura Reach,2015,9.71,0,2.15,0.01,0,0,0,0,6.199999999999999
12,Minnow,35.1972256042,-106.644122231,Angostura Reach,2016,8.26,0.09999999999999999,3.01,0.08,0.03,0,0,0,5.84
12,Minnow,35.1972256042,-106.644122231,Angostura Reach,2017,8.67,0.04,2.37,0.02,3.17,0,0.02,0,7.09
12,Minnow,35.1972256042,-106.644122231,Angostura Reach,2018,5.26,0.69,2.03,0,0.25,0,0.01,0,5.16
12,Minnow,35.1972256042,-106.644122231,Angostura Reach,2019,3.85,0,1.92,0.02,0.47,0,0,0,5.11
12,Minnow,35.1972256042,-106.644122231,Angostura Reach,2020,6.96,0.01,2.36,0.05,0.71,0,0,0,2.63
12,Minnow,35.1972256042,-106.644122231,Angostura Reach,2021,7.09,0.01,0.9400000000000001,0.04,0.09,0,0,0,20.98
12,Minnow,35.1972256042,-106.644122231,Angostura Reach,2022,4.6,0,0.98,0.04,0.01,0,0.01,0,3.58
13,Harrison,35.0150622305,-106.673722917,Angostura Reach,2003,0,10.85,0.27,0.45,0,0.09,0,0,3.1399999999999997
13,Harrison,35.0150622305,-106.673722917,Angostura Reach,2004,0.02,6.4,0.64,0.32,0,0.5599999999999999,0,0,2.0300000000000002
13,Harrison,35.0150622305,-106.673722917,Angostura Reach,2005,0,5.92,0,0,0,0,0,0,0.8
13,Harrison,35.0150622305,-106.673722917,Angostura Reach,2006,0.42000000000000004,4.43,1.2,0.03,0,0,0,0,1.66
13,Harrison,35.0150622305,-106.673722917,Angostura Reach,2007,0.52,13.719999999999999,2.3600000000000003,0.02,0,0.01,0,0,3.62
13,Harrison,35.0150622305,-106.673722917,Angostura Reach,2008,0.72,2.26,0.87,0,0,4.63,0,0,2.9800000000000004
13,Harrison,35.0150622305,-106.673722917,Angostura Reach,2009,0.16,5.49,5.73,0.56,0,0,0,0,2.32
13,Harrison,35.0150622305,-106.673722917,Angostura Reach,2010,0.62,3.89,2.59,0.09,0.01,0,0,0,3.42
13,Harrison,35.0150622305,-106.673722917,Angostura Reach,2011,1.19,1.1600000000000001,4.47,0.05,0.05,0,0,0,1.6400000000000001
13,Harrison,35.0150622305,-106.673722917,Angostura Reach,2012,0.21000000000000002,0.63,4.25,0.04,0.02,0.02,0,0,1.49
13,Harrison,35.0150622305,-106.673722917,Angostura Reach,2013,1.4100000000000001,0.47,5.02,0,0,2.08,0,0,1.6600000000000001
13,Harrison,35.0150622305,-106.673722917,Angostura Reach,2014,3.58,1.49,12.129999999999999,0.01,0,0.03,0,0,3.62
13,Harrison,35.0150622305,-106.673722917,Angostura Reach,2015,14.87,4.959999999999999,13.040000000000001,0,0.09999999999999999,0,0.01,0,5.86
13,Harrison,35.0150622305,-106.673722917,Angostura Reach,2016,2.5100000000000002,0.74,13.58,0.03,0.03,0,0.01,0,5.380000000000001
13,Harrison,35.0150622305,-106.673722917,Angostura Reach,2017,1.03,0.55,7.57,0,0.29000000000000004,0,0.01,0,4.52
13,Harrison,35.0150622305,-106.673722917,Angostura Reach,2018,3.87,1.0899999999999999,14.71,0,0.36000000000000004,1.63,0.01,0.01,4.67
13,Harrison,35.0150622305,-106.673722917,Angostura Reach,2019,2.06,0.30000000000000004,5.5600000000000005,0.03,0.45,0,0,0,2.88
13,Harrison,35.0150622305,-106.673722917,Angostura Reach,2020,6.25,2.5300000000000002,8.27,0.01,0.9,0,0,0,4.32
13,Harrison,35.0150622305,-106.673722917,Angostura Reach,2021,6.3999999999999995,1.05,17.47,0.01,0.07,0.02,0,0,7.28
13,Harrison,35.0150622305,-106.673722917,Angostura Reach,2022,2.58,0.48,7.539999999999999,0,0.53,0,0,0,2.83
14,Sevilleta,34.2586573236,-106.883372761,San Acacia Reach,2004,3.87,0.26,8.03,2.7,0,0,0,0,3.2800000000000002
14,Sevilleta,34.2586573236,-106.883372761,San Acacia Reach,2005,5.97,0.02,7.8100000000000005,0.97,0,0,0,0.01,3.5100000000000002
14,Sevilleta,34.2586573236,-106.883372761,San Acacia Reach,2006,3.1,0.01,2.7,1.17,0,0,0,0,1.42
14,Sevilleta,34.2586573236,-106.883372761,San Acacia Reach,2007,30.47,0.01,17.62,2.0300000000000002,0,0,0,0,13.09
14,Sevilleta,34.2586573236,-106.883372761,San Acacia Reach,2008,20.53,0,6.76,0.35,0,0,0,0,7.6899999999999995
14,Sevilleta,34.2586573236,-106.883372761,San Acacia Reach,2009,4.77,0,5.3100000000000005,5.8100000000000005,0,0,0,0.08,4.529999999999999
14,Sevilleta,34.2586573236,-106.883372761,San Acacia Reach,2010,7.2700000000000005,0.09999999999999999,14.48,0.8699999999999999,0,0,0.02,0,6.79
14,Sevilleta,34.2586573236,-106.883372761,San Acacia Reach,2011,9.55,0,4.81,0.89,0.01,0,0,0,2.6799999999999997
14,Sevilleta,34.2586573236,-106.883372761,San Acacia Reach,2012,20.080000000000002,0,3.2600000000000002,16.45,0,0,0,0,8.579999999999998
14,Sevilleta,34.2586573236,-106.883372761,San Acacia Reach,2013,11.7,1.33,0.58,2.5100000000000002,0,0,0,0,3.06
14,Sevilleta,34.2586573236,-106.883372761,San Acacia Reach,2014,4.640000000000001,0.02,1.61,4.22,0,0,0,0.01,2.3200000000000003
14,Sevilleta,34.2586573236,-106.883372761,San Acacia Reach,2015,37.39,0.01,2.48,7.800000000000001,0,0,0,0,7.37
14,Sevilleta,34.2586573236,-106.883372761,San Acacia Reach,2016,1.65,0,1.34,81.80000000000001,0,0,0.01,0,12.24
14,Sevilleta,34.2586573236,-106.883372761,San Acacia Reach,2017,16.85,0.01,2.41,28.560000000000002,0,0,0.26,0,88.36
14,Sevilleta,34.2586573236,-106.883372761,San Acacia Reach,2018,3.88,0,3.45,41.25,0,0,0,0,9.01
14,Sevilleta,34.2586573236,-106.883372761,San Acacia Reach,2019,9.629999999999999,0.01,2.41,36.27,0,0,0.02,0,7.64
14,Sevilleta,34.2586573236,-106.883372761,San Acacia Reach,2020,4.18,0.01,1.66,8.72,0,0.01,0,0,3.9800000000000004
14,Sevilleta,34.2586573236,-106.883372761,San Acacia Reach,2021,4.63,0,3.58,18.189999999999998,0,0,0.61,0,5.43
14,Sevilleta,34.2586573236,-106.883372761,San Acacia Reach,2022,1.95,0,2.25,2.86,0,0,0.08,0,2.88
15,Valencia Cleared,34.6486505386211,-106.739180486447,Isleta Reach,2004,2.49,0.18,0.11,0.03,0,0,0,0,3.87
15,Valencia Cleared,34.6486505386211,-106.739180486447,Isleta Reach,2005,5.829999999999999,0.01,0.49,0.08,0,0,0,0,2.13
15,Valencia Cleared,34.6486505386211,-106.739180486447,Isleta Reach,2006,1.37,0.11,0.79,1.1,0,0,0,0.01,3.51
15,Valencia Cleared,34.6486505386211,-106.739180486447,Isleta Reach,2007,1.04,0.85,0.25,0.63,0,0,0,0,2.61
15,Valencia Cleared,34.6486505386211,-106.739180486447,Isleta Reach,2008,40.940000000000005,1.48,0,0,0,0,0,0,17.099999999999998
15,Valencia Cleared,34.6486505386211,-106.739180486447,Isleta Reach,2009,0.5700000000000001,0.19,0,0.03,0,0,0.17,0,1.34
15,Valencia Cleared,34.6486505386211,-106.739180486447,Isleta Reach,2010,1.8599999999999999,0.15,0.16,1.48,0,0,0,0,3.3200000000000003
15,Valencia Cleared,34.6486505386211,-106.739180486447,Isleta Reach,2011,3.51,0.11,0.16999999999999998,3.54,0,0,0,0.01,17.43
15,Valencia Cleared,34.6486505386211,-106.739180486447,Isleta Reach,2012,1.22,0.41000000000000003,0.01,0.01,0.01,0,0,0,2.83
15,Valencia Cleared,34.6486505386211,-106.739180486447,Isleta Reach,2013,3.1900000000000004,0.53,0,0,0.02,0,0,0,3.63
15,Valencia Cleared,34.6486505386211,-106.739180486447,Isleta Reach,2014,3.63,0.18,0.01,0,0,0.15,0.01,0,16.16
15,Valencia Cleared,34.6486505386211,-106.739180486447,Isleta Reach,2015,6.63,4.45,0.01,0.01,0.01,0,0,0,40.96
15,Valencia Cleared,34.6486505386211,-106.739180486447,Isleta Reach,2016,1.8299999999999998,2.88,0.09999999999999999,0.8,0.02,0,5.78,0,3.99
15,Valencia Cleared,34.6486505386211,-106.739180486447,Isleta Reach,2017,1.4500000000000002,2.82,0.02,3.98,0.15,0,13.69,0,4.44
15,Valencia Cleared,34.6486505386211,-106.739180486447,Isleta Reach,2018,3.6799999999999997,3.71,0.32,0.17,0,0,5.62,0,4.12
15,Valencia Cleared,34.6486505386211,-106.739180486447,Isleta Reach,2019,2.8,0.12,1.72,0.41000000000000003,0.02,1,0.78,0,6.83
15,Valencia Cleared,34.6486505386211,-106.739180486447,Isleta Reach,2020,4.88,0.12,0.65,1.5599999999999998,0.01,15.62,0,0.01,7.35
15,Valencia Cleared,34.6486505386211,-106.739180486447,Isleta Reach,2021,4.18,0.72,2.51,1.34,0,0,0,0.03,8.16
15,Valencia Cleared,34.6486505386211,-106.739180486447,Isleta Reach,2022,2.5700000000000003,0.41000000000000003,2.0999999999999996,2.7800000000000002,0,0,0,0,7.05
16,Valencia Forest,34.6472147233729,-106.738922864063,Isleta Reach,2004,10.11,0.02,10.350000000000001,16.58,0,0,0,0,16.369999999999997
16,Valencia Forest,34.6472147233729,-106.738922864063,Isleta Reach,2005,12.8,0,10.809999999999999,11.81,0,0,0,0.01,14.45
16,Valencia Forest,34.6472147233729,-106.738922864063,Isleta Reach,2006,3.1799999999999997,0.01,7.27,9.55,0,0,0,0,8.399999999999999
16,Valencia Forest,34.6472147233729,-106.738922864063,Isleta Reach,2007,0.04,0,0.94,1.48,0,0,0,0,2.69
16,Valencia Forest,34.6472147233729,-106.738922864063,Isleta Reach,2008,13.85,0,35.550000000000004,5.4799999999999995,0,0,0,0,22.29
16,Valencia Forest,34.6472147233729,-106.738922864063,Isleta Reach,2009,0.16999999999999998,0.01,0.01,0.02,0,0,0,0,10.99
16,Valencia Forest,34.6472147233729,-106.738922864063,Isleta Reach,2010,0.1,1.73,0,0,0,0,0,0,1.1
16,Valencia Forest,34.6472147233729,-106.738922864063,Isleta Reach,2011,0.08,0.02,0,0,0,0,0,0,1.68
16,Valencia Forest,34.6472147233729,-106.738922864063,Isleta Reach,2012,0.08,0.09999999999999999,0,0,0,0,0,0,0.77
16,Valencia Forest,34.6472147233729,-106.738922864063,Isleta Reach,2013,0.86,0.01,0,0,0,0,0,0,5.99
16,Valencia Forest,34.6472147233729,-106.738922864063,Isleta Reach,2014,0.29000000000000004,0.11,0,0,0,0,0,0,0.38
16,Valencia Forest,34.6472147233729,-106.738922864063,Isleta Reach,2015,5.58,0.47,0.01,0,0,0,0,0,4.25
16,Valencia Forest,34.6472147233729,-106.738922864063,Isleta Reach,2016,0.11,0.11,1.46,0,0,0,0,0,1.72
16,Valencia Forest,34.6472147233729,-106.738922864063,Isleta Reach,2017,0.27,4.36,5.3100000000000005,0,0.02,0.02,0.01,0,2.42
16,Valencia Forest,34.6472147233729,-106.738922864063,Isleta Reach,2018,4.55,1.08,2.3200000000000003,0.01,0,0,0.01,0,1.82
16,Valencia Forest,34.6472147233729,-106.738922864063,Isleta Reach,2019,0.38,0.09,0.86,0.04,0,1.63,0,0,1.41
16,Valencia Forest,34.6472147233729,-106.738922864063,Isleta Reach,2020,3,0.98,1.52,0.02,0,0,0.01,0,1.8599999999999999
16,Valencia Forest,34.6472147233729,-106.738922864063,Isleta Reach,2021,1.8,1.78,2.7199999999999998,0.06,0,0,0,0.09,2.22
16,Valencia Forest,34.6472147233729,-106.738922864063,Isleta Reach,2022,2.7,0.47,2.01,0.02,0,0.01,0,0,1.54
17,Montano,35.1452628545,-106.680332705,Angostura Reach,2004,1.02,0,1.17,0,0,0,0,0,1.39
17,Montano,35.1452628545,-106.680332705,Angostura Reach,2005,0.54,0,5.77,0,0,0,0,0,8.719999999999999
17,Montano,35.1452628545,-106.680332705,Angostura Reach,2006,0.46,0.6900000000000001,1.78,0,0.01,0,0,0,19.02
17,Montano,35.1452628545,-106.680332705,Angostura Reach,2007,2.54,0.03,0,0,0.01,0,0,0,1.26
17,Montano,35.1452628545,-106.680332705,Angostura Reach,2008,0.18,0.09,0.24000000000000002,0,0,0,0,0,3.0900000000000003
17,Montano,35.1452628545,-106.680332705,Angostura Reach,2009,13.63,1,1.4,0,0,0,0.77,0,9.53
17,Montano,35.1452628545,-106.680332705,Angostura Reach,2010,0.28,0.03,3.0700000000000003,0.17,0.01,0,0.26,0,3.18
17,Montano,35.1452628545,-106.680332705,Angostura Reach,2011,0.26,0,1.41,0.01,0,0,0.38,0,1.48
17,Montano,35.1452628545,-106.680332705,Angostura Reach,2012,1.9000000000000001,0.46,6.16,0,0,0,0,0,1.8599999999999999
17,Montano,35.1452628545,-106.680332705,Angostura Reach,2013,1.88,0.15,3.3200000000000003,0.02,0.01,0,0,0,7.04
17,Montano,35.1452628545,-106.680332705,Angostura Reach,2014,0.42000000000000004,1,9,0.01,0,0.15,0.08,0,4.55
17,Montano,35.1452628545,-106.680332705,Angostura Reach,2015,0.65,14.55,6.38,0.01,0,0,1.31,0,5.93
17,Montano,35.1452628545,-106.680332705,Angostura Reach,2016,0.36,1.54,8.86,0.03,0,0,0,0,5.51
17,Montano,35.1452628545,-106.680332705,Angostura Reach,2017,0.36,0.23,11.06,0.02,0,0,0.6,0,3.34
17,Montano,35.1452628545,-106.680332705,Angostura Reach,2018,1.37,0,6.39,1.32,0,0.31,0.02,0,2.94
17,Montano,35.1452628545,-106.680332705,Angostura Reach,2019,1.08,0.63,10.55,0.02,0.02,0.89,0.08,0,4.55
17,Montano,35.1452628545,-106.680332705,Angostura Reach,2020,0.83,0.87,7.07,0.03,0,0,0.01,0.23,2.92
17,Montano,35.1452628545,-106.680332705,Angostura Reach,2021,4.38,0.52,7.88,0.03,0,0.02,0.35000000000000003,0.09,6.41
17,Montano,35.1452628545,-106.680332705,Angostura Reach,2022,0.43999999999999995,0.5,6.48,0.03,0,0,0.09999999999999999,0.01,1.96
18,Reynolds Cleared,34.6567454384498,-106.738602216398,Isleta Reach,2005,6.859999999999999,0.01,0,0,0,0,0,0,1.48
18,Reynolds Cleared,34.6567454384498,-106.738602216398,Isleta Reach,2006,5.42,0,0.01,4.05,0,0,0,0,3.4
18,Reynolds Cleared,34.6567454384498,-106.738602216398,Isleta Reach,2007,4.7,0.32,0,0.94,0.02,0,0,0,3.36
18,Reynolds Cleared,34.6567454384498,-106.738602216398,Isleta Reach,2008,131.17,0.01,0,12,0,0.01,0,0,30.71
18,Reynolds Cleared,34.6567454384498,-106.738602216398,Isleta Reach,2009,4.03,0,0.09,3.67,0,0,0,0,4.5
18,Reynolds Cleared,34.6567454384498,-106.738602216398,Isleta Reach,2010,13.02,0.01,0,1.9,0,0,0,0,6.47
18,Reynolds Cleared,34.6567454384498,-106.738602216398,Isleta Reach,2011,14.27,0.01,0,0.39,0,0,0,0.02,3.84
18,Reynolds Cleared,34.6567454384498,-106.738602216398,Isleta Reach,2012,9.91,0,0.02,0.03,0,0,0.01,0.01,15.27
18,Reynolds Cleared,34.6567454384498,-106.738602216398,Isleta Reach,2013,20.35,0,0,0.01,0,0,0,0,4.5
18,Reynolds Cleared,34.6567454384498,-106.738602216398,Isleta Reach,2014,11.68,0,0,0.01,0,0,0,0,3.88
18,Reynolds Cleared,34.6567454384498,-106.738602216398,Isleta Reach,2015,93.28999999999999,0,0.01,0,0,0,0,0,12.75
18,Reynolds Cleared,34.6567454384498,-106.738602216398,Isleta Reach,2016,14.11,0.01,0.01,0.19,0.01,0,0,0,25.57
18,Reynolds Cleared,34.6567454384498,-106.738602216398,Isleta Reach,2017,7.35,0.33,0.01,0.03,0.03,0.01,0.01,0,4.38
18,Reynolds Cleared,34.6567454384498,-106.738602216398,Isleta Reach,2018,7.65,0.01,0.01,0.15,0,0,0.01,0,9.63
18,Reynolds Cleared,34.6567454384498,-106.738602216398,Isleta Reach,2019,8.59,0,0,1.04,0,0,0.16999999999999998,0,2.29
18,Reynolds Cleared,34.6567454384498,-106.738602216398,Isleta Reach,2020,38.32,0.03,0.03,0.35,0.02,0,0.6900000000000001,0,9.059999999999999
18,Reynolds Cleared,34.6567454384498,-106.738602216398,Isleta Reach,2021,13.43,0.01,0.02,0.2,0.01,0,0.03,0,5.16
18,Reynolds Cleared,34.6567454384498,-106.738602216398,Isleta Reach,2022,20.02,0.09,0.11,0.48,0,0,0.02,1,6.4
19,Reynolds Forest,34.657611462267496,-106.739436295579,Isleta Reach,2005,16.689999999999998,0.16,0.95,17.560000000000002,0,0,0,0,9.79
19,Reynolds Forest,34.657611462267496,-106.739436295579,Isleta Reach,2006,8.85,0.26,0.27,3.45,0,0,0,0,10.879999999999999
19,Reynolds Forest,34.657611462267496,-106.739436295579,Isleta Reach,2007,19.47,1.65,1.02,10.709999999999999,0,0,0,0,14
19,Reynolds Forest,34.657611462267496,-106.739436295579,Isleta Reach,2008,252.24,12.84,20.169999999999998,193.56,0,0,0,0,114.58000000000001
19,Reynolds Forest,34.657611462267496,-106.739436295579,Isleta Reach,2009,6.93,0,4.75,8.55,0,0,0,0,5.82
19,Reynolds Forest,34.657611462267496,-106.739436295579,Isleta Reach,2010,19.48,0.01,0.65,6.06,0,0,0,0.01,10.75
19,Reynolds Forest,34.657611462267496,-106.739436295579,Isleta Reach,2011,18.240000000000002,0.64,0.97,1.42,0,0,0.01,0,4.13
19,Reynolds Forest,34.657611462267496,-106.739436295579,Isleta Reach,2012,34.43,0.03,0.11,0.11,0,0,0,0,17.82
19,Reynolds Forest,34.657611462267496,-106.739436295579,Isleta Reach,2013,48.8,0,0,0.16,0,0.01,0,0.08,10.47
19,Reynolds Forest,34.657611462267496,-106.739436295579,Isleta Reach,2014,7.58,0.09999999999999999,0,0.24000000000000002,0,0,0,0,4.69
19,Reynolds Forest,34.657611462267496,-106.739436295579,Isleta Reach,2015,49,0.02,0.01,0.76,0,0,0,0,39.43
19,Reynolds Forest,34.657611462267496,-106.739436295579,Isleta Reach,2016,13.48,0.01,0.01,8.1,0,0,0.04,0,9.25
19,Reynolds Forest,34.657611462267496,-106.739436295579,Isleta Reach,2017,9.940000000000001,0,0.01,2.17,0,0,0,0,3.04
19,Reynolds Forest,34.657611462267496,-106.739436295579,Isleta Reach,2018,16.89,0,0.3,2.6399999999999997,0,0,0,0,7.32
19,Reynolds Forest,34.657611462267496,-106.739436295579,Isleta Reach,2019,22.47,0.01,0.17,1.89,0,0,0.01,0,8.72
19,Reynolds Forest,34.657611462267496,-106.739436295579,Isleta Reach,2020,49.769999999999996,0.18,0.15,1.58,0.01,0,0.02,0.02,54.5
19,Reynolds Forest,34.657611462267496,-106.739436295579,Isleta Reach,2021,22.56,0.03,0.06,5.61,0,0,0,0,10.85
19,Reynolds Forest,34.657611462267496,-106.739436295579,Isleta Reach,2022,73.64,0,0,1.93,0.01,0,0,0.01,14.84
20,Route 66,35.1006512603,-106.691932797,Angostura Reach,2005,1.3699999999999999,1.1,3.3600000000000003,2.11,9.870000000000001,0,0,0,4.2299999999999995
20,Route 66,35.1006512603,-106.691932797,Angostura Reach,2006,2.97,0.64,1.1,0.04,1.61,0,0.17,0,3.7199999999999998
20,Route 66,35.1006512603,-106.691932797,Angostura Reach,2007,1.04,0.09,1.92,0.01,0.03,0,0,0,2
20,Route 66,35.1006512603,-106.691932797,Angostura Reach,2008,3.5700000000000003,0,10.09,0,0.05,0.01,0,0,13.25
20,Route 66,35.1006512603,-106.691932797,Angostura Reach,2009,3.17,0.06,16.78,0.05,0.36,0,0,0,7.93
20,Route 66,35.1006512603,-106.691932797,Angostura Reach,2010,11.63,0.02,11.459999999999999,0.11,0.12,0,0.15,0,10.24
20,Route 66,35.1006512603,-106.691932797,Angostura Reach,2011,6.1,0.05,7.5600000000000005,0.05,8.65,0,0,0.01,6.96
20,Route 66,35.1006512603,-106.691932797,Angostura Reach,2012,18.88,0.09,8.469999999999999,0.04,12.38,0,0,0,10.71
20,Route 66,35.1006512603,-106.691932797,Angostura Reach,2013,15.11,0.22999999999999998,4.54,0.03,4.87,1.32,0,0,13.64
20,Route 66,35.1006512603,-106.691932797,Angostura Reach,2014,6.5600000000000005,0.16999999999999998,8.620000000000001,1.4,0.9400000000000001,0,0,0,14.59
20,Route 66,35.1006512603,-106.691932797,Angostura Reach,2015,7.029999999999999,0.7,11.479999999999999,0.33,1.92,0,0,0,7.25
20,Route 66,35.1006512603,-106.691932797,Angostura Reach,2016,6.17,0.41000000000000003,9.01,0.45,1.13,0,0,0,11.67
20,Route 66,35.1006512603,-106.691932797,Angostura Reach,2017,2.63,0.52,7.720000000000001,2.81,2.96,0,0,0,14.6
20,Route 66,35.1006512603,-106.691932797,Angostura Reach,2018,9.15,0.09,6.369999999999999,0.88,3.19,0.19,0.09,0.17,10.34
20,Route 66,35.1006512603,-106.691932797,Angostura Reach,2019,4.12,0.48,19.450000000000003,0.9,4.609999999999999,0,0,0,8.65
20,Route 66,35.1006512603,-106.691932797,Angostura Reach,2020,9.64,0.55,10.17,0.9,6.1,0,0,0,8.48
20,Route 66,35.1006512603,-106.691932797,Angostura Reach,2021,11.629999999999999,0.51,10.4,1.02,7.5,0,0.01,0,13.58
20,Route 66,35.1006512603,-106.691932797,Angostura Reach,2022,7.58,0.35,5.17,0.54,1.74,0,0,0,5.83
21,Badger,35.1955715759,-106.641632737,Angostura Reach,2007,21.47,0.96,0.08,0,0.02,0,0.7,0,6.77
21,Badger,35.1955715759,-106.641632737,Angostura Reach,2008,17.310000000000002,0.16999999999999998,0.38,0,0.26,0,0,0,4.93
21,Badger,35.1955715759,-106.641632737,Angostura Reach,2009,4.88,0.34,0.01,0,0.12,0,0,0,5.81
21,Badger,35.1955715759,-106.641632737,Angostura Reach,2010,24.27,0.8,0.01,0,0.29000000000000004,0,0,0,8.62
21,Badger,35.1955715759,-106.641632737,Angostura Reach,2011,7.8,0.32,0.04,0.01,0.75,0,0,0,4.09
21,Badger,35.1955715759,-106.641632737,Angostura Reach,2012,5.57,1.87,0,0,0.9299999999999999,0,0,0,5.59
21,Badger,35.1955715759,-106.641632737,Angostura Reach,2013,22.93,1.73,0,0,0.1,0.15,0,0,10.67
21,Badger,35.1955715759,-106.641632737,Angostura Reach,2014,4.75,0.28,0.01,0.01,0.1,0,0.01,0,3.17
21,Badger,35.1955715759,-106.641632737,Angostura Reach,2015,22.46,0.1,0,0,2.44,0,0,0,18.5
21,Badger,35.1955715759,-106.641632737,Angostura Reach,2016,6.9399999999999995,1.01,0,0,8.16,0,0.04,0,8.57
21,Badger,35.1955715759,-106.641632737,Angostura Reach,2017,19.86,1.34,0.5800000000000001,0,0.09,0,0,0,5.6
21,Badger,35.1955715759,-106.641632737,Angostura Reach,2018,3.8899999999999997,2.3299999999999996,0,0,0.02,0,0.01,0.01,4.7
21,Badger,35.1955715759,-106.641632737,Angostura Reach,2019,3.62,2.27,0.02,0.01,0.01,0.24000000000000002,0,0.02,2.34
21,Badger,35.1955715759,-106.641632737,Angostura Reach,2020,5.4399999999999995,2.26,0,0,0.03,0.01,0,0.01,4.26
21,Badger,35.1955715759,-106.641632737,Angostura Reach,2021,12.16,3.96,0.01,0,0.06,0,0,0,18.220000000000002
21,Badger,35.1955715759,-106.641632737,Angostura Reach,2022,3.8000000000000003,1.79,0.01,0,0,0,0,0.01,3.5300000000000002
22,Bobcat,35.2010747789,-106.641162297,Angostura Reach,2007,13.32,0.61,0.17,0,0.01,0.4,0,0,10.649999999999999
22,Bobcat,35.2010747789,-106.641162297,Angostura Reach,2008,2.49,1.86,0.46,0,0.08,0,0,0,1.39
22,Bobcat,35.2010747789,-106.641162297,Angostura Reach,2009,11.25,0.02,0,0,0,0.23,0.02,2.71,7.8999999999999995
22,Bobcat,35.2010747789,-106.641162297,Angostura Reach,2010,0.92,0.41,0.01,0,0,0,0,0,1.85
22,Bobcat,35.2010747789,-106.641162297,Angostura Reach,2011,11.469999999999999,1.52,0,0,0,0,0.01,0,4.640000000000001
22,Bobcat,35.2010747789,-106.641162297,Angostura Reach,2012,10.77,0.76,0.01,0.01,0,0.01,3.16,0,5.57
22,Bobcat,35.2010747789,-106.641162297,Angostura Reach,2013,23.77,0.17,0.31,0,0.01,1.09,0,1.31,13.870000000000001
22,Bobcat,35.2010747789,-106.641162297,Angostura Reach,2014,5.66,0.5,0.72,0,0.41000000000000003,0,0.01,0,5.83
22,Bobcat,35.2010747789,-106.641162297,Angostura Reach,2015,13.25,0.3,0.01,0.01,0,0,0,0,6.99
22,Bobcat,35.2010747789,-106.641162297,Angostura Reach,2016,7.83,1.04,0.03,0.02,0.03,0,0.46,0,5.24
22,Bobcat,35.2010747789,-106.641162297,Angostura Reach,2017,13.16,0.12,0,0,0.09,0.7,0,0,7.1499999999999995
22,Bobcat,35.2010747789,-106.641162297,Angostura Reach,2018,16.939999999999998,0,0.01,0,0.01,0.41000000000000003,1.63,0.18,8.52
22,Bobcat,35.2010747789,-106.641162297,Angostura Reach,2019,5.609999999999999,0.65,0,0.01,0,0,0,0.01,19.85
22,Bobcat,35.2010747789,-106.641162297,Angostura Reach,2020,17.34,1.3,0,0.01,0,0,0,0.93,9.540000000000001
22,Bobcat,35.2010747789,-106.641162297,Angostura Reach,2021,17.02,0.52,0,0,0,0,0.16,0.11,11.14
22,Bobcat,35.2010747789,-106.641162297,Angostura Reach,2022,2.67,0.8400000000000001,0,0.02,0,0,0.02,13.67,3.5100000000000002
23,BioPark,35.0799846256,-106.669723455,Angostura Reach,2007,16.96,0,0,0,0.01,0,0,0,4.85
23,BioPark,35.0799846256,-106.669723455,Angostura Reach,2008,3.88,0.01,0,0,0,0,0,0,7.34
23,BioPark,35.0799846256,-106.669723455,Angostura Reach,2009,7.5600000000000005,0.01,0,0,0,0,0,0,8.55
23,BioPark,35.0799846256,-106.669723455,Angostura Reach,2010,30.560000000000002,0,0,0,0.03,0,0,0.01,27.83
23,BioPark,35.0799846256,-106.669723455,Angostura Reach,2011,97.24,0,0,0,0,0,0,0.01,15.36
23,BioPark,35.0799846256,-106.669723455,Angostura Reach,2012,69.01,0,0,0.01,0,0,0,0,11.2
23,BioPark,35.0799846256,-106.669723455,Angostura Reach,2013,9.870000000000001,0,0,0,0,0,0,0,6.15
23,BioPark,35.0799846256,-106.669723455,Angostura Reach,2014,2.6,0,0,0,0,0,0,0,2.35
23,BioPark,35.0799846256,-106.669723455,Angostura Reach,2015,2.73,0.01,0,0,0,0,0,0,2.5300000000000002
23,BioPark,35.0799846256,-106.669723455,Angostura Reach,2016,8.19,0,0,0.01,0,0,0.01,0,3.9000000000000004
23,BioPark,35.0799846256,-106.669723455,Angostura Reach,2017,2.91,0,0.02,0,0.02,0,0,0,2.12
23,BioPark,35.0799846256,-106.669723455,Angostura Reach,2018,14.1,0,0.16,0,0.01,0,0,0,5.85
23,BioPark,35.0799846256,-106.669723455,Angostura Reach,2019,3.2800000000000002,0,0.17,0,0,0,0,0,4.3100000000000005
23,BioPark,35.0799846256,-106.669723455,Angostura Reach,2020,5.29,0.02,0.03,0,0,0,0.01,0.01,7
23,BioPark,35.0799846256,-106.669723455,Angostura Reach,2021,50.41,0.03,0.62,0.01,1.15,0,0,0,25.959999999999997
23,BioPark,35.0799846256,-106.669723455,Angostura Reach,2022,1.5699999999999998,0.01,0.01,0,0,0,0,0,2.4400000000000004
24,Santo Domingo,35.50989,-106.3896,Cochiti Reach,2008,3.05,0,0.09,0,0,0.01,0,0,3.2800000000000002
24,Santo Domingo,35.50989,-106.3896,Cochiti Reach,2009,1.31,0.09,0.01,0,0,0,0,0,0.6
24,Santo Domingo,35.50989,-106.3896,Cochiti Reach,2010,12.75,0.55,0.01,0,0,0,0,0,4.2
24,Santo Domingo,35.50989,-106.3896,Cochiti Reach,2011,3.04,0.09,0.01,0,0,0,0,0,0.48000000000000004
24,Santo Domingo,35.50989,-106.3896,Cochiti Reach,2012,4.59,0.02,0.01,0.01,0,0,0,0,7.94
24,Santo Domingo,35.50989,-106.3896,Cochiti Reach,2013,5.05,0,0,0,0,0,0,0,1.68
24,Santo Domingo,35.50989,-106.3896,Cochiti Reach,2014,2.88,0,0.01,0,0,0,0,0,0.5
24,Santo Domingo,35.50989,-106.3896,Cochiti Reach,2015,6.88,0.09,0,0,0,0,0,0,1.18
24,Santo Domingo,35.50989,-106.3896,Cochiti Reach,2016,1.1400000000000001,0.12,0,0,0.02,0,0,0.01,1.55
24,Santo Domingo,35.50989,-106.3896,Cochiti Reach,2017,0.81,0.16,0.01,0,0,0,0,0,0.38
24,Santo Domingo,35.50989,-106.3896,Cochiti Reach,2018,1.02,0.01,0.01,0,0,0,0,0,0.8200000000000001
24,Santo Domingo,35.50989,-106.3896,Cochiti Reach,2019,1.82,0.02,0,0,0,0,0,0,0.6599999999999999
24,Santo Domingo,35.50989,-106.3896,Cochiti Reach,2022,1.95,0,0,0,0,0,0,0,0.78
25,Crawford,34.637561057629,-106.74347269011,Isleta Reach,2011,0.16999999999999998,0,0.01,0.25,0,0,0,0,0.31
25,Crawford,34.637561057629,-106.74347269011,Isleta Reach,2012,1.5,0,0,2.41,0,0,0,0,1
25,Crawford,34.637561057629,-106.74347269011,Isleta Reach,2013,0.71,0,0,1.08,0,0,0,0.46,1.21
25,Crawford,34.637561057629,-106.74347269011,Isleta Reach,2014,3.15,0,0.02,2.58,0,0,0,0,0.97
25,Crawford,34.637561057629,-106.74347269011,Isleta Reach,2015,28.770000000000003,1.49,1.31,19.81,0.08,0,0,0,8.3
25,Crawford,34.637561057629,-106.74347269011,Isleta Reach,2016,2.04,0.01,3.09,20.9,0,0,0,0,4.09
25,Crawford,34.637561057629,-106.74347269011,Isleta Reach,2017,8.74,0,1.1,18.830000000000002,0,0,0,0,3.9899999999999998
25,Crawford,34.637561057629,-106.74347269011,Isleta Reach,2018,5.19,0,6.790000000000001,4.54,0,0,1.01,0,3.23
25,Crawford,34.637561057629,-106.74347269011,Isleta Reach,2019,4.05,0.01,6.6,9.440000000000001,0,0,0,0,6.71
25,Crawford,34.637561057629,-106.74347269011,Isleta Reach,2020,10.879999999999999,0.09999999999999999,9.25,1.15,0,0,1,0.61,5.53
25,Crawford,34.637561057629,-106.74347269011,Isleta Reach,2021,2.33,0.01,9.879999999999999,5.77,0,0.01,0.08,0.01,6.04
25,Crawford,34.637561057629,-106.74347269011,Isleta Reach,2022,4.41,0,6.949999999999999,0.78,0,0,0,0,3.3099999999999996
26,Mesilla,32.248328,-106.821014,South of San Marcial Reach,2011,0,0,0,0.02,0,0,0,0,0.2
26,Mesilla,32.248328,-106.821014,South of San Marcial Reach,2012,0,0,0,0,0,0,0,0,0.63
26,Mesilla,32.248328,-106.821014,South of San Marcial Reach,2013,0,0,0,0,0,0,0,0,0
26,Mesilla,32.248328,-106.821014,South of San Marcial Reach,2014,0,0,0,0,0,0,0,0,0
26,Mesilla,32.248328,-106.821014,South of San Marcial Reach,2015,0,0,0,0,0,0,0,0,0
26,Mesilla,32.248328,-106.821014,South of San Marcial Reach,2016,0,0,0,0,0,4.77,0,0,1.2999999999999998
26,Mesilla,32.248328,-106.821014,South of San Marcial Reach,2017,0,0,0.7,0.02,0,0,0,0,0.19
26,Mesilla,32.248328,-106.821014,South of San Marcial Reach,2018,0,1.61,0,0.01,0,0,0,0,1.23
26,Mesilla,32.248328,-106.821014,South of San Marcial Reach,2019,0,0.01,0,0,0,0.15,0,0,1.19
26,Mesilla,32.248328,-106.821014,South of San Marcial Reach,2020,0,0,0,0.01,0,0.01,0,0,0.01
26,Mesilla,32.248328,-106.821014,South of San Marcial Reach,2021,0,0,0,0,0,0,0,0,0.08
26,Mesilla,32.248328,-106.821014,South of San Marcial Reach,2022,0,0,0,0.01,0,0,0,0,0.25
27,Bosque Farm,34.8477697505695,-106.714997116643,Isleta Reach,2012,5.109999999999999,0.03,0.01,0,0,0,0,0,1.55
27,Bosque Farm,34.8477697505695,-106.714997116643,Isleta Reach,2013,8.35,0.18,3.01,0.02,0,0,0,0,3.27
27,Bosque Farm,34.8477697505695,-106.714997116643,Isleta Reach,2014,2.88,1.1,0.25,0,0,0,0.33,0,1.38
27,Bosque Farm,34.8477697505695,-106.714997116643,Isleta Reach,2015,0,0,0,0,0,0,0,0,0
27,Bosque Farm,34.8477697505695,-106.714997116643,Isleta Reach,2016,3.74,0.03,5.09,0,0,0,0.01,0,4.58
27,Bosque Farm,34.8477697505695,-106.714997116643,Isleta Reach,2017,3.5,0.11,3.17,0.01,0,0,0,0,2.3
27,Bosque Farm,34.8477697505695,-106.714997116643,Isleta Reach,2018,4.47,0.04,3.24,0.01,0,0,0,0,3.27
27,Bosque Farm,34.8477697505695,-106.714997116643,Isleta Reach,2019,7.359999999999999,0.21,2.6799999999999997,0.03,0,0,0,0,9.41
27,Bosque Farm,34.8477697505695,-106.714997116643,Isleta Reach,2020,20.46,0.33999999999999997,7.9399999999999995,0.02,0.01,0,0,0.01,6.27
27,Bosque Farm,34.8477697505695,-106.714997116643,Isleta Reach,2021,7.33,0.11,8.77,0.02,0,0,0,0,7.96
27,Bosque Farm,34.8477697505695,-106.714997116643,Isleta Reach,2022,15.830000000000002,0.03,6.970000000000001,0.12,0,0.01,0,0,4.640000000000001
28,Valle de Oro,34.9797688406,-106.680112434,Angostura Reach,2014,0.01,0,0,0,0,0,0,0,2.85
28,Valle de Oro,34.9797688406,-106.680112434,Angostura Reach,2015,0,0,0,0,0,0,0,0,13.299999999999999
28,Valle de Oro,34.9797688406,-106.680112434,Angostura Reach,2016,0,0,0,0,0,0,0,0,1.9700000000000002
28,Valle de Oro,34.9797688406,-106.680112434,Angostura Reach,2017,0.08,0,0.01,0,0,0,0,0,2.12
28,Valle de Oro,34.9797688406,-106.680112434,Angostura Reach,2018,0,0,0,0.01,0.02,0,0,0,1.11
28,Valle de Oro,34.9797688406,-106.680112434,Angostura Reach,2019,0,0.15,0,0,0.25,0.03,0,0,2.51
29,Albuquerque Overbank Project,35.0452081969,-106.665732215,Angostura Reach,2014,8.799999999999999,1.03,2.6799999999999997,0.01,0.01,0,0,0,3.04
29,Albuquerque Overbank Project,35.0452081969,-106.665732215,Angostura Reach,2015,3.09,8.1,6.17,0.01,0.62,0,0,0,3.96
29,Albuquerque Overbank Project,35.0452081969,-106.665732215,Angostura Reach,2016,0.16,0.53,1.3699999999999999,0,1.09,0,0,0,0.91
29,Albuquerque Overbank Project,35.0452081969,-106.665732215,Angostura Reach,2017,0.03,1.6400000000000001,1.26,0.02,0.64,0.01,0.01,0,1.3199999999999998
29,Albuquerque Overbank Project,35.0452081969,-106.665732215,Angostura Reach,2018,0.1,0.4,8.28,0,3.8,0,0,0,3.6799999999999997
29,Albuquerque Overbank Project,35.0452081969,-106.665732215,Angostura Reach,2019,2.12,0.03,3.7800000000000002,0,1.65,0,0,0.01,2.1799999999999997
29,Albuquerque Overbank Project,35.0452081969,-106.665732215,Angostura Reach,2020,3.6,3.83,7.13,0.01,2.91,0.03,0,0.03,3.9000000000000004
29,Albuquerque Overbank Project,35.0452081969,-106.665732215,Angostura Reach,2021,1.47,2.7,14.72,0.04,2.29,0.25,0,0.01,5.39
29,Albuquerque Overbank Project,35.0452081969,-106.665732215,Angostura Reach,2022,1.05,3.0500000000000003,8.03,0,2.17,0,0.08,0.01,4.97
30,State Land Office,34.9679188689,-106.685667747,Angostura Reach,2014,19.37,0,0,0,0,0,0,0,5.99
30,State Land Office,34.9679188689,-106.685667747,Angostura Reach,2015,9.04,0.02,0,0.02,0,0,0,0,7.53
30,State Land Office,34.9679188689,-106.685667747,Angostura Reach,2016,8.26,0.18,0,0.01,0.01,0,0,0,3.8
30,State Land Office,34.9679188689,-106.685667747,Angostura Reach,2017,1.23,0.33,0,0.18,0,0,0.38,0,1.97
30,State Land Office,34.9679188689,-106.685667747,Angostura Reach,2018,3.42,0.71,0,0,0,0,0,0,2.66
30,State Land Office,34.9679188689,-106.685667747,Angostura Reach,2019,6.79,0.62,0,0,0,0,0,0,5.42
30,State Land Office,34.9679188689,-106.685667747,Angostura Reach,2020,14.870000000000001,2.94,0.01,0,0,0,0,0,7.34
30,State Land Office,34.9679188689,-106.685667747,Angostura Reach,2021,11.99,1.19,0.41000000000000003,0.01,0,0,0,0,4.58
30,State Land Office,34.9679188689,-106.685667747,Angostura Reach,2022,4.87,0.41000000000000003,0.36000000000000004,0,0.01,0,0,0,3.67
31,San Jose,35.0124335977,-106.672728518,Angostura Reach,2016,3.35,2.2199999999999998,0,0,0,0,0,0,2.9
31,San Jose,35.0124335977,-106.672728518,Angostura Reach,2017,22.650000000000002,0.63,0,0,0,0,0,0,6.35
31,San Jose,35.0124335977,-106.672728518,Angostura Reach,2018,1.42,0.16999999999999998,0,0.09,0.01,0,0,0,3.82
31,San Jose,35.0124335977,-106.672728518,Angostura Reach,2019,3.95,3.2399999999999998,0,0,0,0,0,0,4.28
31,San Jose,35.0124335977,-106.672728518,Angostura Reach,2020,4.75,4.31,0,0,0,0,0,0,2.96
31,San Jose,35.0124335977,-106.672728518,Angostura Reach,2021,13.21,1.04,0,0.04,0,0.01,0,0,3.01
31,San Jose,35.0124335977,-106.672728518,Angostura Reach,2022,2.4,0.49,0,0.01,0,0.09,0,0,0.6
32,Sandia,35.255,-106.5907,Angostura Reach,2016,0.09999999999999999,4.32,1.49,0,0,0,0.01,0,16.53
32,Sandia,35.255,-106.5907,Angostura Reach,2017,0.93,3.8600000000000003,0.88,0,0,0.01,0,0,10.899999999999999
32,Sandia,35.255,-106.5907,Angostura Reach,2018,0.08,2.82,0.02,0.01,0.01,0,0,0.01,1.16
32,Sandia,35.255,-106.5907,Angostura Reach,2019,0.32,1.27,0.01,0.01,0,0.01,0,0,362.59999999999997
32,Sandia,35.255,-106.5907,Angostura Reach,2021,0.03,2.27,0.01,0.01,0,0.01,0.31,0.01,2.01
32,Sandia,35.255,-106.5907,Angostura Reach,2022,0.02,1.96,0,0,0.01,0.64,0.02,0.01,1.23
33,Bosque del Apache,33.8196650872,-106.854014975,San Acacia Reach,2018,66.8,2.12,0.01,9.8,0,0,0,0,12.42
33,Bosque del Apache,33.8196650872,-106.854014975,San Acacia Reach,2019,1.32,0.08,0,0.06,0,0.01,0,0,0.51
33,Bosque del Apache,33.8196650872,-106.854014975,San Acacia Reach,2020,48.03,0.55,0,0.54,0,2.59,0,0.01,8.91
33,Bosque del Apache,33.8196650872,-106.854014975,San Acacia Reach,2021,10.629999999999999,0.1,0,1.01,0.02,0.01,0,0,3.9699999999999998
33,Bosque del Apache,33.8196650872,-106.854014975,San Acacia Reach,2022,10.02,0.25,0.01,0.8300000000000001,0,0,0,0,2.41
34,River Realignment,33.8227,-106.8419,San Acacia Reach,2019,1.54,0.08,0.77,0.08,0,0,0,0,6.3
34,River Realignment,33.8227,-106.8419,San Acacia Reach,2020,0.16,0.85,0.08,0,0,0,0,0,1.01
34,River Realignment,33.8227,-106.8419,San Acacia Reach,2021,1.54,2.31,0,0,0,0,0.77,0.08,1.2000000000000002
