Year,Site number,Site name,Latitude,Longitude,Annual mean depth to groundwater cm,Annual cv depth to groundwater cm,Lag of mean annual depth to groundwater
1997,1,Alameda,35.1875,-106.6459,-256.425,-0.10121439579145512,.
1997,2,Rio Grande Nature Center,35.127,-106.6854,-166.25,-0.11866725570221394,.
1997,3,Los Lunas,34.81236936,-106.714458,.,.,.
1998,1,Alameda,35.1875,-106.6459,-260.19375,-0.05485862425702809,-256.425
1998,2,Rio Grande Nature Center,35.127,-106.6854,-178.5575,-0.05851139042272254,-166.25
1998,3,Los Lunas,34.81236936,-106.714458,.,.,.
1998,4,Belen,34.6484315,-106.7377022,-92.08181818181818,-0.24824941098692835,.
1999,1,Alameda,35.1875,-106.6459,-267.4,-0.06364918623721263,-260.19375
1999,2,Rio Grande Nature Center,35.127,-106.6854,-178.665,-0.06887997306159223,-178.5575
1999,3,Los Lunas,34.81236936,-106.714458,.,.,.
1999,4,Belen,34.6484315,-106.7377022,-87.34,-0.18088788862289304,-92.08181818181818
2000,1,Alameda,35.1875,-106.6459,-266.7916666666667,-0.06365083285703153,-267.4
2000,2,Rio Grande Nature Center,35.127,-106.6854,-184.81363636363636,-0.03771551895265293,-178.665
2000,3,Los Lunas,34.81236936,-106.714458,-98.9814814814814,-0.042783892852013346,.
2000,4,Belen,34.6484315,-106.7377022,-91.1509090909091,-0.09533742086703643,-87.34
2000,6,Savannah,35.14285294,-106.6819814,-116.1,-0.05053278258009518,.
2000,7,Lemitar,34.16703188,-106.8899486,-269.25,-0.024338407825515863,.
2001,1,Alameda,35.1875,-106.6459,-271.00208333333336,-0.06413121119234723,-266.7916666666667
2001,2,Rio Grande Nature Center,35.127,-106.6854,-187.98125,-0.03751519109663347,-184.81363636363636
2001,3,Los Lunas,34.81236936,-106.714458,-105.47986111111108,-0.08672687921797462,-98.9814814814814
2001,4,Belen,34.6484315,-106.7377022,-97.68333333333334,-0.16107179562261587,-91.1509090909091
2001,6,Savannah,35.14285294,-106.6819814,-122.88416666666666,-0.08799346403680006,-116.1
2001,7,Lemitar,34.16703188,-106.8899486,-258.6786363636364,-0.04364045664384449,-269.25
2002,1,Alameda,35.1875,-106.6459,-278.32954545454544,-0.062143979234577915,-271.00208333333336
2002,2,Rio Grande Nature Center,35.127,-106.6854,-196.38181818181818,-0.02434073107745035,-187.98125
2002,3,Los Lunas,34.81236936,-106.714458,-107.35208333333334,-0.06207294929449319,-105.47986111111108
2002,4,Belen,34.6484315,-106.7377022,-109.1375,-0.13588974752814603,-97.68333333333334
2002,6,Savannah,35.14285294,-106.6819814,-133.85166666666666,-0.04168477136348631,-122.88416666666666
2002,7,Lemitar,34.16703188,-106.8899486,-267.625,-0.023887738424112726,-258.6786363636364
2002,8,Hispanic Cultural Center,35.06881267,-106.6580575,-147.49166666666667,-0.07765469343197216,.
2002,10,Diversion,35.1908,-106.6429,-217.144,-0.0555005771232444,.
2002,11,Calabacillas,35.19056822,-106.6491626,-135.57500000000002,-0.006956052411528633,.
2002,12,Minnow,35.19315094,-106.646915,-135.2,.,.
2003,1,Alameda,35.1875,-106.6459,-277.16388888888895,-0.049790180127473986,-278.32954545454544
2003,2,Rio Grande Nature Center,35.127,-106.6854,-205.1625,-0.03008938781424064,-196.38181818181818
2003,3,Los Lunas,34.81236936,-106.714458,-141.30166666666668,-0.2859298537156593,-107.35208333333334
2003,4,Belen,34.6484315,-106.7377022,-118.4625,-0.18745889304629648,-109.1375
2003,6,Savannah,35.14285294,-106.6819814,-134.4776666666667,-0.04925534363141734,-133.85166666666666
2003,7,Lemitar,34.16703188,-106.8899486,-279.6515151515152,-0.03068551373511322,-267.625
2003,8,Hispanic Cultural Center,35.06881267,-106.6580575,-144.06666666666666,-0.05616460229246488,-147.49166666666667
2003,10,Diversion,35.1908,-106.6429,-204.4840909090909,-0.094638406782864,-217.144
2003,11,Calabacillas,35.19056822,-106.6491626,-135.54166666666666,-0.03600382748810466,-135.57500000000002
2003,12,Minnow,35.19315094,-106.646915,-139.06666666666666,-0.04211748018600365,-135.2
2003,13,Harrison,35.01505603,-106.6736953,-118.26666666666667,-0.060117127839414114,.
2003,14,Sevilleta,34.25834233,-106.8831845,-161,-0.08848043551892823,.
2003,15,Valencia Cleared,34.64863444,-106.7391728,-109.01428571428572,-0.12307750630136376,.
2003,16,Valencia Forest,34.64716225,-106.738482,-167.49642857142857,-0.1109013497543711,.
2004,1,Alameda,35.1875,-106.6459,-277.42727272727274,-0.0401087081591494,-277.16388888888895
2004,2,Rio Grande Nature Center,35.127,-106.6854,-203.745,-0.07629685995119953,-205.1625
2004,3,Los Lunas,34.81236936,-106.714458,-142.3272727272727,-0.28094018005199994,-141.30166666666668
2004,4,Belen,34.6484315,-106.7377022,-115.25,-0.361812100170993,-118.4625
2004,6,Savannah,35.14285294,-106.6819814,-128.06583333333333,-0.0909430273423508,-134.4776666666667
2004,7,Lemitar,34.16703188,-106.8899486,-277.4708333333333,-0.03735857815669513,-279.6515151515152
2004,8,Hispanic Cultural Center,35.06881267,-106.6580575,-137.56166666666667,-0.11332914414196031,-144.06666666666666
2004,10,Diversion,35.1908,-106.6429,-214.25972222222225,-0.10205488968524486,-204.4840909090909
2004,11,Calabacillas,35.19056822,-106.6491626,-133.58416666666668,-0.11802122596786653,-135.54166666666666
2004,12,Minnow,35.19315094,-106.646915,-138.6375,-0.09520427704577712,-139.06666666666666
2004,13,Harrison,35.01505603,-106.6736953,-124.33333333333333,-0.12761185449808504,-118.26666666666667
2004,14,Sevilleta,34.25834233,-106.8831845,-150.375,-0.1844592824028514,-161
2004,15,Valencia Cleared,34.64863444,-106.7391728,-93.89166666666667,-0.3201566845676339,-109.01428571428572
2004,16,Valencia Forest,34.64716225,-106.738482,-153.14166666666668,-0.22148007222721422,-167.49642857142857
2004,17,Montano,35.14528819,-106.6803699,-180.83333333333334,-0.0723526372548679,.
2004,18,Reynolds Cleared,34.65966431,-106.7421328,-124.05555555555556,-0.2410227703269607,.
2004,19,Reynolds Forest,34.66054583,-106.7429525,-116.14444444444445,-0.23173538936157986,.
2004,20,Route 66,35.1006408,-106.6914783,-93,.,.
2005,1,Alameda,35.1875,-106.6459,-265.3363636363636,-0.13073723828729467,-277.42727272727274
2005,2,Rio Grande Nature Center,35.127,-106.6854,-203.74166666666667,-0.10622678372484229,-203.745
2005,3,Los Lunas,34.81236936,-106.714458,-105.525,-0.2676836851035009,-142.3272727272727
2005,4,Belen,34.6484315,-106.7377022,-101.03818181818183,-0.4771543942589122,-115.25
2005,6,Savannah,35.14285294,-106.6819814,-116.06166666666667,-0.211419555592219,-128.06583333333333
2005,7,Lemitar,34.16703188,-106.8899486,-266.5951388888889,-0.051068917099995795,-277.4708333333333
2005,8,Hispanic Cultural Center,35.06881267,-106.6580575,-124.4,-0.24351792358027358,-137.56166666666667
2005,10,Diversion,35.1908,-106.6429,-233.6256944444444,-0.25348584688872533,-214.25972222222225
2005,11,Calabacillas,35.19056822,-106.6491626,-126.714696969697,-0.22196409895042027,-133.58416666666668
2005,12,Minnow,35.19315094,-106.646915,-146.74772727272727,-0.31396343331453447,-138.6375
2005,13,Harrison,35.01505603,-106.6736953,-105.11818181818181,-0.5825002739705258,-124.33333333333333
2005,14,Sevilleta,34.25834233,-106.8831845,-128.13333333333333,-0.34751281642158244,-150.375
2005,15,Valencia Cleared,34.64863444,-106.7391728,-80.34166666666667,-0.42667751211964405,-93.89166666666667
2005,16,Valencia Forest,34.64716225,-106.738482,-137.17083333333332,-0.3007013059920225,-153.14166666666668
2005,17,Montano,35.14528819,-106.6803699,-171.33333333333334,-0.1526564777472609,-180.83333333333334
2005,18,Reynolds Cleared,34.65966431,-106.7421328,-108.175,-0.4837822813206169,-124.05555555555556
2005,19,Reynolds Forest,34.66054583,-106.7429525,-102.41666666666666,-0.48486847849658077,-116.14444444444445
2005,20,Route 66,35.1006408,-106.6914783,-100.49090909090908,-0.3896035446485893,-93
2005,21,Badger,35.1956,-106.6402,-244.29166666666666,-0.09067401536224205,.
2005,22,Bobcat,35.19705633,-106.6439494,-130.36666666666667,-0.1795858951238043,.
2006,1,Alameda,35.1875,-106.6459,-277.07222222222225,-0.11832109527008003,-265.3363636363636
2006,2,Rio Grande Nature Center,35.127,-106.6854,-202.01666666666668,-0.035684243615264094,-203.74166666666667
2006,3,Los Lunas,34.81236936,-106.714458,-125.43333333333334,-0.12961730957488388,-105.525
2006,4,Belen,34.6484315,-106.7377022,-121.98333333333333,-0.2278565087892342,-101.03818181818183
2006,6,Savannah,35.14285294,-106.6819814,-127.78363636363636,-0.06694019421212684,-116.06166666666667
2006,7,Lemitar,34.16703188,-106.8899486,-270.54791666666665,-0.030887039409032827,-266.5951388888889
2006,8,Hispanic Cultural Center,35.06881267,-106.6580575,-138.21818181818182,-0.07488480332080191,-124.4
2006,10,Diversion,35.1908,-106.6429,-251.32727272727274,-0.23075202510975742,-233.6256944444444
2006,11,Calabacillas,35.19056822,-106.6491626,-127.99666666666667,-0.10173591562974028,-126.714696969697
2006,12,Minnow,35.19315094,-106.646915,-128.91666666666666,-0.08821606754989593,-146.74772727272727
2006,13,Harrison,35.01505603,-106.6736953,-127.275,-0.12649710336644446,-105.11818181818181
2006,14,Sevilleta,34.25834233,-106.8831845,-126.55,-0.18733079214710494,-128.13333333333333
2006,15,Valencia Cleared,34.64863444,-106.7391728,-96.2909090909091,-0.16324818802166463,-80.34166666666667
2006,16,Valencia Forest,34.64716225,-106.738482,-159.08333333333334,-0.12092126359529203,-137.17083333333332
2006,17,Montano,35.14528819,-106.6803699,-185.30375,-0.052570865097777794,-171.33333333333334
2006,18,Reynolds Cleared,34.65966431,-106.7421328,-142.97222222222226,-0.16065124003933495,-108.175
2006,19,Reynolds Forest,34.66054583,-106.7429525,-130.22083333333333,-0.19094636878989352,-102.41666666666666
2006,20,Route 66,35.1006408,-106.6914783,-106.26666666666667,-0.2372957821559805,-100.49090909090908
2006,21,Badger,35.1956,-106.6402,-263.68333333333334,-0.0514589609169106,-244.29166666666666
2006,22,Bobcat,35.19705633,-106.6439494,-142.69375,-0.06349351822543867,-130.36666666666667
2007,1,Alameda,35.1875,-106.6459,-265.87166666666667,-0.06637373325246729,-277.07222222222225
2007,2,Rio Grande Nature Center,35.127,-106.6854,-201.835,-0.051034400525459225,-202.01666666666668
2007,3,Los Lunas,34.81236936,-106.714458,-127.185,-0.1572320498489488,-125.43333333333334
2007,4,Belen,34.6484315,-106.7377022,-116.55,-0.30282833900068556,-121.98333333333333
2007,6,Savannah,35.14285294,-106.6819814,-119.99958333333333,-0.09950394369487901,-127.78363636363636
2007,7,Lemitar,34.16703188,-106.8899486,-261.36375,-0.04264151197640851,-270.54791666666665
2007,8,Hispanic Cultural Center,35.06881267,-106.6580575,-134.16166666666666,-0.12597328044955808,-138.21818181818182
2007,10,Diversion,35.1908,-106.6429,-223.79833333333335,-0.09530009313008687,-251.32727272727274
2007,11,Calabacillas,35.19056822,-106.6491626,-126.39666666666666,-0.15388080979803478,-127.99666666666667
2007,12,Minnow,35.19315094,-106.646915,-126.57166666666667,-0.13029727172655206,-128.91666666666666
2007,13,Harrison,35.01505603,-106.6736953,-99.965,-0.35901847029372064,-127.275
2007,14,Sevilleta,34.25834233,-106.8831845,-131.29,-0.3460683209473872,-126.55
2007,15,Valencia Cleared,34.64863444,-106.7391728,-94.5,-0.2555378784254681,-96.2909090909091
2007,16,Valencia Forest,34.64716225,-106.738482,-151.74333333333334,-0.18353347327502195,-159.08333333333334
2007,17,Montano,35.14528819,-106.6803699,-175.6,-0.07118347483198094,-185.30375
2007,18,Reynolds Cleared,34.65966431,-106.7421328,-134.025,-0.2737113128628975,-142.97222222222226
2007,19,Reynolds Forest,34.66054583,-106.7429525,-122.75833333333334,-0.2872239269061081,-130.22083333333333
2007,20,Route 66,35.1006408,-106.6914783,-104.85227272727272,-0.1764197805302305,-106.26666666666667
2007,21,Badger,35.1956,-106.6402,-255.51875,-0.09270613848566901,-263.68333333333334
2007,22,Bobcat,35.19705633,-106.6439494,-127.18125,-0.07292142555393212,-142.69375
2007,23,BioPark,35.079,-106.668,-144.33,-0.10204066391315691,.
2008,1,Alameda,35.1875,-106.6459,-263.0183333333333,-0.09727387662798885,-265.87166666666667
2008,2,Rio Grande Nature Center,35.127,-106.6854,-197.82833333333332,-0.0781405605039026,-201.835
2008,3,Los Lunas,34.81236936,-106.714458,-122.025,-0.2500449107405178,-127.185
2008,4,Belen,34.6484315,-106.7377022,-99.77916666666667,-0.40255660852971914,-116.55
2008,6,Savannah,35.14285294,-106.6819814,-109.695,-0.1494028925568189,-119.99958333333333
2008,7,Lemitar,34.16703188,-106.8899486,-259.98097222222225,-0.056603682423030585,-261.36375
2008,8,Hispanic Cultural Center,35.06881267,-106.6580575,-123.83166666666666,-0.1774623599079063,-134.16166666666666
2008,10,Diversion,35.1908,-106.6429,-220.13833333333332,-0.12425396425433168,-223.79833333333335
2008,11,Calabacillas,35.19056822,-106.6491626,-120.355,-0.21199510172411154,-126.39666666666666
2008,12,Minnow,35.19315094,-106.646915,-119.62666666666667,-0.24281344476123148,-126.57166666666667
2008,13,Harrison,35.01505603,-106.6736953,-86.47166666666666,-0.46527472964556543,-99.965
2008,14,Sevilleta,34.25834233,-106.8831845,-109.66333333333333,-0.43843421247386377,-131.29
2008,15,Valencia Cleared,34.64863444,-106.7391728,-80.86458333333333,-0.3000744091549665,-94.5
2008,16,Valencia Forest,34.64716225,-106.738482,-136.02736111111116,-0.20777376622597177,-151.74333333333334
2008,17,Montano,35.14528819,-106.6803699,-165.725,-0.10421418877097458,-175.6
2008,18,Reynolds Cleared,34.65966431,-106.7421328,-111.575,-0.3169304310834764,-134.025
2008,19,Reynolds Forest,34.66054583,-106.7429525,-105.2,-0.28157252461235305,-122.75833333333334
2008,20,Route 66,35.1006408,-106.6914783,-106.07249999999998,-0.2480268491665849,-104.85227272727272
2008,21,Badger,35.1956,-106.6402,-238.925,-0.05869195888236093,-255.51875
2008,22,Bobcat,35.19705633,-106.6439494,-118.625,-0.1192773631703417,-127.18125
2008,23,BioPark,35.079,-106.668,-140.64166666666665,-0.14198330871480225,-144.33
2008,25,Crawford,34.63835,-106.74277,-132.94,-0.044950988922306825,.
2009,1,Alameda,35.1875,-106.6459,-266.33958333333334,-0.11129944123749898,-263.0183333333333
2009,2,Rio Grande Nature Center,35.127,-106.6854,-196.67666666666668,-0.05643301643839717,-197.82833333333332
2009,3,Los Lunas,34.81236936,-106.714458,-128.38333333333333,-0.23561416483395994,-122.025
2009,4,Belen,34.6484315,-106.7377022,-109.27727272727273,-0.34777198994968195,-99.77916666666667
2009,6,Savannah,35.14285294,-106.6819814,-110.67875,-0.14297887790052405,-109.695
2009,7,Lemitar,34.16703188,-106.8899486,-269.7341666666666,-0.051701779353811546,-259.98097222222225
2009,8,Hispanic Cultural Center,35.06881267,-106.6580575,-127.24833333333333,-0.171042868897945,-123.83166666666666
2009,10,Diversion,35.1908,-106.6429,-225.11333333333334,-0.14830396115954136,-220.13833333333332
2009,11,Calabacillas,35.19056822,-106.6491626,-133.27166666666668,-0.1864189833375258,-120.355
2009,12,Minnow,35.19315094,-106.646915,-133.32666666666665,-0.2539642191750987,-119.62666666666667
2009,13,Harrison,35.01505603,-106.6736953,-97.105,-0.33995294828109496,-86.47166666666666
2009,14,Sevilleta,34.25834233,-106.8831845,-130.12166666666667,-0.32998476959457923,-109.66333333333333
2009,15,Valencia Cleared,34.64863444,-106.7391728,-91.73333333333333,-0.2649703630576375,-80.86458333333333
2009,16,Valencia Forest,34.64716225,-106.738482,-147.60166666666666,-0.1819526998463533,-136.02736111111116
2009,17,Montano,35.14528819,-106.6803699,-167,-0.10135226044435026,-165.725
2009,18,Reynolds Cleared,34.65966431,-106.7421328,-121.63333333333333,-0.2745076734472725,-111.575
2009,19,Reynolds Forest,34.66054583,-106.7429525,-115.19166666666666,-0.2603977423465917,-105.2
2009,20,Route 66,35.1006408,-106.6914783,-104.9,-0.23840608628927493,-106.07249999999998
2009,21,Badger,35.1956,-106.6402,-236.73333333333335,-0.08958254427600591,-238.925
2009,22,Bobcat,35.19705633,-106.6439494,-117.30666666666667,-0.09420968997826808,-118.625
2009,23,BioPark,35.079,-106.668,-141.05833333333334,-0.13061171475528358,-140.64166666666665
2009,25,Crawford,34.63835,-106.74277,-116.48,-0.32056143914795454,-132.94
2010,1,Alameda,35.1875,-106.6459,-272.31458333333336,-0.09042654153438993,-266.33958333333334
2010,2,Rio Grande Nature Center,35.127,-106.6854,-191.945,-0.048067203942333665,-196.67666666666668
2010,3,Los Lunas,34.81236936,-106.714458,-137.39166666666668,-0.194326494175816,-128.38333333333333
2010,4,Belen,34.6484315,-106.7377022,-120.03,-0.3013587455064718,-109.27727272727273
2010,6,Savannah,35.14285294,-106.6819814,-109.995,-0.14140925503170568,-110.67875
2010,7,Lemitar,34.16703188,-106.8899486,-274.10541666666666,-0.04697326851445458,-269.7341666666666
2010,8,Hispanic Cultural Center,35.06881267,-106.6580575,-127.38041666666666,-0.15611656836558258,-127.24833333333333
2010,10,Diversion,35.1908,-106.6429,-234.51333333333332,-0.11408295690114845,-225.11333333333334
2010,11,Calabacillas,35.19056822,-106.6491626,-148.10500000000002,-0.21535687034281753,-133.27166666666668
2010,12,Minnow,35.19315094,-106.646915,-146.985,-0.23079875997721566,-133.32666666666665
2010,13,Harrison,35.01505603,-106.6736953,-97.21666666666667,-0.3451085279521101,-97.105
2010,14,Sevilleta,34.25834233,-106.8831845,-143.21333333333334,-0.3269973280881143,-130.12166666666667
2010,15,Valencia Cleared,34.64863444,-106.7391728,-93.225,-0.24658436907212303,-91.73333333333333
2010,16,Valencia Forest,34.64716225,-106.738482,-151.29500000000002,-0.16962620917716875,-147.60166666666666
2010,17,Montano,35.14528819,-106.6803699,-168.69583333333333,-0.10847576490699389,-167
2010,18,Reynolds Cleared,34.65966431,-106.7421328,-122.825,-0.2591659912981956,-121.63333333333333
2010,19,Reynolds Forest,34.66054583,-106.7429525,-117.69444444444441,-0.2309150199737734,-115.19166666666666
2010,20,Route 66,35.1006408,-106.6914783,-103.66944444444444,-0.25296860775967756,-104.9
2010,21,Badger,35.1956,-106.6402,-236.93333333333334,-0.0695767568273518,-236.73333333333335
2010,22,Bobcat,35.19705633,-106.6439494,-112.625,-0.10059736062096901,-117.30666666666667
2010,23,BioPark,35.079,-106.668,-137.17083333333335,-0.12071001775893599,-141.05833333333334
2010,25,Crawford,34.63835,-106.74277,-122.80666666666666,-0.2857760478599869,-116.48
2011,1,Alameda,35.1875,-106.6459,-282.6575,-0.05333920262630047,-272.31458333333336
2011,2,Rio Grande Nature Center,35.127,-106.6854,-199.20333333333332,-0.027324172304436574,-191.945
2011,3,Los Lunas,34.81236936,-106.714458,-148.48333333333335,-0.12777114221481783,-137.39166666666668
2011,4,Belen,34.6484315,-106.7377022,-134.43333333333334,-0.18641867175719698,-120.03
2011,6,Savannah,35.14285294,-106.6819814,-115.60333333333332,-0.0630459854785057,-109.995
2011,7,Lemitar,34.16703188,-106.8899486,-275.78875,-0.016710188020634655,-274.10541666666666
2011,8,Hispanic Cultural Center,35.06881267,-106.6580575,-133.00541666666666,-0.061493962705147474,-127.38041666666666
2011,10,Diversion,35.1908,-106.6429,-244.78,-0.048935018129549944,-234.51333333333332
2011,11,Calabacillas,35.19056822,-106.6491626,-168.78541666666666,-0.09687495849267583,-148.10500000000002
2011,12,Minnow,35.19315094,-106.646915,-162.01333333333335,-0.10674820520885855,-146.985
2011,13,Harrison,35.01505603,-106.6736953,-109.12166666666667,-0.08413774975328848,-97.21666666666667
2011,14,Sevilleta,34.25834233,-106.8831845,-157.94625,-0.21256575327696642,-143.21333333333334
2011,15,Valencia Cleared,34.64863444,-106.7391728,-107.9,-0.17143400917897963,-93.225
2011,16,Valencia Forest,34.64716225,-106.738482,-167.46545454545455,-0.11232431205270768,-151.29500000000002
2011,17,Montano,35.14528819,-106.6803699,-173.775,-0.04649924093155231,-168.69583333333333
2011,18,Reynolds Cleared,34.65966431,-106.7421328,-143.9,-0.13478979019617612,-122.825
2011,19,Reynolds Forest,34.66054583,-106.7429525,-134.03333333333333,-0.12217151160363952,-117.69444444444441
2011,20,Route 66,35.1006408,-106.6914783,-108.66666666666667,-0.07540228763221776,-103.66944444444444
2011,21,Badger,35.1956,-106.6402,-238.625,-0.061632891982008935,-236.93333333333334
2011,22,Bobcat,35.19705633,-106.6439494,-111.28333333333333,-0.09474841716129712,-112.625
2011,23,BioPark,35.079,-106.668,-145.16666666666666,-0.04578771067767889,-137.17083333333335
2011,25,Crawford,34.63835,-106.74277,-143.77954545454546,-0.15473879870120275,-122.80666666666666
2011,26,Mesilla,32.248328,-106.821014,-119.44285714285714,-0.344931719879937,.
2012,1,Alameda,35.1875,-106.6459,-286.37666666666667,-0.046688316897866476,-282.6575
2012,2,Rio Grande Nature Center,35.127,-106.6854,-202.02,-0.02836109762866932,-199.20333333333332
2012,3,Los Lunas,34.81236936,-106.714458,-164.8173611111111,-0.24932531488443893,-148.48333333333335
2012,4,Belen,34.6484315,-106.7377022,-133.86363636363637,-0.20382399420840516,-134.43333333333334
2012,6,Savannah,35.14285294,-106.6819814,-117.23666666666666,-0.09184294640422386,-115.60333333333332
2012,7,Lemitar,34.16703188,-106.8899486,-278.4440277777777,-0.033776905184050604,-275.78875
2012,8,Hispanic Cultural Center,35.06881267,-106.6580575,-135.715,-0.07694428797146041,-133.00541666666666
2012,10,Diversion,35.1908,-106.6429,-246.79833333333335,-0.05849429211598889,-244.78
2012,11,Calabacillas,35.19056822,-106.6491626,-169.92916666666667,-0.14030240536020183,-168.78541666666666
2012,12,Minnow,35.19315094,-106.646915,-156.385,-0.15339984159151845,-162.01333333333335
2012,13,Harrison,35.01505603,-106.6736953,-110.78,-0.14304458738985384,-109.12166666666667
2012,14,Sevilleta,34.25834233,-106.8831845,-181.56666666666666,-0.1862624757532103,-157.94625
2012,15,Valencia Cleared,34.64863444,-106.7391728,-108.70208333333333,-0.1878302083578955,-107.9
2012,16,Valencia Forest,34.64716225,-106.738482,-167.02833333333334,-0.1305917714952522,-167.46545454545455
2012,17,Montano,35.14528819,-106.6803699,-175.30833333333334,-0.06975489625754856,-173.775
2012,18,Reynolds Cleared,34.65966431,-106.7421328,-141.425,-0.16332149139353197,-143.9
2012,19,Reynolds Forest,34.66054583,-106.7429525,-132.23958333333334,-0.16540916311969092,-134.03333333333333
2012,20,Route 66,35.1006408,-106.6914783,-110.24166666666667,-0.08871826803979063,-108.66666666666667
2012,21,Badger,35.1956,-106.6402,-241.2,-0.06022399170115284,-238.625
2012,22,Bobcat,35.19705633,-106.6439494,-112.35,-0.09467074980633293,-111.28333333333333
2012,23,BioPark,35.079,-106.668,-144.98333333333332,-0.06400040629203611,-145.16666666666666
2012,25,Crawford,34.63835,-106.74277,-143.33361111111108,-0.1864621300468993,-143.77954545454546
2012,26,Mesilla,32.248328,-106.821014,-137.64545454545456,-0.29151425300725103,-119.44285714285714
2012,27,Bosque Farm,34.848851,-106.714722,-130.78227272727273,-0.38385746160927886,.
2013,1,Alameda,35.1875,-106.6459,-290.10041666666666,-0.05545946657269385,-286.37666666666667
2013,2,Rio Grande Nature Center,35.127,-106.6854,-201.80333333333334,-0.028815965204915004,-202.02
2013,3,Los Lunas,34.81236936,-106.714458,-153.03541666666666,-0.10176092877005298,-164.8173611111111
2013,4,Belen,34.6484315,-106.7377022,-133.575,-0.18939556991443884,-133.86363636363637
2013,6,Savannah,35.14285294,-106.6819814,-118.23,-0.09477054391806436,-117.23666666666666
2013,7,Lemitar,34.16703188,-106.8899486,-279.1106944444444,-0.023674813636014373,-278.4440277777777
2013,8,Hispanic Cultural Center,35.06881267,-106.6580575,-133.3309090909091,-0.08927711614171976,-135.715
2013,10,Diversion,35.1908,-106.6429,-248.66333333333333,-0.07422195691889699,-246.79833333333335
2013,11,Calabacillas,35.19056822,-106.6491626,-176.72916666666666,-0.13338624768610097,-169.92916666666667
2013,12,Minnow,35.19315094,-106.646915,-164.22666666666666,-0.1252522714937055,-156.385
2013,13,Harrison,35.01505603,-106.6736953,-114.96833333333333,-0.09967851678053107,-110.78
2013,14,Sevilleta,34.25834233,-106.8831845,-170.51666666666668,-0.17635732984285252,-181.56666666666666
2013,15,Valencia Cleared,34.64863444,-106.7391728,-110.66666666666667,-0.16267904704423436,-108.70208333333333
2013,16,Valencia Forest,34.64716225,-106.738482,-168.17454545454547,-0.11332513496893565,-167.02833333333334
2013,17,Montano,35.14528819,-106.6803699,-175.39166666666665,-0.0786680724488401,-175.30833333333334
2013,18,Reynolds Cleared,34.65966431,-106.7421328,-140.55833333333334,-0.17450588776941703,-141.425
2013,19,Reynolds Forest,34.66054583,-106.7429525,-133.025,-0.17398455470635427,-132.23958333333334
2013,20,Route 66,35.1006408,-106.6914783,-112.89666666666666,-0.08967134193792398,-110.24166666666667
2013,21,Badger,35.1956,-106.6402,-244.35833333333332,-0.04886219340057213,-241.2
2013,22,Bobcat,35.19705633,-106.6439494,-115.24166666666666,-0.10758690220185198,-112.35
2013,23,BioPark,35.079,-106.668,-148.83333333333334,-0.09080941633067466,-144.98333333333332
2013,25,Crawford,34.63835,-106.74277,-142.97727272727272,-0.17862218660938844,-143.33361111111108
2013,26,Mesilla,32.248328,-106.821014,.,.,-137.64545454545456
2013,27,Bosque Farm,34.848851,-106.714722,-117.98722222222221,-0.20957101614755155,-130.78227272727273
2014,1,Alameda,35.1875,-106.6459,-279.68333333333334,-0.03694436219681721,-290.10041666666666
2014,2,Rio Grande Nature Center,35.127,-106.6854,-195.73666666666668,-0.022164355263732723,-201.80333333333334
2014,3,Los Lunas,34.81236936,-106.714458,-152.51833333333332,-0.046876578327955144,-153.03541666666666
2014,4,Belen,34.6484315,-106.7377022,-131.07333333333332,-0.14912023318533954,-133.575
2014,6,Savannah,35.14285294,-106.6819814,-108.71833333333333,-0.058014179223223376,-118.23
2014,7,Lemitar,34.16703188,-106.8899486,-271.9266666666667,-0.02519730946956797,-279.1106944444444
2014,8,Hispanic Cultural Center,35.06881267,-106.6580575,-131.77,-0.047960633855855764,-133.3309090909091
2014,10,Diversion,35.1908,-106.6429,-242.11333333333334,-0.04952422839945697,-248.66333333333333
2014,11,Calabacillas,35.19056822,-106.6491626,-168.28,-0.06456325860786409,-176.72916666666666
2014,12,Minnow,35.19315094,-106.646915,-158.94333333333333,-0.06432774117416397,-164.22666666666666
2014,13,Harrison,35.01505603,-106.6736953,-110.11333333333333,-0.07123923401766216,-114.96833333333333
2014,14,Sevilleta,34.25834233,-106.8831845,-182.57333333333332,-0.12121074856526783,-170.51666666666668
2014,15,Valencia Cleared,34.64863444,-106.7391728,-104.28708333333333,-0.11837528358173798,-110.66666666666667
2014,16,Valencia Forest,34.64716225,-106.738482,-163.18666666666667,-0.09487782453437181,-168.17454545454547
2014,17,Montano,35.14528819,-106.6803699,-165.61818181818182,-0.04283295087973317,-175.39166666666665
2014,18,Reynolds Cleared,34.65966431,-106.7421328,-135.05416666666667,-0.119060474211716,-140.55833333333334
2014,19,Reynolds Forest,34.66054583,-106.7429525,-128.05833333333334,-0.1153492908628056,-133.025
2014,20,Route 66,35.1006408,-106.6914783,-110.2,-0.054308685605577466,-112.89666666666666
2014,21,Badger,35.1956,-106.6402,-237.24666666666667,-0.027283201677377033,-244.35833333333332
2014,22,Bobcat,35.19705633,-106.6439494,-108.505,-0.09740880169762461,-115.24166666666666
2014,23,BioPark,35.079,-106.668,-151.70833333333334,-0.04355666881461163,-148.83333333333334
2014,25,Crawford,34.63835,-106.74277,-141.77208333333334,-0.134430913202605,-142.97727272727272
2014,26,Mesilla,32.248328,-106.821014,-162.0375,-0.3563844712591811,.
2014,27,Bosque Farm,34.848851,-106.714722,-120.740625,-0.10576877486085952,-117.98722222222221
2014,28,Valle de Oro,34.97895,-106.6801,-127.65833333333333,-0.2371138618787147,.
2014,29,Albuquerque Overbank Project,35.04546,-106.6657,-108.67703703703708,-0.054189444961861385,.
2014,30,State Land Office,34.96785,-106.6856,-122.89142857142858,-0.10690773710460316,.
2015,1,Alameda,35.1875,-106.6459,-262.5833333333333,-0.072949557183527,-279.68333333333334
2015,2,Rio Grande Nature Center,35.127,-106.6854,-184.48666666666668,-0.0440949093620652,-195.73666666666668
2015,3,Los Lunas,34.81236936,-106.714458,-129.97333333333333,-0.25874497567635285,-152.51833333333332
2015,4,Belen,34.6484315,-106.7377022,-113.00166666666667,-0.2853643548017741,-131.07333333333332
2015,6,Savannah,35.14285294,-106.6819814,-97.32666666666667,-0.11615163810297309,-108.71833333333333
2015,7,Lemitar,34.16703188,-106.8899486,-267.51166666666666,-0.02486592480988174,-271.9266666666667
2015,8,Hispanic Cultural Center,35.06881267,-106.6580575,-117.93166666666667,-0.11436221731150786,-131.77
2015,10,Diversion,35.1908,-106.6429,-223.26333333333332,-0.07458672946376083,-242.11333333333334
2015,11,Calabacillas,35.19056822,-106.6491626,-139.61708333333334,-0.17271281785944814,-168.28
2015,12,Minnow,35.19315094,-106.646915,-139.70291666666665,-0.12782758368631159,-158.94333333333333
2015,13,Harrison,35.01505603,-106.6736953,-95.7875,-0.24754031766750645,-110.11333333333333
2015,14,Sevilleta,34.25834233,-106.8831845,-165.73833333333334,-0.12541895810773113,-182.57333333333332
2015,15,Valencia Cleared,34.64863444,-106.7391728,-90.08,-0.22271943007962722,-104.28708333333333
2015,16,Valencia Forest,34.64716225,-106.738482,-150.46166666666667,-0.14727877798418013,-163.18666666666667
2015,17,Montano,35.14528819,-106.6803699,-155.625,-0.08876148585694209,-165.61818181818182
2015,18,Reynolds Cleared,34.65966431,-106.7421328,-114.92,-0.2590244077077489,-135.05416666666667
2015,19,Reynolds Forest,34.66054583,-106.7429525,-111.99166666666667,-0.23168992026451762,-128.05833333333334
2015,20,Route 66,35.1006408,-106.6914783,-100.34833333333333,-0.14886349397492454,-110.2
2015,21,Badger,35.1956,-106.6402,-229.75208333333333,-0.059034486683080326,-237.24666666666667
2015,22,Bobcat,35.19705633,-106.6439494,-98.37833333333333,-0.12430266433132228,-108.505
2015,23,BioPark,35.079,-106.668,-134.21,-0.1252374661491584,-151.70833333333334
2015,25,Crawford,34.63835,-106.74277,-120.7375,-0.25185018412968513,-141.77208333333334
2015,26,Mesilla,32.248328,-106.821014,-175.315,-0.5700748198207737,-162.0375
2015,27,Bosque Farm,34.848851,-106.714722,.,.,-120.740625
2015,28,Valle de Oro,34.97895,-106.6801,-130.28958333333333,-0.24642962299433485,-127.65833333333333
2015,29,Albuquerque Overbank Project,35.04546,-106.6657,-101.54,-0.15399403102272388,-108.67703703703708
2015,30,State Land Office,34.96785,-106.6856,-126.23166666666667,-0.14796172359526916,-122.89142857142858
2015,31,San Jose,35.012375,-106.6728,-55.1,.,.
2016,1,Alameda,35.1875,-106.6459,-268.465,-0.06933233515863238,-262.5833333333333
2016,2,Rio Grande Nature Center,35.127,-106.6854,-183.38666666666666,-0.02900435003831125,-184.48666666666668
2016,3,Los Lunas,34.81236936,-106.714458,-149.525,-0.14108539609080006,-129.97333333333333
2016,4,Belen,34.6484315,-106.7377022,-123.37333333333333,-0.2344252525962683,-113.00166666666667
2016,6,Savannah,35.14285294,-106.6819814,-101.27272727272727,-0.11928174527678749,-97.32666666666667
2016,7,Lemitar,34.16703188,-106.8899486,-274.04833333333335,-0.03836901307349275,-267.51166666666666
2016,8,Hispanic Cultural Center,35.06881267,-106.6580575,-122.77333333333334,-0.09788989673561066,-117.93166666666667
2016,10,Diversion,35.1908,-106.6429,-230.3975,-0.07576360710415218,-223.26333333333332
2016,11,Calabacillas,35.19056822,-106.6491626,-154.02958333333333,-0.13422312321394328,-139.61708333333334
2016,12,Minnow,35.19315094,-106.646915,-151.32666666666668,-0.13282303282963903,-139.70291666666665
2016,13,Harrison,35.01505603,-106.6736953,-109.205,-0.19656961610391893,-95.7875
2016,14,Sevilleta,34.25834233,-106.8831845,-190.93,-0.09454178223716458,-165.73833333333334
2016,15,Valencia Cleared,34.64863444,-106.7391728,-100.17999999999999,-0.19350722833123862,-90.08
2016,16,Valencia Forest,34.64716225,-106.738482,-156.25333333333333,-0.14043563672860485,-150.46166666666667
2016,17,Montano,35.14528819,-106.6803699,-156.76833333333335,-0.08769925633714373,-155.625
2016,18,Reynolds Cleared,34.65966431,-106.7421328,-123.99666666666667,-0.2395345975461482,-114.92
2016,19,Reynolds Forest,34.66054583,-106.7429525,-119.59166666666667,-0.21900407438283995,-111.99166666666667
2016,20,Route 66,35.1006408,-106.6914783,-106.98666666666666,-0.11601432938601391,-100.34833333333333
2016,21,Badger,35.1956,-106.6402,-232.8,-0.04525046214879428,-229.75208333333333
2016,22,Bobcat,35.19705633,-106.6439494,-101.22,-0.09839494483633063,-98.37833333333333
2016,23,BioPark,35.079,-106.668,-138.15833333333333,-0.05886087356439771,-134.21
2016,25,Crawford,34.63835,-106.74277,-138.65166666666667,-0.19821186109950395,-120.7375
2016,26,Mesilla,32.248328,-106.821014,-159.47333333333333,-0.5684436654821888,-175.315
2016,27,Bosque Farm,34.848851,-106.714722,-116.58263888888884,-0.25328188316426054,.
2016,28,Valle de Oro,34.97895,-106.6801,-128.31166666666667,-0.16772569367255716,-130.28958333333333
2016,29,Albuquerque Overbank Project,35.04546,-106.6657,-102.8025,-0.11408615391804382,-101.54
2016,30,State Land Office,34.96785,-106.6856,-135.53541666666666,-0.09047057144134833,-126.23166666666667
2016,31,San Jose,35.012375,-106.6728,-102.19166666666666,-0.2268404295820127,-55.1
2017,1,Alameda,35.1875,-106.6459,-255.82333333333332,-0.12300705271657274,-268.465
2017,2,Rio Grande Nature Center,35.127,-106.6854,-174.77666666666667,-0.0873685527538768,-183.38666666666666
2017,3,Los Lunas,34.81236936,-106.714458,-132.475,-0.21637352981532057,-149.525
2017,4,Belen,34.6484315,-106.7377022,-93.55166666666666,-0.5522557929275195,-123.37333333333333
2017,6,Savannah,35.14285294,-106.6819814,-87.99541666666667,-0.27362612538745057,-101.27272727272727
2017,7,Lemitar,34.16703188,-106.8899486,-278.79833333333335,-0.044162944005024705,-274.04833333333335
2017,8,Hispanic Cultural Center,35.06881267,-106.6580575,-105.36545454545454,-0.28023078806288104,-122.77333333333334
2017,10,Diversion,35.1908,-106.6429,-216.82181818181817,-0.22635925610466906,-230.3975
2017,11,Calabacillas,35.19056822,-106.6491626,-133.42727272727274,-0.3287299012944271,-154.02958333333333
2017,12,Minnow,35.19315094,-106.646915,-139.96,-0.3550555374756393,-151.32666666666668
2017,13,Harrison,35.01505603,-106.6736953,-84.26333333333334,-0.5321604916932006,-109.205
2017,14,Sevilleta,34.25834233,-106.8831845,-170.83,-0.11117924142643072,-190.93
2017,15,Valencia Cleared,34.64863444,-106.7391728,-81.41666666666667,-0.42021771698447546,-100.17999999999999
2017,16,Valencia Forest,34.64716225,-106.738482,-133.32,-0.28980016717840046,-156.25333333333333
2017,17,Montano,35.14528819,-106.6803699,-143.41333333333333,-0.179688742099018,-156.76833333333335
2017,18,Reynolds Cleared,34.65966431,-106.7421328,-103.11208333333333,-0.43946241504212546,-123.99666666666667
2017,19,Reynolds Forest,34.66054583,-106.7429525,-100.3,-0.42491726638471145,-119.59166666666667
2017,20,Route 66,35.1006408,-106.6914783,-93.67916666666666,-0.33511669003259065,-106.98666666666666
2017,21,Badger,35.1956,-106.6402,-232.24666666666667,-0.11124757111935893,-232.8
2017,22,Bobcat,35.19705633,-106.6439494,-93.77454545454546,-0.19555439052486764,-101.22
2017,23,BioPark,35.079,-106.668,-119.505,-0.3203229162455214,-138.15833333333333
2017,25,Crawford,34.63835,-106.74277,-109.27833333333334,-0.46359390647874227,-138.65166666666667
2017,26,Mesilla,32.248328,-106.821014,-133.35,-0.5827113674968416,-159.47333333333333
2017,27,Bosque Farm,34.848851,-106.714722,-90.87333333333333,-0.585186794542265,-116.58263888888884
2017,28,Valle de Oro,34.97895,-106.6801,-112.80375,-0.32957428699186747,-128.31166666666667
2017,29,Albuquerque Overbank Project,35.04546,-106.6657,-80.05,-0.47014214728725345,-102.8025
2017,30,State Land Office,34.96785,-106.6856,-125.57111111111111,-0.19012348189145123,-135.53541666666666
2017,31,San Jose,35.012375,-106.6728,-73.37291666666667,-0.7106478689790864,-102.19166666666666
2018,1,Alameda,35.1875,-106.6459,-292.12333333333333,-0.06272657316810229,-255.82333333333332
2018,2,Rio Grande Nature Center,35.127,-106.6854,-187.66833333333335,-0.017444141836815155,-174.77666666666667
2018,3,Los Lunas,34.81236936,-106.714458,-166.69666666666666,-0.07110188292246392,-132.475
2018,4,Belen,34.6484315,-106.7377022,-140.19666666666666,-0.14282176518725628,-93.55166666666666
2018,6,Savannah,35.14285294,-106.6819814,-112.08666666666667,-0.07366857435161771,-87.99541666666667
2018,7,Lemitar,34.16703188,-106.8899486,-289.765,-0.021144236341450563,-278.79833333333335
2018,8,Hispanic Cultural Center,35.06881267,-106.6580575,-131.42291666666665,-0.0394788139421464,-105.36545454545454
2018,10,Diversion,35.1908,-106.6429,-264.49833333333333,-0.07499197110811319,-216.82181818181817
2018,11,Calabacillas,35.19056822,-106.6491626,-191.23818181818183,-0.10545943391423697,-133.42727272727274
2018,12,Minnow,35.19315094,-106.646915,-187.70833333333334,-0.14872654546231528,-139.96
2018,13,Harrison,35.01505603,-106.6736953,-119.73,-0.050200627065946024,-84.26333333333334
2018,14,Sevilleta,34.25834233,-106.8831845,-183.15041666666667,-0.26160122910677214,-170.83
2018,15,Valencia Cleared,34.64863444,-106.7391728,-113.425,-0.13377605514209848,-81.41666666666667
2018,16,Valencia Forest,34.64716225,-106.738482,-168.6225,-0.09563504509034029,-133.32
2018,17,Montano,35.14528819,-106.6803699,-169.48,-0.05190036289932968,-143.41333333333333
2018,18,Reynolds Cleared,34.65966431,-106.7421328,-146.26166666666666,-0.1035590135149047,-103.11208333333333
2018,19,Reynolds Forest,34.66054583,-106.7429525,-141.19166666666666,-0.09679074591683019,-100.3
2018,20,Route 66,35.1006408,-106.6914783,-117.53333333333333,-0.05629512829452652,-93.67916666666666
2018,21,Badger,35.1956,-106.6402,-259.6716666666667,-0.142792682818604,-232.24666666666667
2018,22,Bobcat,35.19705633,-106.6439494,-120.29,-0.23280467519233553,-93.77454545454546
2018,23,BioPark,35.079,-106.668,-140.78666666666666,-0.03371820990244183,-119.505
2018,25,Crawford,34.63835,-106.74277,-154.25333333333333,-0.12393788823357033,-109.27833333333334
2018,26,Mesilla,32.248328,-106.821014,-108.01777777777778,-0.31301407355597993,-133.35
2018,27,Bosque Farm,34.848851,-106.714722,-147.35833333333332,-0.13066152733878666,-90.87333333333333
2018,28,Valle de Oro,34.97895,-106.6801,-125.095,-0.20370242675666628,-112.80375
2018,29,Albuquerque Overbank Project,35.04546,-106.6657,-109.835,-0.05111565329494239,-80.05
2018,30,State Land Office,34.96785,-106.6856,-137.87361111111107,-0.11493003834840874,-125.57111111111111
2018,31,San Jose,35.012375,-106.6728,-111.38333333333334,-0.05982199605417636,-73.37291666666667
2018,33,Bosque del Apache,33.8197,-106.8539,-309.022,-0.19350977031298416,.
2019,1,Alameda,35.1875,-106.6459,-251.9375,-0.14952843047340006,-292.12333333333333
2019,2,Rio Grande Nature Center,35.127,-106.6854,-165.38208333333333,-0.11828982637625678,-187.66833333333335
2019,3,Los Lunas,34.81236936,-106.714458,-113.7969696969697,-0.5799723923655543,-166.69666666666666
2019,4,Belen,34.6484315,-106.7377022,-85.04333333333334,-0.5774033020512356,-140.19666666666666
2019,6,Savannah,35.14285294,-106.6819814,-79.02,-0.3839061873501726,-112.08666666666667
2019,7,Lemitar,34.16703188,-106.8899486,-267.865,-0.06013285410978378,-289.765
2019,8,Hispanic Cultural Center,35.06881267,-106.6580575,-101.095,-0.3486413050397176,-131.42291666666665
2019,10,Diversion,35.1908,-106.6429,-217.45666666666668,-0.258319216865909,-264.49833333333333
2019,11,Calabacillas,35.19056822,-106.6491626,-134.42,-0.32900307180056004,-191.23818181818183
2019,12,Minnow,35.19315094,-106.646915,-134.645,-0.3392037923667719,-187.70833333333334
2019,13,Harrison,35.01505603,-106.6736953,-93.805,-0.5970648029685849,-119.73
2019,14,Sevilleta,34.25834233,-106.8831845,-160.13,-0.15031909652023692,-183.15041666666667
2019,15,Valencia Cleared,34.64863444,-106.7391728,-71.93333333333334,-0.4828024201233868,-113.425
2019,16,Valencia Forest,34.64716225,-106.738482,-124.73916666666666,-0.2965590841162399,-168.6225
2019,17,Montano,35.14528819,-106.6803699,-134.06333333333333,-0.2853846061836225,-169.48
2019,18,Reynolds Cleared,34.65966431,-106.7421328,-98.06833333333333,-0.46233250299874923,-146.26166666666666
2019,19,Reynolds Forest,34.66054583,-106.7429525,-97.01666666666667,-0.43653985122764627,-141.19166666666666
2019,20,Route 66,35.1006408,-106.6914783,-90.47847222222222,-0.36597118973427484,-117.53333333333333
2019,21,Badger,35.1956,-106.6402,-211.54666666666668,-0.1999837994984836,-259.6716666666667
2019,22,Bobcat,35.19705633,-106.6439494,-89.63166666666666,-0.283339442715443,-120.29
2019,23,BioPark,35.079,-106.668,-112.39277777777778,-0.3551164774231219,-140.78666666666666
2019,25,Crawford,34.63835,-106.74277,-99.30333333333333,-0.5186674551601996,-154.25333333333333
2019,26,Mesilla,32.248328,-106.821014,-125.78999999999999,-0.615276897548433,-108.01777777777778
2019,27,Bosque Farm,34.848851,-106.714722,-83.13472222222222,-0.6589320486286513,-147.35833333333332
2019,28,Valle de Oro,34.97895,-106.6801,-122.095,-0.2604815317615015,-125.095
2019,29,Albuquerque Overbank Project,35.04546,-106.6657,-74.785,-0.6152586146870228,-109.835
2019,30,State Land Office,34.96785,-106.6856,-116.90416666666667,-0.23415254617613282,-137.87361111111107
2019,31,San Jose,35.012375,-106.6728,-77.03958333333333,-0.7549052401326971,-111.38333333333334
2019,33,Bosque del Apache,33.8197,-106.8539,-227.639,-0.4346338445196003,-309.022
2019,34,River Realignment,33.8227,-106.8419,.,.,.
2020,1,Alameda,35.1875,-106.6459,-277.7841666666667,-0.029917884308419886,-251.9375
2020,2,Rio Grande Nature Center,35.127,-106.6854,-189.74333333333334,-0.03345226857616437,-165.38208333333333
2020,3,Los Lunas,34.81236936,-106.714458,-161.1,-0.08645812682682019,-113.7969696969697
2020,4,Belen,34.6484315,-106.7377022,-145.30416666666667,-0.16327892470171804,-85.04333333333334
2020,6,Savannah,35.14285294,-106.6819814,-111.895,-0.1577232392651073,-79.02
2020,7,Lemitar,34.16703188,-106.8899486,-273.9916666666667,-0.06164070706330606,-267.865
2020,8,Hispanic Cultural Center,35.06881267,-106.6580575,-135.65333333333334,-0.07112468211682112,-101.095
2020,10,Diversion,35.1908,-106.6429,-251.50125,-0.06808890004078169,-217.45666666666668
2020,11,Calabacillas,35.19056822,-106.6491626,-174.65833333333333,-0.06298174040150278,-134.42
2020,12,Minnow,35.19315094,-106.646915,-165.21166666666667,-0.05863022417830404,-134.645
2020,13,Harrison,35.01505603,-106.6736953,-142.82999999999998,-0.05210188966988502,-93.805
2020,14,Sevilleta,34.25834233,-106.8831845,-187.51,-0.2119753947430062,-160.13
2020,15,Valencia Cleared,34.64863444,-106.7391728,-116.15,-0.16507892330839932,-71.93333333333334
2020,16,Valencia Forest,34.64716225,-106.738482,-170.795,-0.127631590749051,-124.73916666666666
2020,17,Montano,35.14528819,-106.6803699,-165.27541666666667,-0.07545557062410892,-134.06333333333333
2020,18,Reynolds Cleared,34.65966431,-106.7421328,-155.86,-0.14506101442547653,-98.06833333333333
2020,19,Reynolds Forest,34.66054583,-106.7429525,-149.725,-0.14148952702414025,-97.01666666666667
2020,20,Route 66,35.1006408,-106.6914783,-112.25,-0.05364949721252827,-90.47847222222222
2020,21,Badger,35.1956,-106.6402,-240.255,-0.06772623299786418,-211.54666666666668
2020,22,Bobcat,35.19705633,-106.6439494,-122.04,-0.1770990608491225,-89.63166666666666
2020,23,BioPark,35.079,-106.668,-143.98833333333334,-0.08498665338455355,-112.39277777777778
2020,25,Crawford,34.63835,-106.74277,-157.14541666666668,-0.1582674247403183,-99.30333333333333
2020,26,Mesilla,32.248328,-106.821014,-102.47333333333333,-0.7837012285889119,-125.78999999999999
2020,27,Bosque Farm,34.848851,-106.714722,-146.88958333333332,-0.1570849844700875,-83.13472222222222
2020,28,Valle de Oro,34.97895,-106.6801,.,.,-122.095
2020,29,Albuquerque Overbank Project,35.04546,-106.6657,-107.44333333333333,-0.05381074816502513,-74.785
2020,30,State Land Office,34.96785,-106.6856,-133.9775,-0.10968284414802108,-116.90416666666667
2020,31,San Jose,35.012375,-106.6728,-118.3,-0.0740835129450446,-77.03958333333333
2020,33,Bosque del Apache,33.8197,-106.8539,-318.024375,-0.11173320335814867,-227.639
2020,34,River Realignment,33.8227,-106.8419,.,.,.
2021,1,Alameda,35.1875,-106.6459,-271.40541666666667,-0.04738477716939237,-277.7841666666667
2021,2,Rio Grande Nature Center,35.127,-106.6854,-192.20166666666665,-0.04354606736826363,-189.74333333333334
2021,3,Los Lunas,34.81236936,-106.714458,-156.6555555555556,-0.14435852742729988,-161.1
2021,4,Belen,34.6484315,-106.7377022,-128.56583333333333,-0.20102297954519424,-145.30416666666667
2021,6,Savannah,35.14285294,-106.6819814,-116.11166666666666,-0.15042865336654565,-111.895
2021,7,Lemitar,34.16703188,-106.8899486,-284.9843939393939,-0.09653775496862262,-273.9916666666667
2021,8,Hispanic Cultural Center,35.06881267,-106.6580575,-140.62,-0.09604329585192667,-135.65333333333334
2021,10,Diversion,35.1908,-106.6429,-246.74833333333333,-0.04176723791000325,-251.50125
2021,11,Calabacillas,35.19056822,-106.6491626,-170.39916666666667,-0.10490161653309683,-174.65833333333333
2021,12,Minnow,35.19315094,-106.646915,-163.095,-0.08892469808321857,-165.21166666666667
2021,13,Harrison,35.01505603,-106.6736953,-143.41333333333333,-0.10826832875414916,-142.82999999999998
2021,14,Sevilleta,34.25834233,-106.8831845,-197.33833333333334,-0.16585536464317183,-187.51
2021,15,Valencia Cleared,34.64863444,-106.7391728,-112.1,-0.16443084941212027,-116.15
2021,16,Valencia Forest,34.64716225,-106.738482,-165.2,-0.12302804861972857,-170.795
2021,17,Montano,35.14528819,-106.6803699,-168.26333333333332,-0.0922950193542374,-165.27541666666667
2021,18,Reynolds Cleared,34.65966431,-106.7421328,-145.585,-0.1646937050087213,-155.86
2021,19,Reynolds Forest,34.66054583,-106.7429525,-140.56666666666666,-0.16071017865118095,-149.725
2021,20,Route 66,35.1006408,-106.6914783,-115.175,-0.11223673508509055,-112.25
2021,21,Badger,35.1956,-106.6402,-246.11333333333334,-0.06052986720984075,-240.255
2021,22,Bobcat,35.19705633,-106.6439494,-130.09083333333334,-0.20004264868349303,-122.04
2021,23,BioPark,35.079,-106.668,-146.75166666666667,-0.06294273537256481,-143.98833333333334
2021,25,Crawford,34.63835,-106.74277,-142.73666666666668,-0.15664936217182468,-157.14541666666668
2021,26,Mesilla,32.248328,-106.821014,-191.74,-0.4986564858350187,-102.47333333333333
2021,27,Bosque Farm,34.848851,-106.714722,-137.2375,-0.20283578214526948,-146.88958333333332
2021,28,Valle de Oro,34.97895,-106.6801,.,.,.
2021,29,Albuquerque Overbank Project,35.04546,-106.6657,-110.64333333333333,-0.12520526490839687,-107.44333333333333
2021,30,State Land Office,34.96785,-106.6856,-143.745,-0.05879434489773757,-133.9775
2021,31,San Jose,35.012375,-106.6728,-115.33125,-0.15260299241642938,-118.3
2021,33,Bosque del Apache,33.8197,-106.8539,-365.8363636363636,-0.07262244612149651,-318.024375
2021,34,River Realignment,33.8227,-106.8419,.,.,.
2022,1,Alameda,35.1875,-106.6459,-260.05625,-0.05052419860659845,-271.40541666666667
2022,2,Rio Grande Nature Center,35.127,-106.6854,-190.80833333333334,-0.03269058613377286,-192.20166666666665
2022,3,Los Lunas,34.81236936,-106.714458,-149.63083333333333,-0.10454061209036125,-156.6555555555556
2022,4,Belen,34.6484315,-106.7377022,-123.505,-0.18143290291787917,-128.56583333333333
2022,6,Savannah,35.14285294,-106.6819814,-117.075,-0.09901825556863152,-116.11166666666666
2022,7,Lemitar,34.16703188,-106.8899486,-293.84041666666667,-0.02321339887713091,-284.9843939393939
2022,8,Hispanic Cultural Center,35.06881267,-106.6580575,-131.45833333333334,-0.07335323958723389,-140.62
2022,10,Diversion,35.1908,-106.6429,-250.30833333333334,-0.062061709728600145,-246.74833333333333
2022,11,Calabacillas,35.19056822,-106.6491626,-169.625,-0.1133516202357017,-170.39916666666667
2022,12,Minnow,35.19315094,-106.646915,-166.97833333333332,-0.09206032520260224,-163.095
2022,13,Harrison,35.01505603,-106.6736953,-142.58833333333334,-0.08890376594977115,-143.41333333333333
2022,14,Sevilleta,34.25834233,-106.8831845,-148.905,-0.36895564632671046,-197.33833333333334
2022,15,Valencia Cleared,34.64863444,-106.7391728,-108.235,-0.16598538048952383,-112.1
2022,16,Valencia Forest,34.64716225,-106.738482,-161.30666666666667,-0.12118012051621088,-165.2
2022,17,Montano,35.14528819,-106.6803699,-167,-0.06696274831335909,-168.26333333333332
2022,18,Reynolds Cleared,34.65966431,-106.7421328,-146.98333333333338,-0.1630617896241163,-145.585
2022,19,Reynolds Forest,34.66054583,-106.7429525,-139.37454545454545,-0.1257594101996131,-140.56666666666666
2022,20,Route 66,35.1006408,-106.6914783,-113.36666666666666,-0.07601032685022648,-115.175
2022,21,Badger,35.1956,-106.6402,-251.1375,-0.07165915764633168,-246.11333333333334
2022,22,Bobcat,35.19705633,-106.6439494,-124.84916666666666,-0.15728441272377353,-130.09083333333334
2022,23,BioPark,35.079,-106.668,-133.74666666666667,-0.06639908689103224,-146.75166666666667
2022,25,Crawford,34.63835,-106.74277,-135.40166666666667,-0.1425388513487161,-142.73666666666668
2022,26,Mesilla,32.248328,-106.821014,-179.64,-0.59891864553607,-191.74
2022,27,Bosque Farm,34.848851,-106.714722,-131.56875,-0.20405814095828292,-137.2375
2022,28,Valle de Oro,34.97895,-106.6801,-127.03,-0.04750531555781868,.
2022,29,Albuquerque Overbank Project,35.04546,-106.6657,-110.725,-0.10340845115229119,-110.64333333333333
2022,30,State Land Office,34.96785,-106.6856,-131.8,-0.07675647320762671,-143.745
2022,31,San Jose,35.012375,-106.6728,-108.86666666666667,-0.13383552061525555,-115.33125
2022,33,Bosque del Apache,33.8197,-106.8539,-392.6388888888889,-0.06637101385071063,-365.8363636363636
2022,34,River Realignment,33.8227,-106.8419,.,.,.
2023,1,Alameda,35.1875,-106.6459,-227.79999999999998,-0.18180394487993057,-260.05625
2023,2,Rio Grande Nature Center,35.127,-106.6854,-171.775,-0.12808538380971224,-190.80833333333334
2023,3,Los Lunas,34.81236936,-106.714458,-88.16,-0.9782803561107686,-149.63083333333333
2023,4,Belen,34.6484315,-106.7377022,-76.95,-0.8470134672109552,-123.505
2023,6,Savannah,35.14285294,-106.6819814,-87.25,-0.38002226727346183,-117.075
2023,7,Lemitar,34.16703188,-106.8899486,-277.44,-0.04669589025577179,-293.84041666666667
2023,8,Hispanic Cultural Center,35.06881267,-106.6580575,-102.21875,-0.4040096545848557,-131.45833333333334
2023,10,Diversion,35.1908,-106.6429,-217.1375,-0.20275690093889578,-250.30833333333334
2023,11,Calabacillas,35.19056822,-106.6491626,-133.6875,-0.34259103066586394,-169.625
2023,12,Minnow,35.19315094,-106.646915,-130.2575,-0.3395414258745454,-166.97833333333332
2023,13,Harrison,35.01505603,-106.6736953,-88.2175,-0.8512225175907127,-142.58833333333334
2023,14,Sevilleta,34.25834233,-106.8831845,-127.305,-0.24331874816889815,-148.905
2023,15,Valencia Cleared,34.64863444,-106.7391728,-67.75999999999999,-0.6626903391523374,-108.235
2023,16,Valencia Forest,34.64716225,-106.738482,-118.965,-0.41817160766656575,-161.30666666666667
2023,17,Montano,35.14528819,-106.6803699,-135.175,-0.2662141892617995,-167
2023,18,Reynolds Cleared,34.65966431,-106.7421328,-95.2625,-0.6407863623546841,-146.98333333333338
2023,19,Reynolds Forest,34.66054583,-106.7429525,-94.7475,-0.5767522318289858,-139.37454545454545
2023,20,Route 66,35.1006408,-106.6914783,-86.9,-0.4625371219766328,-113.36666666666666
2023,21,Badger,35.1956,-106.6402,-221.1525,-0.1353008605549055,-251.1375
2023,22,Bobcat,35.19705633,-106.6439494,-111.04,-0.2543271354765119,-124.84916666666666
2023,23,BioPark,35.079,-106.668,-124.0975,-0.21671407701632134,-133.74666666666667
2023,25,Crawford,34.63835,-106.74277,-86.1725,-0.7426384237553688,-135.40166666666667
2023,26,Mesilla,32.248328,-106.821014,-223.98285714285714,-0.5409860364480547,-179.64
2023,27,Bosque Farm,34.848851,-106.714722,-94.35714285714285,-0.7140328675050844,-131.56875
2023,28,Valle de Oro,34.97895,-106.6801,-119.42,-0.15773534459422422,-127.03
2023,29,Albuquerque Overbank Project,35.04546,-106.6657,-81.97500000000001,-0.6108955210513788,-110.725
2023,30,State Land Office,34.96785,-106.6856,-111.57142857142857,-0.3100430049668121,-131.8
2023,31,San Jose,35.012375,-106.6728,-55.300000000000004,-1.3041272378175703,-108.86666666666667
2023,33,Bosque del Apache,33.8197,-106.8539,-333.2857142857143,-0.13103325839728294,-392.6388888888889
2023,34,River Realignment,33.8227,-106.8419,.,.,.
