Year,Site number,Site name,Latitude,Longitude,Annual mean depth to groundwater cm,Lag of mean annual depth to groundwater
1997,1,Alameda,35.1875,-106.6459,-256.425,.
1997,2,Rio Grande Nature Center,35.127,-106.6854,-166.25,.
1997,3,Los Lunas,34.8124,-106.7145,.,.
1998,1,Alameda,35.1875,-106.6459,-260.19375,-256.425
1998,2,Rio Grande Nature Center,35.127,-106.6854,-178.5575,-166.25
1998,3,Los Lunas,34.8124,-106.7145,.,.
1998,4,Belen,34.6484,-106.7377,-92.08181818181818,.
1999,1,Alameda,35.1875,-106.6459,-267.4,-260.19375
1999,2,Rio Grande Nature Center,35.127,-106.6854,-178.665,-178.5575
1999,3,Los Lunas,34.8124,-106.7145,.,.
1999,4,Belen,34.6484,-106.7377,-87.34,-92.08181818181818
2000,1,Alameda,35.1875,-106.6459,-266.7916666666667,-267.4
2000,2,Rio Grande Nature Center,35.127,-106.6854,-184.81363636363636,-178.665
2000,3,Los Lunas,34.8124,-106.7145,-98.9814814814814,.
2000,4,Belen,34.6484,-106.7377,-91.1509090909091,-87.34
2000,6,Savannah,35.1429,-106.682,-116.1,.
2000,7,Lemitar,34.167,-106.8899,-269.25,.
2001,1,Alameda,35.1875,-106.6459,-271.00208333333336,-266.7916666666667
2001,2,Rio Grande Nature Center,35.127,-106.6854,-187.98125,-184.81363636363636
2001,3,Los Lunas,34.8124,-106.7145,-105.47986111111108,-98.9814814814814
2001,4,Belen,34.6484,-106.7377,-97.68333333333334,-91.1509090909091
2001,6,Savannah,35.1429,-106.682,-122.88416666666666,-116.1
2001,7,Lemitar,34.167,-106.8899,-258.6786363636364,-269.25
2002,1,Alameda,35.1875,-106.6459,-278.32954545454544,-271.00208333333336
2002,2,Rio Grande Nature Center,35.127,-106.6854,-196.38181818181818,-187.98125
2002,3,Los Lunas,34.8124,-106.7145,-107.35208333333334,-105.47986111111108
2002,4,Belen,34.6484,-106.7377,-109.1375,-97.68333333333334
2002,6,Savannah,35.1429,-106.682,-133.85166666666666,-122.88416666666666
2002,7,Lemitar,34.167,-106.8899,-267.625,-258.6786363636364
2002,8,Hispanic Cultural Center,35.0688,-106.6581,-147.49166666666667,.
2002,10,Diversion,35.1908,-106.6429,-217.144,.
2002,11,Calabacillas,35.1906,-106.6492,-135.57500000000002,.
2002,12,Minnow,35.1932,-106.6469,-135.2,.
2003,1,Alameda,35.1875,-106.6459,-277.16388888888895,-278.32954545454544
2003,2,Rio Grande Nature Center,35.127,-106.6854,-205.1625,-196.38181818181818
2003,3,Los Lunas,34.8124,-106.7145,-141.30166666666668,-107.35208333333334
2003,4,Belen,34.6484,-106.7377,-118.4625,-109.1375
2003,6,Savannah,35.1429,-106.682,-134.4776666666667,-133.85166666666666
2003,7,Lemitar,34.167,-106.8899,-279.6515151515152,-267.625
2003,8,Hispanic Cultural Center,35.0688,-106.6581,-144.06666666666666,-147.49166666666667
2003,10,Diversion,35.1908,-106.6429,-204.4840909090909,-217.144
2003,11,Calabacillas,35.1906,-106.6492,-135.54166666666666,-135.57500000000002
2003,12,Minnow,35.1932,-106.6469,-139.06666666666666,-135.2
2003,13,Harrison,35.0151,-106.6737,-118.26666666666667,.
2003,14,Sevilleta,34.2583,-106.8832,-161,.
2003,15,Valencia Cleared,34.6486,-106.7392,-109.01428571428572,.
2003,16,Valencia Forest,34.6472,-106.7385,-167.49642857142857,.
2004,1,Alameda,35.1875,-106.6459,-277.42727272727274,-277.16388888888895
2004,2,Rio Grande Nature Center,35.127,-106.6854,-203.745,-205.1625
2004,3,Los Lunas,34.8124,-106.7145,-142.3272727272727,-141.30166666666668
2004,4,Belen,34.6484,-106.7377,-115.25,-118.4625
2004,6,Savannah,35.1429,-106.682,-128.06583333333333,-134.4776666666667
2004,7,Lemitar,34.167,-106.8899,-277.4708333333333,-279.6515151515152
2004,8,Hispanic Cultural Center,35.0688,-106.6581,-137.56166666666667,-144.06666666666666
2004,10,Diversion,35.1908,-106.6429,-214.25972222222225,-204.4840909090909
2004,11,Calabacillas,35.1906,-106.6492,-133.58416666666668,-135.54166666666666
2004,12,Minnow,35.1932,-106.6469,-138.6375,-139.06666666666666
2004,13,Harrison,35.0151,-106.6737,-124.33333333333333,-118.26666666666667
2004,14,Sevilleta,34.2583,-106.8832,-150.375,-161
2004,15,Valencia Cleared,34.6486,-106.7392,-93.89166666666667,-109.01428571428572
2004,16,Valencia Forest,34.6472,-106.7385,-153.14166666666668,-167.49642857142857
2004,17,Montano,35.1453,-106.6804,-180.83333333333334,.
2004,18,Reynolds Cleared,34.6597,-106.7421,-124.05555555555556,.
2004,19,Reynolds Forest,34.6605,-106.743,-116.14444444444445,.
2004,20,Route 66,35.1006,-106.6915,-93,.
2005,1,Alameda,35.1875,-106.6459,-265.3363636363636,-277.42727272727274
2005,2,Rio Grande Nature Center,35.127,-106.6854,-203.74166666666667,-203.745
2005,3,Los Lunas,34.8124,-106.7145,-105.525,-142.3272727272727
2005,4,Belen,34.6484,-106.7377,-101.03818181818183,-115.25
2005,6,Savannah,35.1429,-106.682,-116.06166666666667,-128.06583333333333
2005,7,Lemitar,34.167,-106.8899,-266.5951388888889,-277.4708333333333
2005,8,Hispanic Cultural Center,35.0688,-106.6581,-124.4,-137.56166666666667
2005,10,Diversion,35.1908,-106.6429,-233.6256944444444,-214.25972222222225
2005,11,Calabacillas,35.1906,-106.6492,-126.714696969697,-133.58416666666668
2005,12,Minnow,35.1932,-106.6469,-146.74772727272727,-138.6375
2005,13,Harrison,35.0151,-106.6737,-105.11818181818182,-124.33333333333333
2005,14,Sevilleta,34.2583,-106.8832,-128.13333333333333,-150.375
2005,15,Valencia Cleared,34.6486,-106.7392,-80.34166666666667,-93.89166666666667
2005,16,Valencia Forest,34.6472,-106.7385,-137.17083333333332,-153.14166666666668
2005,17,Montano,35.1453,-106.6804,-171.33333333333334,-180.83333333333334
2005,18,Reynolds Cleared,34.6597,-106.7421,-108.175,-124.05555555555556
2005,19,Reynolds Forest,34.6605,-106.743,-102.41666666666667,-116.14444444444445
2005,20,Route 66,35.1006,-106.6915,-100.49090909090908,-93
2005,21,Badger,35.1956,-106.6402,-244.29166666666666,.
2005,22,Bobcat,35.1971,-106.6439,-130.36666666666667,.
2006,1,Alameda,35.1875,-106.6459,-277.07222222222225,-265.3363636363636
2006,2,Rio Grande Nature Center,35.127,-106.6854,-202.01666666666668,-203.74166666666667
2006,3,Los Lunas,34.8124,-106.7145,-125.43333333333334,-105.525
2006,4,Belen,34.6484,-106.7377,-121.98333333333333,-101.03818181818183
2006,6,Savannah,35.1429,-106.682,-127.78363636363636,-116.06166666666667
2006,7,Lemitar,34.167,-106.8899,-270.54791666666665,-266.5951388888889
2006,8,Hispanic Cultural Center,35.0688,-106.6581,-138.21818181818182,-124.4
2006,10,Diversion,35.1908,-106.6429,-251.32727272727274,-233.6256944444444
2006,11,Calabacillas,35.1906,-106.6492,-127.99666666666667,-126.714696969697
2006,12,Minnow,35.1932,-106.6469,-128.91666666666666,-146.74772727272727
2006,13,Harrison,35.0151,-106.6737,-127.275,-105.11818181818182
2006,14,Sevilleta,34.2583,-106.8832,-126.55,-128.13333333333333
2006,15,Valencia Cleared,34.6486,-106.7392,-96.2909090909091,-80.34166666666667
2006,16,Valencia Forest,34.6472,-106.7385,-159.08333333333334,-137.17083333333332
2006,17,Montano,35.1453,-106.6804,-185.30375,-171.33333333333334
2006,18,Reynolds Cleared,34.6597,-106.7421,-142.97222222222226,-108.175
2006,19,Reynolds Forest,34.6605,-106.743,-130.22083333333333,-102.41666666666667
2006,20,Route 66,35.1006,-106.6915,-106.26666666666667,-100.49090909090908
2006,21,Badger,35.1956,-106.6402,-263.68333333333334,-244.29166666666666
2006,22,Bobcat,35.1971,-106.6439,-142.69375,-130.36666666666667
2007,1,Alameda,35.1875,-106.6459,-265.87166666666667,-277.07222222222225
2007,2,Rio Grande Nature Center,35.127,-106.6854,-201.835,-202.01666666666668
2007,3,Los Lunas,34.8124,-106.7145,-127.185,-125.43333333333334
2007,4,Belen,34.6484,-106.7377,-116.55,-121.98333333333333
2007,6,Savannah,35.1429,-106.682,-119.99958333333333,-127.78363636363636
2007,7,Lemitar,34.167,-106.8899,-261.36375,-270.54791666666665
2007,8,Hispanic Cultural Center,35.0688,-106.6581,-134.16166666666666,-138.21818181818182
2007,10,Diversion,35.1908,-106.6429,-223.79833333333335,-251.32727272727274
2007,11,Calabacillas,35.1906,-106.6492,-126.39666666666666,-127.99666666666667
2007,12,Minnow,35.1932,-106.6469,-126.57166666666667,-128.91666666666666
2007,13,Harrison,35.0151,-106.6737,-99.965,-127.275
2007,14,Sevilleta,34.2583,-106.8832,-131.29,-126.55
2007,15,Valencia Cleared,34.6486,-106.7392,-94.5,-96.2909090909091
2007,16,Valencia Forest,34.6472,-106.7385,-151.74333333333334,-159.08333333333334
2007,17,Montano,35.1453,-106.6804,-175.6,-185.30375
2007,18,Reynolds Cleared,34.6597,-106.7421,-134.025,-142.97222222222226
2007,19,Reynolds Forest,34.6605,-106.743,-122.75833333333334,-130.22083333333333
2007,20,Route 66,35.1006,-106.6915,-104.85227272727272,-106.26666666666667
2007,21,Badger,35.1956,-106.6402,-255.51875,-263.68333333333334
2007,22,Bobcat,35.1971,-106.6439,-127.18125,-142.69375
2007,23,BioPark,35.079,-106.668,-144.33,.
2008,1,Alameda,35.1875,-106.6459,-263.0183333333333,-265.87166666666667
2008,2,Rio Grande Nature Center,35.127,-106.6854,-197.82833333333332,-201.835
2008,3,Los Lunas,34.8124,-106.7145,-122.025,-127.185
2008,4,Belen,34.6484,-106.7377,-99.77916666666667,-116.55
2008,6,Savannah,35.1429,-106.682,-109.695,-119.99958333333333
2008,7,Lemitar,34.167,-106.8899,-259.98097222222225,-261.36375
2008,8,Hispanic Cultural Center,35.0688,-106.6581,-123.83166666666666,-134.16166666666666
2008,10,Diversion,35.1908,-106.6429,-220.13833333333332,-223.79833333333335
2008,11,Calabacillas,35.1906,-106.6492,-120.355,-126.39666666666666
2008,12,Minnow,35.1932,-106.6469,-119.62666666666667,-126.57166666666667
2008,13,Harrison,35.0151,-106.6737,-86.47166666666666,-99.965
2008,14,Sevilleta,34.2583,-106.8832,-109.66333333333334,-131.29
2008,15,Valencia Cleared,34.6486,-106.7392,-80.86458333333333,-94.5
2008,16,Valencia Forest,34.6472,-106.7385,-136.02736111111116,-151.74333333333334
2008,17,Montano,35.1453,-106.6804,-165.725,-175.6
2008,18,Reynolds Cleared,34.6597,-106.7421,-111.575,-134.025
2008,19,Reynolds Forest,34.6605,-106.743,-105.2,-122.75833333333334
2008,20,Route 66,35.1006,-106.6915,-106.07249999999998,-104.85227272727272
2008,21,Badger,35.1956,-106.6402,-238.925,-255.51875
2008,22,Bobcat,35.1971,-106.6439,-118.625,-127.18125
2008,23,BioPark,35.079,-106.668,-140.64166666666665,-144.33
2008,25,Crawford,34.6384,-106.7428,-132.94,.
2009,1,Alameda,35.1875,-106.6459,-266.33958333333334,-263.0183333333333
2009,2,Rio Grande Nature Center,35.127,-106.6854,-196.67666666666668,-197.82833333333332
2009,3,Los Lunas,34.8124,-106.7145,-128.38333333333333,-122.025
2009,4,Belen,34.6484,-106.7377,-109.27727272727273,-99.77916666666667
2009,6,Savannah,35.1429,-106.682,-110.67875,-109.695
2009,7,Lemitar,34.167,-106.8899,-269.7341666666666,-259.98097222222225
2009,8,Hispanic Cultural Center,35.0688,-106.6581,-127.24833333333333,-123.83166666666666
2009,10,Diversion,35.1908,-106.6429,-225.11333333333334,-220.13833333333332
2009,11,Calabacillas,35.1906,-106.6492,-133.27166666666668,-120.355
2009,12,Minnow,35.1932,-106.6469,-133.32666666666665,-119.62666666666667
2009,13,Harrison,35.0151,-106.6737,-97.105,-86.47166666666666
2009,14,Sevilleta,34.2583,-106.8832,-130.12166666666667,-109.66333333333334
2009,15,Valencia Cleared,34.6486,-106.7392,-91.73333333333333,-80.86458333333333
2009,16,Valencia Forest,34.6472,-106.7385,-147.60166666666666,-136.02736111111116
2009,17,Montano,35.1453,-106.6804,-167,-165.725
2009,18,Reynolds Cleared,34.6597,-106.7421,-121.63333333333333,-111.575
2009,19,Reynolds Forest,34.6605,-106.743,-115.19166666666666,-105.2
2009,20,Route 66,35.1006,-106.6915,-104.9,-106.07249999999998
2009,21,Badger,35.1956,-106.6402,-236.73333333333335,-238.925
2009,22,Bobcat,35.1971,-106.6439,-117.30666666666667,-118.625
2009,23,BioPark,35.079,-106.668,-141.05833333333334,-140.64166666666665
2009,25,Crawford,34.6384,-106.7428,-116.48,-132.94
2010,1,Alameda,35.1875,-106.6459,-272.31458333333336,-266.33958333333334
2010,2,Rio Grande Nature Center,35.127,-106.6854,-191.945,-196.67666666666668
2010,3,Los Lunas,34.8124,-106.7145,-137.39166666666668,-128.38333333333333
2010,4,Belen,34.6484,-106.7377,-120.03,-109.27727272727273
2010,6,Savannah,35.1429,-106.682,-109.995,-110.67875
2010,7,Lemitar,34.167,-106.8899,-274.10541666666666,-269.7341666666666
2010,8,Hispanic Cultural Center,35.0688,-106.6581,-127.38041666666666,-127.24833333333333
2010,10,Diversion,35.1908,-106.6429,-234.51333333333332,-225.11333333333334
2010,11,Calabacillas,35.1906,-106.6492,-148.10500000000002,-133.27166666666668
2010,12,Minnow,35.1932,-106.6469,-146.985,-133.32666666666665
2010,13,Harrison,35.0151,-106.6737,-97.21666666666667,-97.105
2010,14,Sevilleta,34.2583,-106.8832,-143.21333333333334,-130.12166666666667
2010,15,Valencia Cleared,34.6486,-106.7392,-93.225,-91.73333333333333
2010,16,Valencia Forest,34.6472,-106.7385,-151.29500000000002,-147.60166666666666
2010,17,Montano,35.1453,-106.6804,-168.69583333333333,-167
2010,18,Reynolds Cleared,34.6597,-106.7421,-122.825,-121.63333333333333
2010,19,Reynolds Forest,34.6605,-106.743,-117.69444444444441,-115.19166666666666
2010,20,Route 66,35.1006,-106.6915,-103.66944444444444,-104.9
2010,21,Badger,35.1956,-106.6402,-236.93333333333334,-236.73333333333335
2010,22,Bobcat,35.1971,-106.6439,-112.625,-117.30666666666667
2010,23,BioPark,35.079,-106.668,-137.17083333333335,-141.05833333333334
2010,25,Crawford,34.6384,-106.7428,-122.80666666666667,-116.48
2011,1,Alameda,35.1875,-106.6459,-282.6575,-272.31458333333336
2011,2,Rio Grande Nature Center,35.127,-106.6854,-199.20333333333332,-191.945
2011,3,Los Lunas,34.8124,-106.7145,-148.48333333333335,-137.39166666666668
2011,4,Belen,34.6484,-106.7377,-134.43333333333334,-120.03
2011,6,Savannah,35.1429,-106.682,-115.60333333333332,-109.995
2011,7,Lemitar,34.167,-106.8899,-275.78875,-274.10541666666666
2011,8,Hispanic Cultural Center,35.0688,-106.6581,-133.00541666666666,-127.38041666666666
2011,10,Diversion,35.1908,-106.6429,-244.78,-234.51333333333332
2011,11,Calabacillas,35.1906,-106.6492,-168.78541666666666,-148.10500000000002
2011,12,Minnow,35.1932,-106.6469,-162.01333333333335,-146.985
2011,13,Harrison,35.0151,-106.6737,-109.12166666666667,-97.21666666666667
2011,14,Sevilleta,34.2583,-106.8832,-157.94625,-143.21333333333334
2011,15,Valencia Cleared,34.6486,-106.7392,-107.9,-93.225
2011,16,Valencia Forest,34.6472,-106.7385,-167.46545454545455,-151.29500000000002
2011,17,Montano,35.1453,-106.6804,-173.775,-168.69583333333333
2011,18,Reynolds Cleared,34.6597,-106.7421,-143.9,-122.825
2011,19,Reynolds Forest,34.6605,-106.743,-134.03333333333333,-117.69444444444441
2011,20,Route 66,35.1006,-106.6915,-108.66666666666667,-103.66944444444444
2011,21,Badger,35.1956,-106.6402,-238.625,-236.93333333333334
2011,22,Bobcat,35.1971,-106.6439,-111.28333333333333,-112.625
2011,23,BioPark,35.079,-106.668,-145.16666666666666,-137.17083333333335
2011,25,Crawford,34.6384,-106.7428,-143.77954545454546,-122.80666666666667
2011,26,Mesilla,32.2483,-106.821,-119.44285714285714,.
2012,1,Alameda,35.1875,-106.6459,-286.37666666666667,-282.6575
2012,2,Rio Grande Nature Center,35.127,-106.6854,-202.02,-199.20333333333332
2012,3,Los Lunas,34.8124,-106.7145,-164.8173611111111,-148.48333333333335
2012,4,Belen,34.6484,-106.7377,-133.86363636363637,-134.43333333333334
2012,6,Savannah,35.1429,-106.682,-117.23666666666666,-115.60333333333332
2012,7,Lemitar,34.167,-106.8899,-278.4440277777777,-275.78875
2012,8,Hispanic Cultural Center,35.0688,-106.6581,-135.715,-133.00541666666666
2012,10,Diversion,35.1908,-106.6429,-246.79833333333335,-244.78
2012,11,Calabacillas,35.1906,-106.6492,-169.92916666666667,-168.78541666666666
2012,12,Minnow,35.1932,-106.6469,-156.385,-162.01333333333335
2012,13,Harrison,35.0151,-106.6737,-110.78,-109.12166666666667
2012,14,Sevilleta,34.2583,-106.8832,-181.56666666666666,-157.94625
2012,15,Valencia Cleared,34.6486,-106.7392,-108.70208333333333,-107.9
2012,16,Valencia Forest,34.6472,-106.7385,-167.02833333333334,-167.46545454545455
2012,17,Montano,35.1453,-106.6804,-175.30833333333334,-173.775
2012,18,Reynolds Cleared,34.6597,-106.7421,-141.425,-143.9
2012,19,Reynolds Forest,34.6605,-106.743,-132.23958333333334,-134.03333333333333
2012,20,Route 66,35.1006,-106.6915,-110.24166666666667,-108.66666666666667
2012,21,Badger,35.1956,-106.6402,-241.2,-238.625
2012,22,Bobcat,35.1971,-106.6439,-112.35,-111.28333333333333
2012,23,BioPark,35.079,-106.668,-144.98333333333332,-145.16666666666666
2012,25,Crawford,34.6384,-106.7428,-143.33361111111108,-143.77954545454546
2012,26,Mesilla,32.2483,-106.821,-137.64545454545456,-119.44285714285714
2012,27,Bosque Farm,34.8489,-106.7147,-130.78227272727273,.
2013,1,Alameda,35.1875,-106.6459,-290.10041666666666,-286.37666666666667
2013,2,Rio Grande Nature Center,35.127,-106.6854,-201.80333333333334,-202.02
2013,3,Los Lunas,34.8124,-106.7145,-153.03541666666666,-164.8173611111111
2013,4,Belen,34.6484,-106.7377,-133.575,-133.86363636363637
2013,6,Savannah,35.1429,-106.682,-118.23,-117.23666666666666
2013,7,Lemitar,34.167,-106.8899,-279.1106944444444,-278.4440277777777
2013,8,Hispanic Cultural Center,35.0688,-106.6581,-133.3309090909091,-135.715
2013,10,Diversion,35.1908,-106.6429,-248.66333333333333,-246.79833333333335
2013,11,Calabacillas,35.1906,-106.6492,-176.72916666666666,-169.92916666666667
2013,12,Minnow,35.1932,-106.6469,-164.22666666666666,-156.385
2013,13,Harrison,35.0151,-106.6737,-114.96833333333333,-110.78
2013,14,Sevilleta,34.2583,-106.8832,-170.51666666666668,-181.56666666666666
2013,15,Valencia Cleared,34.6486,-106.7392,-110.66666666666667,-108.70208333333333
2013,16,Valencia Forest,34.6472,-106.7385,-168.17454545454547,-167.02833333333334
2013,17,Montano,35.1453,-106.6804,-175.39166666666665,-175.30833333333334
2013,18,Reynolds Cleared,34.6597,-106.7421,-140.55833333333334,-141.425
2013,19,Reynolds Forest,34.6605,-106.743,-133.025,-132.23958333333334
2013,20,Route 66,35.1006,-106.6915,-112.89666666666666,-110.24166666666667
2013,21,Badger,35.1956,-106.6402,-244.35833333333332,-241.2
2013,22,Bobcat,35.1971,-106.6439,-115.24166666666666,-112.35
2013,23,BioPark,35.079,-106.668,-148.83333333333334,-144.98333333333332
2013,25,Crawford,34.6384,-106.7428,-142.97727272727272,-143.33361111111108
2013,26,Mesilla,32.2483,-106.821,.,-137.64545454545456
2013,27,Bosque Farm,34.8489,-106.7147,-117.98722222222221,-130.78227272727273
2014,1,Alameda,35.1875,-106.6459,-279.68333333333334,-290.10041666666666
2014,2,Rio Grande Nature Center,35.127,-106.6854,-195.73666666666668,-201.80333333333334
2014,3,Los Lunas,34.8124,-106.7145,-152.51833333333332,-153.03541666666666
2014,4,Belen,34.6484,-106.7377,-131.07333333333332,-133.575
2014,6,Savannah,35.1429,-106.682,-108.71833333333333,-118.23
2014,7,Lemitar,34.167,-106.8899,-271.9266666666667,-279.1106944444444
2014,8,Hispanic Cultural Center,35.0688,-106.6581,-131.77,-133.3309090909091
2014,10,Diversion,35.1908,-106.6429,-242.11333333333334,-248.66333333333333
2014,11,Calabacillas,35.1906,-106.6492,-168.28,-176.72916666666666
2014,12,Minnow,35.1932,-106.6469,-158.94333333333333,-164.22666666666666
2014,13,Harrison,35.0151,-106.6737,-110.11333333333333,-114.96833333333333
2014,14,Sevilleta,34.2583,-106.8832,-182.57333333333332,-170.51666666666668
2014,15,Valencia Cleared,34.6486,-106.7392,-104.28708333333333,-110.66666666666667
2014,16,Valencia Forest,34.6472,-106.7385,-163.18666666666667,-168.17454545454547
2014,17,Montano,35.1453,-106.6804,-165.61818181818182,-175.39166666666665
2014,18,Reynolds Cleared,34.6597,-106.7421,-135.05416666666667,-140.55833333333334
2014,19,Reynolds Forest,34.6605,-106.743,-128.05833333333334,-133.025
2014,20,Route 66,35.1006,-106.6915,-110.2,-112.89666666666666
2014,21,Badger,35.1956,-106.6402,-237.24666666666667,-244.35833333333332
2014,22,Bobcat,35.1971,-106.6439,-108.505,-115.24166666666666
2014,23,BioPark,35.079,-106.668,-151.70833333333334,-148.83333333333334
2014,25,Crawford,34.6384,-106.7428,-141.77208333333334,-142.97727272727272
2014,26,Mesilla,32.2483,-106.821,-162.0375,.
2014,27,Bosque Farm,34.8489,-106.7147,-120.740625,-117.98722222222221
2014,28,Valle de Oro,34.979,-106.6801,-127.65833333333333,.
2014,29,Albuquerque Overbank Project,35.0455,-106.6657,-108.67703703703708,.
2014,30,State Land Office,34.9679,-106.6856,-122.89142857142858,.
2015,1,Alameda,35.1875,-106.6459,-262.5833333333333,-279.68333333333334
2015,2,Rio Grande Nature Center,35.127,-106.6854,-184.48666666666668,-195.73666666666668
2015,3,Los Lunas,34.8124,-106.7145,-129.97333333333333,-152.51833333333332
2015,4,Belen,34.6484,-106.7377,-113.00166666666667,-131.07333333333332
2015,6,Savannah,35.1429,-106.682,-97.32666666666667,-108.71833333333333
2015,7,Lemitar,34.167,-106.8899,-267.51166666666666,-271.9266666666667
2015,8,Hispanic Cultural Center,35.0688,-106.6581,-117.93166666666667,-131.77
2015,10,Diversion,35.1908,-106.6429,-223.26333333333332,-242.11333333333334
2015,11,Calabacillas,35.1906,-106.6492,-139.61708333333334,-168.28
2015,12,Minnow,35.1932,-106.6469,-139.70291666666665,-158.94333333333333
2015,13,Harrison,35.0151,-106.6737,-95.7875,-110.11333333333333
2015,14,Sevilleta,34.2583,-106.8832,-165.73833333333334,-182.57333333333332
2015,15,Valencia Cleared,34.6486,-106.7392,-90.08,-104.28708333333333
2015,16,Valencia Forest,34.6472,-106.7385,-150.46166666666667,-163.18666666666667
2015,17,Montano,35.1453,-106.6804,-155.625,-165.61818181818182
2015,18,Reynolds Cleared,34.6597,-106.7421,-114.92,-135.05416666666667
2015,19,Reynolds Forest,34.6605,-106.743,-111.99166666666667,-128.05833333333334
2015,20,Route 66,35.1006,-106.6915,-100.34833333333333,-110.2
2015,21,Badger,35.1956,-106.6402,-229.75208333333333,-237.24666666666667
2015,22,Bobcat,35.1971,-106.6439,-98.37833333333333,-108.505
2015,23,BioPark,35.079,-106.668,-134.21,-151.70833333333334
2015,25,Crawford,34.6384,-106.7428,-120.7375,-141.77208333333334
2015,26,Mesilla,32.2483,-106.821,-175.315,-162.0375
2015,27,Bosque Farm,34.8489,-106.7147,.,-120.740625
2015,28,Valle de Oro,34.979,-106.6801,-130.28958333333333,-127.65833333333333
2015,29,Albuquerque Overbank Project,35.0455,-106.6657,-101.54,-108.67703703703708
2015,30,State Land Office,34.9679,-106.6856,-126.23166666666667,-122.89142857142858
2015,31,San Jose,35.0124,-106.6728,-55.1,.
2016,1,Alameda,35.1875,-106.6459,-268.465,-262.5833333333333
2016,2,Rio Grande Nature Center,35.127,-106.6854,-183.38666666666666,-184.48666666666668
2016,3,Los Lunas,34.8124,-106.7145,-149.525,-129.97333333333333
2016,4,Belen,34.6484,-106.7377,-123.37333333333333,-113.00166666666667
2016,6,Savannah,35.1429,-106.682,-101.27272727272727,-97.32666666666667
2016,7,Lemitar,34.167,-106.8899,-274.04833333333335,-267.51166666666666
2016,8,Hispanic Cultural Center,35.0688,-106.6581,-122.77333333333334,-117.93166666666667
2016,10,Diversion,35.1908,-106.6429,-230.3975,-223.26333333333332
2016,11,Calabacillas,35.1906,-106.6492,-154.02958333333333,-139.61708333333334
2016,12,Minnow,35.1932,-106.6469,-151.32666666666668,-139.70291666666665
2016,13,Harrison,35.0151,-106.6737,-109.205,-95.7875
2016,14,Sevilleta,34.2583,-106.8832,-190.93,-165.73833333333334
2016,15,Valencia Cleared,34.6486,-106.7392,-100.17999999999999,-90.08
2016,16,Valencia Forest,34.6472,-106.7385,-156.25333333333333,-150.46166666666667
2016,17,Montano,35.1453,-106.6804,-156.76833333333335,-155.625
2016,18,Reynolds Cleared,34.6597,-106.7421,-123.99666666666667,-114.92
2016,19,Reynolds Forest,34.6605,-106.743,-119.59166666666667,-111.99166666666667
2016,20,Route 66,35.1006,-106.6915,-106.98666666666666,-100.34833333333333
2016,21,Badger,35.1956,-106.6402,-232.8,-229.75208333333333
2016,22,Bobcat,35.1971,-106.6439,-101.22,-98.37833333333333
2016,23,BioPark,35.079,-106.668,-138.15833333333333,-134.21
2016,25,Crawford,34.6384,-106.7428,-138.65166666666667,-120.7375
2016,26,Mesilla,32.2483,-106.821,-159.4725,-175.315
2016,27,Bosque Farm,34.8489,-106.7147,-116.58263888888884,.
2016,28,Valle de Oro,34.979,-106.6801,-128.31166666666667,-130.28958333333333
2016,29,Albuquerque Overbank Project,35.0455,-106.6657,-102.8025,-101.54
2016,30,State Land Office,34.9679,-106.6856,-135.53541666666666,-126.23166666666667
2016,31,San Jose,35.0124,-106.6728,-102.19166666666666,-55.1
2017,1,Alameda,35.1875,-106.6459,-255.82333333333332,-268.465
2017,2,Rio Grande Nature Center,35.127,-106.6854,-174.77666666666667,-183.38666666666666
2017,3,Los Lunas,34.8124,-106.7145,-132.475,-149.525
2017,4,Belen,34.6484,-106.7377,-93.55166666666666,-123.37333333333333
2017,6,Savannah,35.1429,-106.682,-87.99541666666667,-101.27272727272727
2017,7,Lemitar,34.167,-106.8899,-278.79833333333335,-274.04833333333335
2017,8,Hispanic Cultural Center,35.0688,-106.6581,-105.36545454545454,-122.77333333333334
2017,10,Diversion,35.1908,-106.6429,-216.82181818181817,-230.3975
2017,11,Calabacillas,35.1906,-106.6492,-133.42727272727274,-154.02958333333333
2017,12,Minnow,35.1932,-106.6469,-139.96,-151.32666666666668
2017,13,Harrison,35.0151,-106.6737,-84.26333333333334,-109.205
2017,14,Sevilleta,34.2583,-106.8832,-170.83,-190.93
2017,15,Valencia Cleared,34.6486,-106.7392,-81.41666666666667,-100.17999999999999
2017,16,Valencia Forest,34.6472,-106.7385,-133.32,-156.25333333333333
2017,17,Montano,35.1453,-106.6804,-143.41333333333333,-156.76833333333335
2017,18,Reynolds Cleared,34.6597,-106.7421,-103.11208333333333,-123.99666666666667
2017,19,Reynolds Forest,34.6605,-106.743,-100.3,-119.59166666666667
2017,20,Route 66,35.1006,-106.6915,-93.67916666666666,-106.98666666666666
2017,21,Badger,35.1956,-106.6402,-232.24666666666667,-232.8
2017,22,Bobcat,35.1971,-106.6439,-93.77454545454546,-101.22
2017,23,BioPark,35.079,-106.668,-119.505,-138.15833333333333
2017,25,Crawford,34.6384,-106.7428,-109.27833333333334,-138.65166666666667
2017,26,Mesilla,32.2483,-106.821,-133.35,-159.4725
2017,27,Bosque Farm,34.8489,-106.7147,-90.87333333333333,-116.58263888888884
2017,28,Valle de Oro,34.979,-106.6801,-112.80375,-128.31166666666667
2017,29,Albuquerque Overbank Project,35.0455,-106.6657,-80.05,-102.8025
2017,30,State Land Office,34.9679,-106.6856,-125.57111111111111,-135.53541666666666
2017,31,San Jose,35.0124,-106.6728,-73.37291666666667,-102.19166666666666
2018,1,Alameda,35.1875,-106.6459,-292.12333333333333,-255.82333333333332
2018,2,Rio Grande Nature Center,35.127,-106.6854,-187.66833333333335,-174.77666666666667
2018,3,Los Lunas,34.8124,-106.7145,-166.69666666666666,-132.475
2018,4,Belen,34.6484,-106.7377,-140.19666666666666,-93.55166666666666
2018,6,Savannah,35.1429,-106.682,-112.08666666666667,-87.99541666666667
2018,7,Lemitar,34.167,-106.8899,-289.765,-278.79833333333335
2018,8,Hispanic Cultural Center,35.0688,-106.6581,-131.42291666666665,-105.36545454545454
2018,10,Diversion,35.1908,-106.6429,-264.49833333333333,-216.82181818181817
2018,11,Calabacillas,35.1906,-106.6492,-191.23818181818183,-133.42727272727274
2018,12,Minnow,35.1932,-106.6469,-187.70833333333334,-139.96
2018,13,Harrison,35.0151,-106.6737,-119.73,-84.26333333333334
2018,14,Sevilleta,34.2583,-106.8832,-183.15041666666667,-170.83
2018,15,Valencia Cleared,34.6486,-106.7392,-113.425,-81.41666666666667
2018,16,Valencia Forest,34.6472,-106.7385,-168.6225,-133.32
2018,17,Montano,35.1453,-106.6804,-169.48,-143.41333333333333
2018,18,Reynolds Cleared,34.6597,-106.7421,-146.26166666666666,-103.11208333333333
2018,19,Reynolds Forest,34.6605,-106.743,-141.19166666666666,-100.3
2018,20,Route 66,35.1006,-106.6915,-117.53333333333333,-93.67916666666666
2018,21,Badger,35.1956,-106.6402,-259.6716666666667,-232.24666666666667
2018,22,Bobcat,35.1971,-106.6439,-120.28999999999999,-93.77454545454546
2018,23,BioPark,35.079,-106.668,-140.78666666666666,-119.505
2018,25,Crawford,34.6384,-106.7428,-154.25333333333333,-109.27833333333334
2018,26,Mesilla,32.2483,-106.821,-108.01777777777778,-133.35
2018,27,Bosque Farm,34.8489,-106.7147,-147.35833333333332,-90.87333333333333
2018,28,Valle de Oro,34.979,-106.6801,-125.095,-112.80375
2018,29,Albuquerque Overbank Project,35.0455,-106.6657,-109.835,-80.05
2018,30,State Land Office,34.9679,-106.6856,-137.87361111111107,-125.57111111111111
2018,31,San Jose,35.0124,-106.6728,-111.38333333333334,-73.37291666666667
2018,33,Bosque del Apache,33.8197,-106.8539,-309.022,.
2019,1,Alameda,35.1875,-106.6459,-251.9375,-292.12333333333333
2019,2,Rio Grande Nature Center,35.127,-106.6854,-165.38208333333333,-187.66833333333335
2019,3,Los Lunas,34.8124,-106.7145,-113.7969696969697,-166.69666666666666
2019,4,Belen,34.6484,-106.7377,-85.04333333333334,-140.19666666666666
2019,6,Savannah,35.1429,-106.682,-79.02,-112.08666666666667
2019,7,Lemitar,34.167,-106.8899,-267.865,-289.765
2019,8,Hispanic Cultural Center,35.0688,-106.6581,-101.095,-131.42291666666665
2019,10,Diversion,35.1908,-106.6429,-217.45666666666668,-264.49833333333333
2019,11,Calabacillas,35.1906,-106.6492,-134.42,-191.23818181818183
2019,12,Minnow,35.1932,-106.6469,-134.645,-187.70833333333334
2019,13,Harrison,35.0151,-106.6737,-93.805,-119.73
2019,14,Sevilleta,34.2583,-106.8832,-160.13,-183.15041666666667
2019,15,Valencia Cleared,34.6486,-106.7392,-71.93333333333334,-113.425
2019,16,Valencia Forest,34.6472,-106.7385,-124.73916666666666,-168.6225
2019,17,Montano,35.1453,-106.6804,-134.06333333333333,-169.48
2019,18,Reynolds Cleared,34.6597,-106.7421,-98.06833333333333,-146.26166666666666
2019,19,Reynolds Forest,34.6605,-106.743,-97.01666666666667,-141.19166666666666
2019,20,Route 66,35.1006,-106.6915,-90.47847222222222,-117.53333333333333
2019,21,Badger,35.1956,-106.6402,-211.54666666666668,-259.6716666666667
2019,22,Bobcat,35.1971,-106.6439,-89.63166666666666,-120.28999999999999
2019,23,BioPark,35.079,-106.668,-112.39277777777778,-140.78666666666666
2019,25,Crawford,34.6384,-106.7428,-99.30333333333333,-154.25333333333333
2019,26,Mesilla,32.2483,-106.821,-125.78999999999999,-108.01777777777778
2019,27,Bosque Farm,34.8489,-106.7147,-83.13472222222222,-147.35833333333332
2019,28,Valle de Oro,34.979,-106.6801,-122.095,-125.095
2019,29,Albuquerque Overbank Project,35.0455,-106.6657,-74.785,-109.835
2019,30,State Land Office,34.9679,-106.6856,-116.90416666666667,-137.87361111111107
2019,31,San Jose,35.0124,-106.6728,-77.03958333333333,-111.38333333333334
2019,33,Bosque del Apache,33.8197,-106.8539,-227.639,-309.022
2019,34,River Realignment,33.8227,-106.8419,.,.
2020,1,Alameda,35.1875,-106.6459,-277.7841666666667,-251.9375
2020,2,Rio Grande Nature Center,35.127,-106.6854,-189.74333333333334,-165.38208333333333
2020,3,Los Lunas,34.8124,-106.7145,-161.1,-113.7969696969697
2020,4,Belen,34.6484,-106.7377,-145.30416666666667,-85.04333333333334
2020,6,Savannah,35.1429,-106.682,-111.895,-79.02
2020,7,Lemitar,34.167,-106.8899,-273.9916666666667,-267.865
2020,8,Hispanic Cultural Center,35.0688,-106.6581,-135.65333333333334,-101.095
2020,10,Diversion,35.1908,-106.6429,-251.50125,-217.45666666666668
2020,11,Calabacillas,35.1906,-106.6492,-174.65833333333333,-134.42
2020,12,Minnow,35.1932,-106.6469,-165.21166666666667,-134.645
2020,13,Harrison,35.0151,-106.6737,-142.82999999999998,-93.805
2020,14,Sevilleta,34.2583,-106.8832,-187.50916666666666,-160.13
2020,15,Valencia Cleared,34.6486,-106.7392,-116.15,-71.93333333333334
2020,16,Valencia Forest,34.6472,-106.7385,-170.795,-124.73916666666666
2020,17,Montano,35.1453,-106.6804,-165.27541666666667,-134.06333333333333
2020,18,Reynolds Cleared,34.6597,-106.7421,-155.86,-98.06833333333333
2020,19,Reynolds Forest,34.6605,-106.743,-149.725,-97.01666666666667
2020,20,Route 66,35.1006,-106.6915,-112.25,-90.47847222222222
2020,21,Badger,35.1956,-106.6402,-240.255,-211.54666666666668
2020,22,Bobcat,35.1971,-106.6439,-122.04,-89.63166666666666
2020,23,BioPark,35.079,-106.668,-143.98833333333334,-112.39277777777778
2020,25,Crawford,34.6384,-106.7428,-157.14541666666668,-99.30333333333333
2020,26,Mesilla,32.2483,-106.821,-102.47333333333333,-125.78999999999999
2020,27,Bosque Farm,34.8489,-106.7147,-146.88958333333332,-83.13472222222222
2020,28,Valle de Oro,34.979,-106.6801,.,-122.095
2020,29,Albuquerque Overbank Project,35.0455,-106.6657,-107.44333333333333,-74.785
2020,30,State Land Office,34.9679,-106.6856,-133.9775,-116.90416666666667
2020,31,San Jose,35.0124,-106.6728,-118.3,-77.03958333333333
2020,33,Bosque del Apache,33.8197,-106.8539,-318.024375,-227.639
2020,34,River Realignment,33.8227,-106.8419,.,.
2021,1,Alameda,35.1875,-106.6459,-277.0941666666667,-277.7841666666667
2021,2,Rio Grande Nature Center,35.127,-106.6854,-192.20166666666665,-189.74333333333334
2021,3,Los Lunas,34.8124,-106.7145,-156.6555555555556,-161.1
2021,4,Belen,34.6484,-106.7377,-128.56583333333333,-145.30416666666667
2021,6,Savannah,35.1429,-106.682,-116.11166666666666,-111.895
2021,7,Lemitar,34.167,-106.8899,-284.9843939393939,-273.9916666666667
2021,8,Hispanic Cultural Center,35.0688,-106.6581,-140.62,-135.65333333333334
2021,10,Diversion,35.1908,-106.6429,-246.74833333333333,-251.50125
2021,11,Calabacillas,35.1906,-106.6492,-170.39916666666667,-174.65833333333333
2021,12,Minnow,35.1932,-106.6469,-163.095,-165.21166666666667
2021,13,Harrison,35.0151,-106.6737,-143.41333333333333,-142.82999999999998
2021,14,Sevilleta,34.2583,-106.8832,-197.33833333333334,-187.50916666666666
2021,15,Valencia Cleared,34.6486,-106.7392,-112.1,-116.15
2021,16,Valencia Forest,34.6472,-106.7385,-165.2,-170.795
2021,17,Montano,35.1453,-106.6804,-168.26333333333332,-165.27541666666667
2021,18,Reynolds Cleared,34.6597,-106.7421,-145.585,-155.86
2021,19,Reynolds Forest,34.6605,-106.743,-140.56666666666666,-149.725
2021,20,Route 66,35.1006,-106.6915,-115.175,-112.25
2021,21,Badger,35.1956,-106.6402,-246.11333333333334,-240.255
2021,22,Bobcat,35.1971,-106.6439,-130.09083333333334,-122.04
2021,23,BioPark,35.079,-106.668,-146.75083333333333,-143.98833333333334
2021,25,Crawford,34.6384,-106.7428,-142.73666666666668,-157.14541666666668
2021,26,Mesilla,32.2483,-106.821,-191.74,-102.47333333333333
2021,27,Bosque Farm,34.8489,-106.7147,-137.2375,-146.88958333333332
2021,28,Valle de Oro,34.979,-106.6801,.,.
2021,29,Albuquerque Overbank Project,35.0455,-106.6657,-110.64333333333333,-107.44333333333333
2021,30,State Land Office,34.9679,-106.6856,-143.745,-133.9775
2021,31,San Jose,35.0124,-106.6728,-115.33125,-118.3
2021,33,Bosque del Apache,33.8197,-106.8539,-365.8363636363636,-318.024375
2021,34,River Realignment,33.8227,-106.8419,.,.
2022,1,Alameda,35.1875,-106.6459,-274.6325,-277.0941666666667
2022,2,Rio Grande Nature Center,35.127,-106.6854,-190.80833333333334,-192.20166666666665
2022,3,Los Lunas,34.8124,-106.7145,-149.63083333333333,-156.6555555555556
2022,4,Belen,34.6484,-106.7377,-123.505,-128.56583333333333
2022,6,Savannah,35.1429,-106.682,-117.075,-116.11166666666666
2022,7,Lemitar,34.167,-106.8899,-293.84041666666667,-284.9843939393939
2022,8,Hispanic Cultural Center,35.0688,-106.6581,-131.45833333333334,-140.62
2022,10,Diversion,35.1908,-106.6429,-250.30833333333334,-246.74833333333333
2022,11,Calabacillas,35.1906,-106.6492,-169.625,-170.39916666666667
2022,12,Minnow,35.1932,-106.6469,-166.97833333333332,-163.095
2022,13,Harrison,35.0151,-106.6737,-142.58833333333334,-143.41333333333333
2022,14,Sevilleta,34.2583,-106.8832,-148.905,-197.33833333333334
2022,15,Valencia Cleared,34.6486,-106.7392,-108.235,-112.1
2022,16,Valencia Forest,34.6472,-106.7385,-161.30666666666667,-165.2
2022,17,Montano,35.1453,-106.6804,-167,-168.26333333333332
2022,18,Reynolds Cleared,34.6597,-106.7421,-146.98333333333338,-145.585
2022,19,Reynolds Forest,34.6605,-106.743,-139.37454545454545,-140.56666666666666
2022,20,Route 66,35.1006,-106.6915,-113.36666666666666,-115.175
2022,21,Badger,35.1956,-106.6402,-251.1375,-246.11333333333334
2022,22,Bobcat,35.1971,-106.6439,-124.84916666666666,-130.09083333333334
2022,23,BioPark,35.079,-106.668,-133.74666666666667,-146.75083333333333
2022,25,Crawford,34.6384,-106.7428,-135.40166666666667,-142.73666666666668
2022,26,Mesilla,32.2483,-106.821,-179.64,-191.74
2022,27,Bosque Farm,34.8489,-106.7147,-131.56875,-137.2375
2022,28,Valle de Oro,34.979,-106.6801,-127.03,.
2022,29,Albuquerque Overbank Project,35.0455,-106.6657,-110.725,-110.64333333333333
2022,30,State Land Office,34.9679,-106.6856,-131.8,-143.745
2022,31,San Jose,35.0124,-106.6728,-108.86666666666667,-115.33125
2022,33,Bosque del Apache,33.8197,-106.8539,-392.6388888888889,-365.8363636363636
2022,34,River Realignment,33.8227,-106.8419,.,.
2023,1,Alameda,35.1875,-106.6459,-254.25166666666667,-274.6325
2023,2,Rio Grande Nature Center,35.127,-106.6854,-179.55833333333334,-190.80833333333334
2023,3,Los Lunas,34.8124,-106.7145,-102.75045454545455,-149.63083333333333
2023,4,Belen,34.6484,-106.7377,-73.19222222222223,-123.505
2023,6,Savannah,35.1429,-106.682,-95.92708333333333,-117.075
2023,7,Lemitar,34.167,-106.8899,-282.75666666666666,-293.84041666666667
2023,8,Hispanic Cultural Center,35.0688,-106.6581,-112.22916666666667,-131.45833333333334
2023,10,Diversion,35.1908,-106.6429,-224.59166666666667,-250.30833333333334
2023,11,Calabacillas,35.1906,-106.6492,-144.21666666666667,-169.625
2023,12,Minnow,35.1932,-106.6469,-139.79500000000002,-166.97833333333332
2023,13,Harrison,35.0151,-106.6737,-105.48,-142.58833333333334
2023,14,Sevilleta,34.2583,-106.8832,-139.92166666666668,-148.905
2023,15,Valencia Cleared,34.6486,-106.7392,-79.76,-108.235
2023,16,Valencia Forest,34.6472,-106.7385,-129.8581818181818,-161.30666666666667
2023,17,Montano,35.1453,-106.6804,-143.55833333333334,-167
2023,18,Reynolds Cleared,34.6597,-106.7421,-109.48333333333333,-146.98333333333338
2023,19,Reynolds Forest,34.6605,-106.743,-108.50166666666667,-139.37454545454545
2023,20,Route 66,35.1006,-106.6915,-96.70833333333333,-113.36666666666666
2023,21,Badger,35.1956,-106.6402,-228.11833333333334,-251.1375
2023,22,Bobcat,35.1971,-106.6439,-104.36857142857143,-124.84916666666666
2023,23,BioPark,35.079,-106.668,-126.85833333333333,-133.74666666666667
2023,25,Crawford,34.6384,-106.7428,-100.36,-135.40166666666667
2023,26,Mesilla,32.2483,-106.821,-223.98285714285714,-179.64
2023,27,Bosque Farm,34.8489,-106.7147,-105.78863636363636,-131.56875
2023,28,Valle de Oro,34.979,-106.6801,-119.97454545454545,-127.03
2023,29,Albuquerque Overbank Project,35.0455,-106.6657,-92.4,-110.725
2023,30,State Land Office,34.9679,-106.6856,-112.65136363636364,-131.8
2023,31,San Jose,35.0124,-106.6728,-75.16666666666667,-108.86666666666667
2023,33,Bosque del Apache,33.8197,-106.8539,-358.3409090909091,-392.6388888888889
2023,34,River Realignment,33.8227,-106.8419,.,.
2024,1,Alameda,35.1875,-106.6459,-278.135,-254.25166666666667
2024,2,Rio Grande Nature Center,35.127,-106.6854,-188.36666666666667,-179.55833333333334
2024,3,Los Lunas,34.8124,-106.7145,-140.3586111111111,-102.75045454545455
2024,4,Belen,34.6484,-106.7377,-124.0528333333333,-73.19222222222223
2024,6,Savannah,35.1429,-106.682,-107.92500000000001,-95.92708333333333
2024,7,Lemitar,34.167,-106.8899,-288.3491666666667,-282.75666666666666
2024,8,Hispanic Cultural Center,35.0688,-106.6581,-142,-112.22916666666667
2024,10,Diversion,35.1908,-106.6429,-248.56666666666666,-224.59166666666667
2024,11,Calabacillas,35.1906,-106.6492,-175.33333333333331,-144.21666666666667
2024,12,Minnow,35.1932,-106.6469,-166.85333333333332,-139.79500000000002
2024,13,Harrison,35.0151,-106.6737,-142.74666666666667,-105.48
2024,14,Sevilleta,34.2583,-106.8832,-176.43833333333333,-139.92166666666668
2024,15,Valencia Cleared,34.6486,-106.7392,-103.46909090909091,-79.76
2024,16,Valencia Forest,34.6472,-106.7385,-161.865,-129.8581818181818
2024,17,Montano,35.1453,-106.6804,-164.08333333333334,-143.55833333333334
2024,18,Reynolds Cleared,34.6597,-106.7421,-131.73333333333335,-109.48333333333333
2024,19,Reynolds Forest,34.6605,-106.743,-136.56,-108.50166666666667
2024,20,Route 66,35.1006,-106.6915,-114.85833333333333,-96.70833333333333
2024,21,Badger,35.1956,-106.6402,-243.96666666666667,-228.11833333333334
2024,22,Bobcat,35.1971,-106.6439,-103.24000000000001,-104.36857142857143
2024,23,BioPark,35.079,-106.668,-138.66666666666666,-126.85833333333333
2024,25,Crawford,34.6384,-106.7428,-136.15166666666667,-100.36
2024,26,Mesilla,32.2483,-106.821,.,-223.98285714285714
2024,27,Bosque Farm,34.8489,-106.7147,-129.95833333333334,-105.78863636363636
2024,28,Valle de Oro,34.979,-106.6801,-121.91166666666666,-119.97454545454545
2024,29,Albuquerque Overbank Project,35.0455,-106.6657,-121.44166666666666,-92.4
2024,30,State Land Office,34.9679,-106.6856,-128.65,-112.65136363636364
2024,31,San Jose,35.0124,-106.6728,-109.10833333333333,-75.16666666666667
2024,33,Bosque del Apache,33.8197,-106.8539,-372.29305555555567,-358.3409090909091
2024,34,River Realignment,33.8227,-106.8419,.,.
2025,1,Alameda,35.1875,-106.6459,-285.73,-278.135
2025,2,Rio Grande Nature Center,35.127,-106.6854,-192.70909090909092,-188.36666666666667
2025,3,Los Lunas,34.8124,-106.7145,-150.39454545454547,-140.3586111111111
2025,4,Belen,34.6484,-106.7377,-100.16499999999999,-124.0528333333333
2025,7,Lemitar,34.167,-106.8899,-293.1140909090909,-288.3491666666667
2025,10,Diversion,35.1908,-106.6429,-251.27777777777777,-248.56666666666666
2025,12,Minnow,35.1932,-106.6469,-172.01166666666666,-166.85333333333332
2025,13,Harrison,35.0151,-106.6737,-145.23454545454544,-142.74666666666667
2025,14,Sevilleta,34.2583,-106.8832,-188.26222222222225,-176.43833333333333
2025,15,Valencia Cleared,34.6486,-106.7392,-104.38,-103.46909090909091
2025,16,Valencia Forest,34.6472,-106.7385,-166.68166666666667,-161.865
2025,17,Montano,35.1453,-106.6804,-168.98181818181817,-164.08333333333334
2025,19,Reynolds Forest,34.6605,-106.743,-141.27351851851853,-136.56
2025,20,Route 66,35.1006,-106.6915,-119.15454545454546,-114.85833333333333
2025,21,Badger,35.1956,-106.6402,-249.37708333333333,-243.96666666666667
2025,23,BioPark,35.079,-106.668,-143.525,-138.66666666666666
2025,25,Crawford,34.6384,-106.7428,-142.56125,-136.15166666666667
2025,27,Bosque Farm,34.8489,-106.7147,-133.36666666666667,-129.95833333333334
2025,28,Valle de Oro,34.979,-106.6801,-135.7342857142857,-121.91166666666666
2025,29,Albuquerque Overbank Project,35.0455,-106.6657,-120.28363636363636,-121.44166666666666
2025,30,State Land Office,34.9679,-106.6856,-132.48,-128.65
2025,31,San Jose,35.0124,-106.6728,-104.94,-109.10833333333333
2025,33,Bosque del Apache,33.8197,-106.8539,-381.79393939393947,-372.29305555555567
